expected_return,volatility,sharpe_ratio,weight_120507,weight_120844,weight_101208,weight_100025,weight_119120
0.04022984237769793,0.013324068156421861,3.0193362796863337,0.27033253718068123,0.15329439230229386,0.29989681525296086,0.24358136226992383,0.03289489299414017
0.03916482650161901,0.013296413467814934,2.945518097524622,0.31458233472476604,0.24542396358810226,0.2534607207214677,0.04130930949822033,0.1452236714674436
0.042905048429547274,0.007948743705303817,5.3977144087459745,0.11559969078493085,0.288927499985812,0.200730866736876,0.25650349211181583,0.1382384503805653
0.044564534619876174,0.0044070629744606335,10.112071208905357,0.09858785174831003,0.24060742084251596,0.027687209883803597,0.3590689942533857,0.2740485232719846
0.04168644340738738,0.010910068235489031,3.820915003243225,0.20189742166277824,0.09441899016842008,0.25852077269632756,0.23786013424674832,0.2073026812257259
0.04343153711820503,0.00520942265548268,8.337111421069917,0.12618377001065284,0.3025740174879495,0.028397867868604966,0.10002547795846915,0.44281886667432363
0.04082920725077618,0.009524959327045359,4.286549249070798,0.2587675386724135,0.3361611624833877,0.11320798901186788,0.12871618884971148,0.1631471209826194
0.042773444258119804,0.010215189877770054,4.1872392750331455,0.11199254769554791,0.07679387773055223,0.2811792077538516,0.13412135859986288,0.3959130082201855
0.042106572029730185,0.008964844714127021,4.696854588387641,0.1403502356332797,0.26733631028059696,0.22482429523655242,0.10028717667541391,0.26720198217415697
0.04013858097534563,0.01233885835295081,3.2530222673110254,0.3494692451256512,0.1682626415555738,0.1252065948129582,0.2963739464278317,0.06068757207798499
0.0433827307210743,0.011580969328482505,3.7460362332864316,0.08455598730077943,0.0031140492479214232,0.33284861174733305,0.2812146769910959,0.2982666747128701
0.03815298823930514,0.015353868490008696,2.4849104487336615,0.3784961858224191,0.2224816341562578,0.2757248223579818,0.06777336115128192,0.055523996512059234
0.04181205989195616,0.009444716179924446,4.427031908151066,0.21530462204249923,0.15174856547254212,0.1820727214384421,0.2464198982866463,0.20445419275987026
0.03986277345992341,0.011155395294013465,3.5734075224851725,0.2937895563661355,0.2967762591543033,0.16130904502789942,0.016355301398712007,0.2317698380529497
0.040991677260369626,0.016605454905631797,2.4685669554567373,0.12131936529530234,0.23096913265239002,0.482487019364282,0.13226196246812982,0.032962520219895784
0.04303905545921263,0.009439851569903839,4.559293664789166,0.10915556477485626,0.11389206472732084,0.2567733016969236,0.21608614036020532,0.3040929284406939
0.03844077316761081,0.016635949180568287,2.3107051332250865,0.3202428121346137,0.1959051914823095,0.39241135592672144,0.08049192764491699,0.01094871281143843
0.04316573393705836,0.008428127128780629,5.121628242845873,0.04649789036191355,0.37300370710219616,0.23849891188867337,0.0832756873442974,0.2587238033029196
0.04305267152057954,0.008221771778501658,5.236422596058181,0.07702948605650964,0.3521532410587404,0.22563662372302598,0.1926955816380815,0.1524850675236424
0.0410485373293679,0.010081650077310551,4.071609013860782,0.2918449635521877,0.16753308641629955,0.040585267287136656,0.05464124914648976,0.44539543359788636
0.041858933570342455,0.008902779330297343,4.701782670035517,0.2508446582087169,0.1931779957708151,0.0734024619853387,0.26757416221383135,0.215000721821298
0.04050405769612303,0.010563829659120016,3.834221016727099,0.2941104109762795,0.18435444935781709,0.11168945934807009,0.03954522731943422,0.37030045299839903
0.041344521126716806,0.010643593222234167,3.8844514501314524,0.26497256112818124,0.11764705677841154,0.17787259254957463,0.33673821140218774,0.10276957814164489
0.04061861871151855,0.010930300822972878,3.7161482899123808,0.2523908735209741,0.22348845947703389,0.21198091987321707,0.12731090500869002,0.1848288421200849
0.04028245955465902,0.011224740015289591,3.5887209414016668,0.3289190933134898,0.365943671014884,0.04755255286456085,0.23415077777034277,0.02343390503672261
0.04060800119804784,0.010450276902937664,3.8858301627043565,0.2976881680555357,0.19878057685788553,0.08709299717157266,0.062312575120136965,0.3541256827948693
0.04312706646469816,0.008025470093809993,5.373774490538799,0.06524730726545633,0.35383402457255825,0.22224054746928404,0.13266854379581106,0.22600957689689025
0.04435033225826868,0.007431901224896402,5.967562123901465,0.009790717526173519,0.4115521648379807,0.20707434745885853,0.3360630963844935,0.035519673792493725
0.041632343632505876,0.011881352481392,3.504007115158686,0.1643888707394168,0.16575647339056657,0.3167894642168512,0.19312466867315256,0.15994052298001282
0.041542656799453806,0.012360171446562807,3.3610097545213455,0.16899968423262315,0.20988825424485003,0.3295936063507168,0.2778376775567775,0.013680777615032625
0.040258799772385424,0.011189367756111202,3.5979512560392535,0.3272036793315081,0.3548710730828393,0.05553729450760488,0.21939300063396938,0.042994952444078464
0.041748856626691006,0.010104652806845716,4.131646819018554,0.2162559889704458,0.09047138170677882,0.21213268219387332,0.2338702212447284,0.24726972588417367
0.04322172587214284,0.00542372496115586,7.969011367960623,0.05835721468720592,0.49615213072847,0.12469397935442725,0.020264278853317285,0.3005323963765796
0.04242677074550609,0.009192453217498212,4.615391532778757,0.11312048847868232,0.25306169287081814,0.2464931477868172,0.09671812137606352,0.29060654948761894
0.04361360571796435,0.006435580439218769,6.776949822922066,0.13452279150368343,0.23816663581403383,0.11836035469939998,0.43283421469470723,0.07611600328817553
0.044207748292686026,0.010873155925164657,4.065769735755589,0.014428333428874464,0.1397826514216169,0.31881825988155144,0.28646714479895735,0.24050361046899993
0.0406427207277016,0.010154989246081013,4.002241631460746,0.2626901364068163,0.2634728312796799,0.15300866909117236,0.09316585688599445,0.2276625063363369
0.04134824071934948,0.010584703511294377,3.906414636482633,0.30932687852772306,0.17468512265158498,0.04416320129802461,0.34912441192277593,0.12270038559989138
0.03994087598506627,0.013818991918973676,2.890288685256909,0.4099948818698562,0.10546041371993388,0.05372482652379273,0.36373522471822384,0.06708465316819334
0.04185138119550641,0.013864235113896563,3.018657780374587,0.08299568299387267,0.27749569719414363,0.40489517999998487,0.09094317569120346,0.1436702641207953
0.038936555560357605,0.012727795187335722,3.059175213559364,0.3228685203484336,0.40361487963941395,0.20796573151312583,0.05976290787650568,0.00578796062252081
0.041477170285707875,0.014288408871542027,2.902854380680359,0.1377413293812491,0.07906331708333743,0.4064409132676997,0.07307176366962674,0.30368267659808706
0.0421943069295182,0.008289023824859972,5.090383116401647,0.23183143540377593,0.19404923950394248,0.06671004177287643,0.2685171105010012,0.23889217281840394
0.041563240206080064,0.010940348471631514,3.799078275601016,0.3186736964940777,0.05651632230424401,0.053366624792280146,0.3999948379024766,0.17144851850692153
0.04317594092014433,0.009190265156662778,4.6980081841101775,0.11169138646634065,0.18132868133671146,0.24600945272217642,0.35466140719012834,0.1063090722846431
0.0388079204971646,0.015778806691595947,2.4594965421456325,0.41198938682057457,0.011074560188118195,0.24733306247259268,0.28242715922831474,0.04717583129039963
0.043551465327216606,0.010834714856499523,4.019622657728826,0.045941410394757534,0.13720078544376116,0.31630457647719595,0.19511981025860303,0.3054334174256825
0.03769765966555927,0.016861636861627696,2.2357058199579933,0.3683836948669425,0.21405286849692248,0.35940838673363473,0.008168945380667699,0.04998610452183276
0.04105025118080335,0.009717031430381676,4.224567088715379,0.276875657489124,0.26598944293691806,0.07765895368804047,0.17717881531386853,0.20229713057204896
0.03989509061104968,0.011863492865552583,3.3628452482903253,0.323362842916249,0.22474782782487462,0.15374475810520377,0.13943965005087997,0.1587049211027926
0.04019069277944596,0.010770035049185807,3.731714204819073,0.2652476186803734,0.3529511792986602,0.18467454741869097,0.10083713047580349,0.09628952412647193
0.04004329626995996,0.010954357849742765,3.655467241368263,0.3203354071179118,0.3506312066651167,0.04520596651267576,0.02858009438248572,0.25524732532181
0.04357945718426378,0.005556229225851531,7.8433512032767005,0.062307050241345065,0.3515170880333249,0.13228165131457503,0.06132610523533964,0.39256810517541546
0.04073019850399976,0.010221540776877891,3.9847415759603866,0.22353948611217234,0.3844953694671675,0.20744458435978427,0.15596158280852276,0.028558977252353106
0.04588144265453186,0.003500382369120743,13.10755163758203,0.03561770901312079,0.11228961365682646,0.0343230995412424,0.3800890497028894,0.43768052808592095
0.04336159543443129,0.007503299628546512,5.779003582565315,0.1337839612655047,0.10807626254276886,0.17147432923366424,0.2973896589231486,0.2892757880349136
0.044528847418806056,0.006746518030259943,6.600271016705541,0.033902951233077454,0.14153704318171045,0.1846196290041381,0.19447872941704195,0.44546164716403214
0.0408388654203307,0.012644109533685433,3.2298727966197256,0.28422440498366397,0.03363076286735594,0.2551041113493939,0.35761904273784734,0.06942167806173892
0.03942930962659044,0.014859261468460009,2.6535174517443116,0.30275102635413836,0.0188749738449237,0.33594570934301116,0.03600251650438123,0.3064257739535456
0.041315519627613255,0.009820304551421053,4.207152579767464,0.21982631898421454,0.2385583192689572,0.19532020486127757,0.1898289278349532,0.1564662290505974
0.040960986868309644,0.01112745416249498,3.6810744191936027,0.2761016332814616,0.04768967696211674,0.18999993954436845,0.18225730261233827,0.3039514475997149
0.040056193662691225,0.013760278668909049,2.9110016320524843,0.24439103856271086,0.20335469079751686,0.33773497481732934,0.14071161661896955,0.07380767920347354
0.041226268284096305,0.009587042758674084,4.300206989980925,0.2567519812377799,0.2239846445143678,0.12495424296777467,0.19745526833873492,0.19685386294134263
0.04249411347824292,0.009717620945651421,4.372892677734954,0.12412481931324575,0.14382152141956714,0.25990510437190906,0.11251981024724551,0.35962874464803257
0.04088581993526925,0.01048574878097778,3.899179809594552,0.29468215188685715,0.15465272675300734,0.10559545546429995,0.1721868468070811,0.27288281908875434
0.04128082607920637,0.009690428607771567,4.259958743837173,0.22419713323924062,0.2763497399015175,0.18301735213575226,0.21743958124683926,0.09899619347665037
0.04067043618470824,0.012741397760639983,3.1919917224737375,0.27996806800693835,0.07710892657511435,0.26469329115627144,0.3279032477297526,0.05032646653192335
0.040435523320173083,0.01280215008184489,3.158494710784238,0.250192904479462,0.03872569338355587,0.29553204456776394,0.03440804185311983,0.3811413157160982
0.04361234839322861,0.00855889447573053,5.095558604781858,0.04197612163009563,0.29292395147719935,0.24465845295623276,0.18136120689848695,0.23908026703798532
0.040499947639886874,0.010483508381501147,3.8632055382672985,0.2967233540038837,0.3530412329074548,0.09455836429373424,0.22020630254051493,0.035470746254412266
0.04101934078046629,0.01157378854021571,3.5441584782662514,0.2577211392022688,0.07164532206922197,0.2362996109260808,0.2394281995657479,0.19490572823668056
0.041753579571351104,0.01005882753629713,4.150939005633006,0.16447651327122567,0.24041296660781272,0.2515288782303539,0.15488466007179455,0.18869698181881323
0.038159411381284564,0.016290555597298702,2.342425410439172,0.4866293912167431,0.06256831623107847,0.06119396432318859,0.04583346462965924,0.3437748635993305
0.04229622824503358,0.008668278490255928,4.879426554255158,0.1352021749007613,0.2500904529053732,0.21679442755837303,0.1077583757174007,0.2901545689180917
0.03860303523979581,0.014857857906291481,2.5981561732024345,0.40792155791107926,0.14472443553941802,0.19482690118583387,0.16821172338399432,0.08431538197967461
0.04363379414236479,0.00632603794907256,6.897491683362697,0.05608859423047732,0.3552908053055686,0.16619881812019494,0.14548233424651666,0.27693944809724247
0.041412930744555536,0.010240660212117579,4.043970787699059,0.1769485182003824,0.29954911536446743,0.24968340793508279,0.15339023103916907,0.12042872746089846
0.03987399405808529,0.0124740245831229,3.196562087270053,0.27220435344980015,0.19802474589268668,0.2624275787280935,0.03268736406709019,0.23465595786232946
0.0401045380018926,0.01398334229815298,2.8680223330576617,0.3114281867079747,0.05960038255911477,0.28756495416064276,0.3353924124986913,0.006014064073576509
0.042084135574323146,0.007544301550779793,5.578267953774097,0.18349321835458904,0.33336831351271623,0.11929173548577418,0.18520170974188405,0.17864502290503662
0.04240778535823421,0.00918338478219517,4.617881790214737,0.0971050438759063,0.295386715777643,0.2512776042878899,0.035567135696561926,0.3206635003619988
0.03994520827204556,0.01288525933714062,3.100070183058484,0.28310794656641075,0.09142030554406733,0.26948597088906334,0.034267759678905746,0.321718017321553
0.04155210312821521,0.009856392033833282,4.215751867983993,0.28542189238269594,0.278750438700797,0.03877776076894553,0.3846159546049449,0.01243395354261667
0.042430904139999864,0.012028938823876806,3.5274021059760288,0.10611688384414776,0.06302021383088557,0.3422698916677334,0.08733540073215455,0.4012576099250787
0.03862467868149298,0.016222422154024935,2.380943999284955,0.48417250049557975,0.026679591624278205,0.004005943004812745,0.038111416739825155,0.4470305481355042
0.0395542272552184,0.013978847482031384,2.8295771383200212,0.2916983390556462,0.08682101154539416,0.30914132460992205,0.020829495638506147,0.29150982915053136
0.040368813913599,0.011749377803487785,3.435825674242561,0.2831963413658956,0.23567509243243107,0.2130914266494386,0.2557815272016716,0.012255612350563045
0.04388819149353834,0.008460529269856288,5.18740495939255,0.09145157251095401,0.056617838299162504,0.22866324605900787,0.33773373620346303,0.2855336069274126
0.03812600067928856,0.01668206040719266,2.2854491440907445,0.3860415668712111,0.07039886900794445,0.33319693930419453,0.08755647587901612,0.12280614893763375
0.04036157463130326,0.01051671460669999,3.8378501405362564,0.23882714335142258,0.3297618815219425,0.20573636575397533,0.018335073131606722,0.2073395362410527
0.042493226270817364,0.012740373445216164,3.3353203070176085,0.022278936423009082,0.4651138027076374,0.3732808407696816,0.0910756563866272,0.0482507637130447
0.04398284164064422,0.005913025660863757,7.4382971025732605,0.06032097715126972,0.32210078505217765,0.15071290471464216,0.25770008656301563,0.20916524651889473
0.04048443091599817,0.014355639670454208,2.8201063725025395,0.2251000484577588,0.05707211191802672,0.3720217649673838,0.11850224123319525,0.22730383342363547
0.04004368229228418,0.01314019479356555,3.0474192294236495,0.23750240143904078,0.22034829098784614,0.3192356536548386,0.05037986350602854,0.1725337904122459
0.04050140487735025,0.010084548671676448,4.016184183939025,0.2866323972502945,0.33638750251815147,0.08457598192485129,0.0951301680426375,0.19727395026406533
0.04269313321072238,0.009630463819046559,4.433133648899282,0.12748957881714645,0.17903635131669562,0.2556395409613245,0.2655312649895454,0.17230326391528808
0.03987122606471281,0.015068843329602233,2.645938058589217,0.2607336726155578,0.13880975931445474,0.37523871518257285,0.2022178491979633,0.02300000368945132
0.04263792662920717,0.007299799314161848,5.840972442418822,0.1854317986704638,0.21013208764731273,0.09998108724542261,0.2537091132863578,0.2507459131504431
0.04102561091094983,0.010273388877145488,3.9933863500696174,0.22601267854655435,0.20860985330677387,0.21005368166149604,0.10180653190426807,0.25351725458090757
0.041019749421014357,0.01113439554180517,3.6840571423030304,0.22143171922334923,0.17396093908256674,0.25242727422867395,0.14542800764770833,0.20675205981770173
0.041012384585183886,0.01098795935821937,3.7324841900243486,0.2064715382055313,0.2484261630566793,0.25813849312418247,0.14114980565405985,0.1458139999595471
0.039390231816605635,0.014854275225252438,2.651777432374606,0.3122418072294728,0.12275069930516096,0.3268851787016632,0.19289584745184754,0.04522646731185546
0.04420114441390217,0.003633783737252201,12.163944695103469,0.045481498778732296,0.531440001098362,0.035072745759515155,0.1771132355603917,0.21089251880299872
0.042282997132038654,0.012388472025193307,3.413092191357544,0.08351423405023978,0.1515341392807659,0.35853984083799983,0.007088241661405618,0.399323544169589
0.03951460591785941,0.01377754569574547,2.8680439020471975,0.4073106569435695,0.1770199705776309,0.07304689183717106,0.2857150965768947,0.056907384064733904
0.04243117514368745,0.010514142867127286,4.03562855098246,0.10726992831647365,0.28173520097120136,0.29262191597651244,0.22696421506296718,0.09140873967284525
0.04057715686488875,0.010835142505987862,3.7449583004989973,0.2826954741716852,0.2899888357217688,0.159439674956283,0.2634659368907646,0.004410078259498414
0.04337215005735348,0.005372161498176413,8.073500782148157,0.1100240680656193,0.276346494897131,0.08617997908331837,0.08731442151340413,0.4401350364405272
0.04049960902686425,0.012202497366743476,3.318960685641396,0.2813162015200202,0.1581215137194751,0.23863717908679738,0.2816542650335218,0.040270840640185594
0.04287732531347187,0.007581162280640479,5.65577199461419,0.21244101381702565,0.18605546442467286,0.03793846603351477,0.3579803191159218,0.20558473660886498
0.04221509951675585,0.009803630539123757,4.306067976377353,0.2677768499109851,0.08596722530751141,0.10322861414910253,0.5175525476773363,0.025474762955064643
0.04321250297085153,0.00880443871303693,4.908036091711992,0.11115493605820193,0.13941815599602575,0.2340018973604185,0.2799469016327672,0.23547810895258667
0.04380272207060493,0.011680156429673507,3.7501828279734206,0.03421953101265301,0.09912801327794861,0.3431859249727471,0.25938179315669957,0.2640847375799518
0.04114691671610956,0.00960587615886508,4.283515218769071,0.2795599700665705,0.31822755777958167,0.02423862504539062,0.1529223087169054,0.22505153839155181
0.04346626159468826,0.006357177159069037,6.837352571287094,0.10299480645636964,0.2569811553419105,0.14685037686056282,0.23389904971579586,0.2592746116253612
0.042379067204056965,0.008258816177158578,5.131373104206487,0.1581262106989188,0.2849177425277014,0.18391689850575074,0.26634889351918745,0.10669025474844147
0.04249956449307,0.007349123940990095,5.78294295133963,0.2035075627183462,0.21680531085960378,0.0428296707869952,0.16260162744446532,0.3742558281905895
0.03740806629538091,0.017195798782968237,2.175418936189933,0.46261565748103656,0.13017299859913614,0.24849700542897832,0.14051049806713295,0.018203840423716054
0.03907384732616657,0.0141245059534604,2.766386835398923,0.4051824745121086,0.1958097002329417,0.13435378349574528,0.2614585529668359,0.0031954887923686865
0.043666309034272544,0.007463365063199207,5.850753469046411,0.08642308269588286,0.21853772740203625,0.19700713075582277,0.30519406400156307,0.19283799514469505
0.04264140260924275,0.009030017653832479,4.722183748017932,0.12479984931239989,0.1990062832630245,0.23609171850458513,0.18835945381611727,0.2517426951038731
0.04152249288457875,0.009213903713220043,4.506503885535788,0.26640380824982357,0.2952911474120105,0.038871557679645265,0.24950953486273797,0.14992395179578275
0.04204187711052364,0.010831777319833907,3.8813461419245927,0.1603279518982545,0.18960437297091673,0.28111987425057144,0.28539920823481807,0.08354859264543926
0.03852669374658428,0.013458520317070408,2.862624778870981,0.3677876425187084,0.3759228110096899,0.17367657265943118,0.06208866143154528,0.020524312380625177
0.04117280053255802,0.011269319027268541,3.6535304780112776,0.2103500763773456,0.13251339652357835,0.2666884707466823,0.12582243099602364,0.26462562535637
0.043190694743359945,0.005898529892027052,7.322281235149815,0.15545254938150505,0.29977431396733645,0.03203629960753017,0.20979828382708415,0.30293855321654417
0.03891580123385949,0.014070947394682154,2.7656845088175777,0.4192410520995757,0.3729425527982387,0.016761780710644006,0.16897571100869938,0.022078903382842248
0.04416814698763271,0.007988705955972704,5.52882372076928,0.03483630149661292,0.21526955779101806,0.22736783167913122,0.2466416717988285,0.2758846372344092
0.04067670215557885,0.010332850573803365,3.936638961827779,0.3023394369403305,0.3274611326968664,0.020020327900002344,0.09589695374100858,0.25428214872179217
0.03892605320600673,0.01578289729051312,2.466343947470572,0.41173885127856696,0.002159214118590017,0.24692535345973882,0.32497064740640225,0.014205933736702175
0.042166836086890175,0.008693824115146694,4.8502057930325035,0.13120299111948142,0.292782728872147,0.21954999186556395,0.07769043570132501,0.2787738524414827
0.04283748667661534,0.006521012713229424,6.569146321354246,0.13990762685540545,0.3430420927508925,0.12017448419398374,0.23730703560226604,0.15956876059745226
0.04189161890228958,0.006745325152033705,6.210466946824546,0.15476868635681332,0.49926798485093793,0.10564403660745117,0.047761943561282376,0.19255734862351517
0.040347173944694184,0.01260947886714838,3.1997495193723777,0.22230882462637624,0.25012455337850004,0.309388730300738,0.09180644725768722,0.1263714444366984
0.04339955872883196,0.011338381384858468,3.8276679232883026,0.045525645847652306,0.19128176737325722,0.3319328406747189,0.23320978365067435,0.1980499624536972
0.04127008903696475,0.009294609219732627,4.4402177715387525,0.1702747100350874,0.39720822514978743,0.21564473564329034,0.05831062541730705,0.15856170375452786
0.045611477630604434,0.0035512650323679027,12.84372673255303,0.04886146869640216,0.1469328849660221,0.012853437643119003,0.3297457329762585,0.46160647571819824
0.04259455688368044,0.011332750429775518,3.758536566001495,0.11383496059934971,0.13939759138425015,0.3180715038836869,0.24934917511286392,0.17934676901984942
0.043309238743694876,0.0053016190619891886,8.16905896808155,0.10733169790596539,0.33835627092481657,0.08868101188513462,0.12272257071675347,0.34290844856733
0.04174108950536941,0.009459574666754575,4.412575720985359,0.18808585659434046,0.26366084806327994,0.20982420476334823,0.2320923751612439,0.10633671541778764
0.04416507203391739,0.0057228021903967,7.717385742954694,0.12860369260106913,0.17182480193430533,0.08281968919722578,0.46583707788216233,0.15091473838523733
0.041345299852233744,0.010538867272523064,3.923125586753447,0.18397837406621362,0.25949941083304173,0.2568288673506375,0.14364223415370042,0.1560511135964067
0.04128686391642027,0.010253124512911008,4.0267592444069855,0.23830434432495676,0.16161579046872418,0.19516591808243774,0.2162281629472894,0.18868578417659207
0.044678092556591734,0.004025310018618847,11.099292315358497,0.0753522502886904,0.2287556954270032,0.041462259448244464,0.2656837970358451,0.38874599780021685
0.042570689804531235,0.008780855365451165,4.848125613368867,0.25080757019084093,0.21179244766731536,0.017532809079172453,0.4694824697672307,0.05038470329544048
0.04559129594793322,0.003508999859795161,12.992675340430088,0.031029276066076264,0.1858675108130925,0.04949870508810229,0.3437752890501434,0.38982921898258555
0.0408630375859581,0.012056370606741662,3.3893315757155285,0.33968952835123034,0.05538197879934741,0.12128317700476283,0.4178652209347151,0.06578009490994428
0.04000607447155437,0.012476318653953399,3.206560811820685,0.3459780767169005,0.10258611115349346,0.14968730785507317,0.19530347321211816,0.20644503106241477
0.04239286740949899,0.019514271683279936,2.1724032593961327,0.0011176472693348503,0.07542275261363039,0.5806358779305839,0.0008298443911983634,0.3419938777952525
0.04285333834417012,0.007773160346972137,5.512987823654338,0.17021964718299554,0.11583031287352193,0.14998985134648335,0.2714396346923247,0.2925205539046746
0.043449445284584304,0.006359733476985758,6.831960087921401,0.1309308164378266,0.16218234285241753,0.12194605547892395,0.2413261314566761,0.34361465377415584
0.04115369525766809,0.0159838680754848,2.574701884632508,0.11419997508158922,0.1654744257857538,0.46549205537611,0.024300292730121544,0.2305332510264255
0.0403350080783524,0.012279991834731383,3.284611962385291,0.3618555454822374,0.07651184476806447,0.024091572083566333,0.07028292453924022,0.4672581131268916
0.04552429261176957,0.003645882786639304,12.48649374538255,0.009649184064299047,0.19624149179862233,0.032599080625986064,0.11528177618698915,0.6462284673241034
0.043009624433999284,0.009644079777729412,4.459691896506212,0.10714634493343962,0.2523972278056004,0.26170155456323646,0.3766524674060775,0.0021024052916459586
0.04178295327243183,0.00909637172532895,4.593364754002601,0.2614761365628082,0.18970079725606076,0.04986531628432128,0.23683139798594388,0.2621263519108658
0.04369940304341618,0.005882850724222682,7.42826991402035,0.07907214408764232,0.2857311055857197,0.1413294700430517,0.18765598856179128,0.30621129172179495
0.04337460463309691,0.005989898073587709,7.241292606356031,0.1249674497344562,0.2810741601705814,0.11005686044526641,0.2762536896559188,0.20764783999377734
0.04025967485343372,0.012133082452253792,3.318173680255115,0.20488993432091926,0.39208479848541505,0.30080254737427803,0.07396904209743853,0.02825367772194914
0.04364055906605735,0.00697915249821845,6.252988321604573,0.17639008525252817,0.009690163892751288,0.08424876745666922,0.3691862277584477,0.3604847556396037
0.03996480671473708,0.014293510678032055,2.7960105543671427,0.27707744678470747,0.11897958909776506,0.3338896121378549,0.22277473798037273,0.0472786139992998
0.04453405636174683,0.004076198971632003,10.925388253046089,0.057285243037895735,0.2762629402334527,0.06893423116162305,0.20220328666551915,0.39531429890150943
0.04327955451098107,0.01939058849345075,2.2319876741027698,0.002322951785352982,0.009610249258947054,0.5756275271887114,0.3388776872730571,0.0735615844939315
0.04047428624736106,0.010839193873318451,3.7340679316560412,0.2796325183769586,0.2743590292341152,0.16709985990694146,0.19377337006900744,0.08513522241297727
0.04501530069011249,0.00486203265635246,9.258535240666887,0.020707265550635536,0.243704342054043,0.12081573121767047,0.27200831012518584,0.34276435105246505
0.04541739428001364,0.004823333924476238,9.416182870843942,0.009205896249140585,0.3019776957012335,0.1172401367955923,0.4429893114961486,0.12858695975788498
0.042121636084487594,0.008335799024066764,5.0531012039608685,0.2060719842025878,0.18676299486056594,0.13366537147018084,0.22862718344162913,0.2448724660250362
0.04124117154043001,0.011649316931988297,3.5402222963978542,0.17483874194117752,0.2338908975629224,0.3032773715028362,0.12929999981735815,0.1586929891757057
0.04363004302443392,0.009839576945906378,4.434138100072037,0.006811305160430365,0.4348072562544497,0.2841604189701201,0.22283696833051092,0.051384051284488794
0.04007737848449694,0.01203752234905122,3.329371055137088,0.28902130078897287,0.1283253889435066,0.22174922431012958,0.04852695032142459,0.3123771356359665
0.04333859901685924,0.012540786008395428,3.4558120191067943,0.0755565931746232,0.08449094553221247,0.3637142890571542,0.38640978677491106,0.0898283854610992
0.04151966790751625,0.01116585371394643,3.7184499252087777,0.1577712899054729,0.24632656119820842,0.2949779328227389,0.1272956993983516,0.17362851667522822
0.04034171661694126,0.012181438576421467,3.3117366527650645,0.2531143094694188,0.2495036852818797,0.26718892806318173,0.19449266984349758,0.03570040734202218
0.03885227674557743,0.013824921699128133,2.810307182284269,0.3147645502554366,0.30139336394353444,0.27789845450120415,0.03477223058256446,0.07117140071726025
0.04024413067575443,0.014248722956349004,2.8244026358742755,0.26160798244525585,0.008140976983381404,0.3445035704733276,0.1326842529233116,0.2530632171747236
0.04060094474658597,0.011264971422042388,3.604176453314503,0.31800456696838547,0.1413904850232623,0.11434080059497921,0.21810361063122985,0.2081605367821433
0.0412989262907594,0.013027586587947688,3.170113359980781,0.15671786904734447,0.23050511449301442,0.3582905191422757,0.1791259434600695,0.07536055385729602
0.041950292662997754,0.007923385507233508,5.294490924958783,0.2155641083261202,0.22522262144005695,0.07492545131439786,0.09307712862992813,0.39121069028949684
0.042361155156242634,0.0063388441241042925,6.68278858524991,0.14201701636651864,0.3994718913484322,0.10190618543781088,0.04138404618959529,0.31522086065764304
0.038782357481347104,0.014474838211577913,2.679294712277092,0.4258237126373173,0.13441817948226695,0.09767353507859278,0.08978477675334104,0.25229979604848196
0.04288682061525832,0.0075765720463733316,5.660451765358307,0.21158431961043564,0.11718926520064239,0.020404747357929784,0.21749017577619015,0.43333149205480187
0.03974075448126404,0.012259545183816063,3.2416173589968222,0.36132070320941734,0.27437779191695094,0.061293733551374796,0.1397820292671003,0.16322574205515653
0.04224198163405761,0.008835045829248208,4.7811842123349875,0.16957606148126236,0.19438869439271658,0.19991653264845916,0.2183034666563492,0.2178152448212127
0.038635542019991906,0.01582064861632374,2.442095956807217,0.471786515868232,0.035555874360175384,0.06821531100004734,0.15072752617037477,0.2737147726011706
0.04334255001278996,0.009471758683379876,4.5759770135237146,0.04277417075078055,0.37305682745262203,0.27203349616706235,0.23922141286943469,0.0729140927601004
0.042925120173496784,0.011553641594661582,3.7152892290973045,0.097976554152146,0.062019665454869026,0.3295860646897265,0.2260193297066818,0.2843983859965766
0.04366932202413363,0.006758376020433458,6.461511151806679,0.11366170299160479,0.14254230613714983,0.1554439066966405,0.2918074538697366,0.29654463030486833
0.04413773032535393,0.0045526451316433535,9.69496392736011,0.09128722325105446,0.4155940322074045,0.053257109716412634,0.39554712683315923,0.044314507991969176
0.04310201920929267,0.0055376186138478235,7.783493630548739,0.12281683782753351,0.3929911971899092,0.08333206501023874,0.19200552585755237,0.20885437411476612
0.043153825099656117,0.00995610102784894,4.334410124902046,0.08119179039300374,0.23512322017694753,0.2818301958804332,0.2895238472329645,0.11233094631665101
0.041423090847159255,0.009339838706024013,4.435097023725064,0.24977358816086837,0.11687918005392318,0.11518066336455755,0.07587261178938871,0.44229395663126225
0.040544411817488635,0.010674084861226991,3.7983969908993243,0.2772052143440786,0.24266959426575604,0.16159941245160053,0.15315403527309132,0.1653717436654735
0.04156071753237493,0.008751984542531894,4.748719256804318,0.24604188216585338,0.1992677844622534,0.06041583964929052,0.057622836430120825,0.4366516572924819
0.04198672436399245,0.007543790490919085,5.565733090617297,0.20416839776700232,0.4037386430060047,0.0692844354216347,0.23482804131137935,0.08798048249397888
0.04442552294373619,0.006374938776202978,6.968776407637406,0.15432685290094825,0.01831955199186604,0.0725071337058536,0.5588583425404118,0.19598811886092024
0.040680077782310683,0.011029330702628735,3.6883541602950554,0.27734016011460244,0.21207186120105437,0.18262765592983118,0.24256912979435372,0.08539119296015849
0.03951424749770372,0.012855925087019562,3.073621480386555,0.311846411346696,0.2581280254045141,0.2339358181429843,0.14786600050647722,0.04822374459932841
0.04011798794137375,0.012668191457210735,3.1668283572189453,0.37593230638203146,0.1393974007578287,0.02045989134240266,0.13981250937064632,0.32439789214709086
0.04129513935267596,0.010202845830354627,4.047413833287397,0.1885327601583533,0.22732565096387178,0.24028291024199705,0.06417187517747433,0.2796868034583035
0.043419940659048965,0.006802269681134601,6.383154843076824,0.18609530082413328,0.271507443322031,0.0009809633064335021,0.42206757491148456,0.11934871763591778
0.04430975879469622,0.004392456777568775,10.087693752839083,0.04328077623456753,0.31957692713472646,0.08998133261048061,0.10622765479217937,0.44093330922804597
0.0429747859871581,0.006373617749301379,6.742604856067596,0.13927590309002058,0.3267571446164651,0.11312728500791969,0.25739970120819866,0.163439966077396
0.04194355199781276,0.00904905405084035,4.635131115601816,0.2181509090634548,0.198232940831946,0.15628161240309946,0.31404846252063395,0.11328607518086585
0.04176419318154656,0.013257953560320952,3.150123659094754,0.0808842626320405,0.30945909664165544,0.3860891147382463,0.018370439614371643,0.20519708637368608
0.040722431305197815,0.011546197341918595,3.5269128094108164,0.2333103793018158,0.19596214752706534,0.25927420311152716,0.13891996425565628,0.1725333058039353
0.04329108849183956,0.006175573907223777,7.010051072532791,0.10967368760176,0.3435586708606898,0.1328263904616883,0.26777015972427437,0.14617109135158746
0.042354965001229386,0.008264604792299757,5.12486272068231,0.18024793759061766,0.23092728014136507,0.16328095461704265,0.29101981242204433,0.13452401522893034
0.039776934235417706,0.012851457951506736,3.0951300922829663,0.3295589134533813,0.17436796326059362,0.20787750059100987,0.2241210881862142,0.06407453450880095
0.04338414738711196,0.010781859313787941,4.023809449232185,0.04373193051639387,0.31824522564853186,0.31253713849659515,0.31606147788542865,0.009424227453050557
0.04260332593596042,0.011747535302381287,3.6265756892277228,0.1355067984063702,0.08208494339137987,0.32290867393345707,0.35713488867383636,0.1023646955949565
0.03806076151321111,0.015873641079224964,2.397733533425051,0.4468594150921928,0.08655695065599185,0.18410519055472482,0.09277404375809271,0.1897043999389978
0.041871257055586225,0.008020145214083335,5.220760464793144,0.22260774693088375,0.3003332533905152,0.06681579219049345,0.17884164286476978,0.2314015646233379
0.04012916709780427,0.011903879473820166,3.3710999162969606,0.34475472455276795,0.2207118004810504,0.09229430792792645,0.2262897106868914,0.11594945635136393
0.03796949043510369,0.015721831595709952,2.4150805969365874,0.3928838929556983,0.1608664571197493,0.27587919154929075,0.009348916662363245,0.1610215417128983
0.041863085628988876,0.008917735402192125,4.694362833270232,0.23529459446600473,0.16407492848200253,0.11936516130172463,0.2516502325229978,0.22961508322727023
0.04266046099249466,0.008568461491652132,4.978777232535483,0.1387125501145484,0.23442589434511624,0.21086736987190655,0.27216063060890966,0.1438335550595191
0.043568318452680735,0.0084133183017482,5.178494012716444,0.06258010320145126,0.23388176925215318,0.2367525699411545,0.21611037062146124,0.25067518698377983
0.040784134687596785,0.011021738193529284,3.7003360061247514,0.23213458161097386,0.23826540441260713,0.23761818196945733,0.14975425554146002,0.14222757646550155
0.04285409938585602,0.006583420336023164,6.509397425433544,0.11903377607401944,0.3195123565166745,0.14336012215894736,0.12774584446988047,0.2903479007804781
0.0420550136541437,0.012332675399117414,3.41004788443174,0.1657723924383814,0.08849254183309563,0.3299643158978733,0.34796307958386447,0.06780767024678513
0.04420314616463891,0.012810759135105827,3.450470475516731,0.0035433082669365946,0.15865284300546656,0.37642392304975303,0.3960888112311535,0.06529111444669027
0.04104269784910501,0.01170056467701371,3.507753598399849,0.31333102503292215,0.046819093998166514,0.1578368134733426,0.404082185093398,0.07793088240217076
0.04443140135076818,0.007220214892988674,6.153750547496049,0.049503517931530086,0.13594191232289876,0.19924044032612404,0.29995320865730457,0.3153609207621425
0.0435003603770596,0.012468905088833249,3.488707313685235,0.032332984785298356,0.06406994317122762,0.36712643839180636,0.1256499895761657,0.410820644075502
0.039220375403453606,0.015831535588071058,2.4773576249296916,0.3005206922748093,0.05066171139042946,0.3771061100662056,0.07988315805163969,0.19182832821691587
0.04239282351804495,0.00878582934250764,4.825136235339764,0.1631827989722723,0.14798741800267357,0.20277624275836176,0.19288329459827824,0.2931702456684141
0.04134556210735181,0.010296566053963563,4.015470972619676,0.30143129265246127,0.1557670728469673,0.028712582320936784,0.2195216498974694,0.29456740228216527
0.04167112025339527,0.009292511831010264,4.484376346375323,0.16510740856408096,0.23921675018696037,0.22032046352322446,0.026669744291963927,0.3486856334337702
0.042747927777028356,0.009529933681743576,4.4856479808375,0.11004599070721052,0.24525331839607528,0.2591613613543852,0.2557699242728962,0.12976940526943276
0.0428249413541363,0.009008722225757895,4.753719815190936,0.0987534709370965,0.229978678570912,0.24612362266146837,0.15087553848257299,0.2742686893479501
0.043486886546696725,0.004368783212908012,9.95400422209331,0.07966433203765427,0.48663096154007296,0.05319596907839891,0.08498797152978488,0.2955207658140891
0.04593650044074895,0.003852404496389053,11.924111417637032,0.05069773795575831,0.039651375172466696,0.0003895104822563662,0.32761797388671954,0.5816434025027991
0.04235358175260431,0.015244261516061597,2.7783295181586793,0.019088588056505006,0.35738422332031305,0.45100695509315775,0.09205082806389477,0.08046940546612938
0.04069424728618366,0.010797994949665714,3.7686855268851076,0.2745931395307183,0.2625744832984262,0.17192093893698526,0.26132250502969573,0.02958893320417448
0.043101310702779644,0.00633421989514852,6.804517591154615,0.1490725458639283,0.27880991889216306,0.09728977726160114,0.284301244802722,0.19052651317958544
0.03886393163548275,0.013693167737056122,2.8381987558883184,0.3731889549433145,0.2311357721408262,0.18299888099947165,0.1090266598066134,0.1036497321097741
0.03687876025212698,0.019115724517335342,1.92923685517036,0.574524865631982,0.09090856570091467,0.06573466694376776,0.13477712751325185,0.1340547742100837
0.03963173373077726,0.01410923171042496,2.8089221684193024,0.27411758710818396,0.13271371938078594,0.32982672825415155,0.045695141033173764,0.21764682422370457
0.04297817661230745,0.009321968202570976,4.61041870969418,0.1258642454658776,0.11020971218998936,0.24545257368969148,0.2736450531364675,0.24482841551797419
0.04282131342942206,0.011003019403602704,3.8917784163318965,0.09187883760848278,0.1054944602839384,0.313463819779491,0.1381204870720264,0.3510423952560614
0.04100120668794696,0.012427094196215592,3.2993398167395407,0.21111569901680458,0.20533412683328317,0.308815123452038,0.26482901456079627,0.009906036137078033
0.043520501878450656,0.009257101977413805,4.701309544243474,0.02723445171529987,0.3312454598424724,0.2677194826267398,0.14326951180084363,0.2305310940146444
0.04024215271115868,0.011170619693083075,3.6024995762837486,0.2705072854643993,0.2950275557962513,0.20030724596645597,0.13754299102533118,0.09661492174756231
0.041036897247686416,0.011898504809346965,3.448912103262719,0.2434894947940874,0.14683945846544974,0.2631660836471037,0.31567717181124383,0.030827791282115397
0.04371424492523945,0.015690489606245035,2.7860344719798014,0.0005542085162577842,0.11021044778554097,0.464414176916446,0.33554246493079054,0.0892787018509646
0.04049665867180561,0.011847614041299446,3.4181277791999998,0.31443198949054463,0.16598355949931654,0.16815066615285296,0.3304237027091724,0.02101008214811352
0.04368460464985739,0.0056783353121771015,7.693206238838421,0.11384760136028614,0.3099228322634801,0.10342898349104723,0.3595275600729434,0.11327302281224318
0.0420180883523561,0.01397833625655957,3.005943452865387,0.09537015656366242,0.19908037692246305,0.4065897817353981,0.16941156095782037,0.12954812382065606
0.037822857859859504,0.015684191094526612,2.4115274821574144,0.44024955511391894,0.16396338061168966,0.1846183835640152,0.028284651326120007,0.18288402938425613
0.044382978649863014,0.004652792710932544,9.538997631589627,0.09135331081951316,0.21060544004749315,0.07085564633240271,0.3064687527574571,0.32071685004313394
0.0449766035838783,0.0055958793946966345,8.03745049017744,0.09381748121170148,0.10093326784911008,0.10837945872424892,0.5822479367348061,0.11462185548013346
0.04130995338440585,0.00998646716243632,4.136593322991289,0.21583668217004964,0.19099347536311803,0.2075885670708946,0.13320684434117502,0.25237443105476276
0.04538824670950811,0.005442633211443541,8.339391053226947,0.019249390589269593,0.17485202094879745,0.14115605965761865,0.413374197645999,0.25136833115831536
0.040080851727673186,0.014156801038490131,2.831208238266513,0.2735189153723695,0.05779218637982526,0.3320242486696137,0.16917498938746248,0.16748966019072892
0.03913476859766106,0.014059922931319323,2.7834269639192697,0.39435640161672814,0.1546468283351523,0.16146771457712072,0.23751632396074648,0.052012731510252194
0.04406565418242525,0.006046745154168447,7.2874998133578845,0.1548853769630278,0.09319988623820687,0.04982191440431838,0.4178110847104561,0.28428173768399106
0.04326576436969574,0.00707218025208134,6.117740615698057,0.130011390731687,0.1481341081785523,0.15641662016668237,0.22950334582281284,0.3359345351002655
0.03994992924316709,0.01228243450728747,3.2526067384657185,0.3490269252604177,0.14648823687844922,0.12320323199101721,0.16877231212129595,0.21250929374882
0.04119071806601282,0.01028432962926562,4.005192321801742,0.19723866837592988,0.28134821564729967,0.23677930718856316,0.136974997697293,0.1476588110909142
0.04293359804766302,0.008159419584545502,5.26184462053921,0.21615275768219389,0.0540333771949674,0.09481135701398327,0.41285266805861026,0.22214984005024516
0.042755573629738364,0.010158806894557726,4.208719987840636,0.08198012682394097,0.2150096787954362,0.2887085119003724,0.09836682659825778,0.3159348558819926
0.039906398560920917,0.011853612567248192,3.366602234932431,0.2905768932107225,0.18715702077241286,0.20957381565519648,0.0164714694128141,0.2962208009488539
0.03993958639326818,0.01208603971517462,3.304604927213838,0.20246581628941013,0.47660006220846085,0.29866934157660624,0.0023826375816686993,0.019882142343853954
0.04243239231282159,0.008302823419124849,5.110597946125432,0.23747486195546774,0.1963783302255107,0.009260159787398935,0.25947703118945104,0.29740961684217154
0.042637019755101445,0.008343107891346227,5.110448086057487,0.23808834255728897,0.22338338380728107,0.0026249748592031647,0.37728753085094496,0.15861576792528184
0.03836599589146476,0.015238703060523091,2.5176680547608092,0.39093826151715405,0.1659646055632162,0.2513879398630325,0.12026777885984545,0.07144141419675192
0.042244509817093844,0.008541645725993379,4.94571083515418,0.2073619481658331,0.13288542894560715,0.14356180979866132,0.2583410648295263,0.25784974826037216
0.04076341057617992,0.01193564867903603,3.4152656191847743,0.2960560605623988,0.06491366744592277,0.20562105150302612,0.3038429976066056,0.12956622288204672
0.044290074161252385,0.006100253021340627,7.2603667432009145,0.03438552965101546,0.2758030498220084,0.1638445561341582,0.1919461693134605,0.33402069507935755
0.03999698794070216,0.01213308414946601,3.296522751180496,0.31328730167908064,0.21926570930364928,0.1908913410473431,0.2154683109609043,0.061087337009022726
0.041098636547226626,0.009246269627825269,4.444888392995421,0.2567856972456156,0.2706682055716687,0.09188935537396321,0.09815737233904524,0.28249936946970733
0.04446498021725571,0.00868876112540431,5.117528215529879,0.012876059553322864,0.2795720335938049,0.24907082035999256,0.37071262351829254,0.08776846297458712
0.03920115400719026,0.013822247178059592,2.8360912304777224,0.3086120270103893,0.17396273838262544,0.28570109105716174,0.018514489181085825,0.2132096543687377
0.03967330184889714,0.012753761013643991,3.1107139146213094,0.3707019020760612,0.1521322531353014,0.09910706669035838,0.1337820258886495,0.24427675220962947
0.04466985307527744,0.005008218031019917,8.919310780521368,0.029948902672536973,0.2930600620467858,0.12528777011266135,0.25026045372777245,0.3014428114402435
0.04353802123635046,0.011144491999597553,3.9066851353944796,0.03027110166306446,0.24433869200560226,0.326728451972502,0.23780155377143192,0.16086020058739942
0.04344801095537605,0.008003022106609272,5.428950511019411,0.14593827872280268,0.012153349491693367,0.18098583247425973,0.33635793802904385,0.3245646012822005
0.04492309924078718,0.005831926030648791,7.702961080902044,0.020239435527848095,0.35359419870407865,0.15117987989186518,0.45238464387804506,0.022601841998163064
0.03993539746299115,0.011438319719358563,3.491369225796623,0.335994373790426,0.30066772602637293,0.04218602827854109,0.0214779324603163,0.29967393944434356
0.04294818878835376,0.012177972856420473,3.5267108323131637,0.060580590236822496,0.20804398024899212,0.3561709908058489,0.22070400406282342,0.1545004346455131
0.03991061470390578,0.017825158538281812,2.239004753769377,0.22510765804058028,0.03192729413764086,0.49003527828818244,0.1571418273595802,0.09578794217401626
0.0441816687182088,0.004401651793640441,10.03752018322826,0.09796632033007417,0.3302813650771303,0.032291364607307,0.29703649341322735,0.24242445657226133
0.04114261335907088,0.01060678440825005,3.878895975963252,0.22322010497789294,0.26245170819944647,0.2264837431859874,0.25370727902925627,0.034137164607417024
0.042095243521575496,0.008672517484181718,4.853866665400828,0.21188904616443296,0.14529324420449358,0.14471276451664,0.23934955052190018,0.2587553945925333
0.0402202399251598,0.011612694778561795,3.4634717171255045,0.2946499387721088,0.20188710266800336,0.1907946324562921,0.1615058134530007,0.15116251265059502
0.04325727501753451,0.00788288272555946,5.48749442602731,0.21937594317052464,0.05029209847552945,0.04339033812628598,0.43699027535165935,0.24995134487600051
0.03794374841179381,0.01599745949759349,2.3718608831297066,0.47938224435776944,0.3153462690687955,0.018118644389814167,0.08113801597531176,0.10601482620830925
0.0414823987509467,0.010195275996948586,4.0687862460380915,0.26927511054790537,0.060356083205099734,0.1423337493714518,0.25835793745290764,0.26967711942263545
0.0395538675611928,0.0133019738521893,2.9735337026454043,0.3388521550406993,0.07041626661507311,0.22020737899369974,0.09078927041655305,0.2797349289339747
0.04151356888000511,0.00925567298840328,4.485202635401958,0.1997719239594924,0.3205968359491057,0.1887565362831732,0.21994688581942423,0.07092781798880435
0.041304121053021066,0.010941200640803344,3.7750994985855924,0.2236733661293228,0.1726027377458655,0.24142936276808813,0.26509527074005645,0.09719926261666702
0.04484705519428563,0.007599065213457758,5.901654208054775,0.04358213262166457,0.10870576451345236,0.21066755926918443,0.45502069484587143,0.18202384874982713
0.040548033967711034,0.010786169599510379,3.759261672424625,0.31230875128015906,0.2189951568570749,0.07407208476389307,0.12995790513651956,0.2646661019623536
0.04099713859822425,0.010704628284948047,3.8298516778832012,0.30212920655007186,0.19521877779161978,0.10266800325176194,0.32415549095865986,0.07582852144788665
0.039638930718535234,0.013986265345074071,2.83413261085426,0.4164673866037183,0.08354675418074156,0.04771383091315514,0.22126694164808886,0.23100508665429612
0.041297511575969614,0.012773920430355707,3.2329551292515473,0.17500343639835858,0.15037264191510114,0.3425786148581289,0.16745762445032436,0.16458768237808694
0.04108470115521172,0.012379088691753108,3.318879295418746,0.21660962658902483,0.034320214574044494,0.30452927774733957,0.11707915449094428,0.32746172659864686
0.04462958541849185,0.006046066277554686,7.38159050359305,0.017690174230878188,0.3415252108286161,0.16321496205216676,0.3120731533491515,0.1654964995391876
0.04416877249734945,0.008265676909768017,5.343636459483761,0.022013284581588768,0.30000621912220937,0.23650686729476877,0.28524460248681255,0.15622902651462053
0.04127842216759335,0.00958342219339958,4.307273678918493,0.20346040094271547,0.2730814582830887,0.201268901949571,0.11088531547819863,0.21130392334642606
0.0417288722482481,0.008096105466672908,5.154190792106439,0.207326684745661,0.29642638792984255,0.1144593920225219,0.13117547690865933,0.2506120583933153
0.04159123703904263,0.00868271041717136,4.790121406881166,0.18994028037321573,0.27662183548201386,0.17264501925761425,0.08092973015553777,0.2798631347316184
0.044290913131160056,0.008512272397787372,5.2031832466584085,0.050472997454703926,0.07642178959676099,0.2412237043898421,0.28757499195440395,0.34430651660428896
0.04021889023371077,0.01952551232168922,2.0598122892291566,0.16115575547083072,0.06546124519328327,0.565223967956349,0.09129641287542403,0.11686261850411295
0.043086244049725324,0.009908735944448441,4.3483088348787025,0.09183685337937961,0.16688198040458865,0.27829634483273635,0.23974971539805517,0.22323510598524016
0.04177147182046905,0.011905904489748606,3.5084669003044437,0.12232222533431004,0.2497567851683942,0.33405277700618563,0.10294218658551581,0.1909260259055945
0.042168277789597655,0.011988994459126934,3.517248918027146,0.17510883780004172,0.07228279952753393,0.3124925623522656,0.4004001726926951,0.0397156276274637
0.042366064257705734,0.009164363820877389,4.622913830766012,0.14692405051647098,0.23886950501215168,0.22841916983261404,0.24890478200818925,0.1368824926305739
0.03879480817382874,0.014283528834211393,2.716052078174745,0.397179399667421,0.11653322153449695,0.17464540275057322,0.08536249756601845,0.22627947848149046
0.04074770255589602,0.014236636697129077,2.862171973814089,0.1988719964126337,0.1222100032950617,0.38133990195717055,0.15919841495944756,0.13837968337568649
0.04326359771843769,0.007718574491284579,5.605127963367943,0.0885622770117365,0.29691306348775126,0.20499021745536058,0.24985530600502864,0.15967913604012302
0.041831082394304275,0.008353834091590647,5.00741120013544,0.2061879476818691,0.25126659519096245,0.13453031286743433,0.17372413229001543,0.2342910119697187
0.04123623663834333,0.01057665487993833,3.8987975977697564,0.2376929051354911,0.14599938783678082,0.21174208135868453,0.21622279283822504,0.18834283283081862
0.04192039652195994,0.010333464054209176,4.056761246959031,0.3013793307923463,0.05306242710424805,0.010334439818166589,0.31201695154166675,0.32320685074357236
0.04233090323400755,0.00937600193484477,4.514813833035796,0.16472646616046085,0.22975169714848093,0.22327984509836687,0.3383039620227019,0.043938029569989406
0.043823575372132516,0.008106656661493482,5.405875344430702,0.060308622643598445,0.21238801723859455,0.22707346857727662,0.2664406250123131,0.23378926652821724
0.03948809618453592,0.012998804109735747,3.037825314634938,0.3587878431929207,0.1267382247333471,0.16194119806210217,0.10808605896432424,0.24444667504730583
0.03823751189792558,0.015514632690831153,2.4646095502166294,0.4070175457416374,0.14941849997081022,0.2414872233303322,0.12846022644725502,0.07361650450996508
0.04281450540453262,0.013333303026792535,3.211095204129032,0.08001292845236624,0.023753690711523025,0.38914644342438653,0.16515351993760985,0.3419334174741144
0.041229814641862574,0.011133358348704873,3.7032684434035823,0.32056336302978833,0.09029829972809753,0.08255443233081998,0.38203788189165777,0.12454602301963644
0.040044462019805604,0.013476970739539216,2.9713251437373636,0.32842776438909377,0.050365520292716535,0.24371174428812775,0.2928940916066028,0.08460087942345915
0.04296490790765517,0.005896600245716364,7.28638641204606,0.11665164792668245,0.4073487256694329,0.11174845708245212,0.18158530526077876,0.1826658640606538
0.04286913181370046,0.009172112184136019,4.673856027169666,0.08394982122380973,0.2573856872683191,0.2560779276119546,0.12551528858648583,0.27707127530943054
0.043548427260179795,0.011402190315608391,3.819303664890298,0.1169924922362771,0.0023641608891862382,0.31360935700578596,0.5458156605981105,0.02121832927064016
0.04152504284664693,0.013844326132581542,2.999426801202045,0.1029117682862739,0.2567447981409515,0.4007365640869303,0.04405555316282896,0.1955513163230153
0.03919209100743408,0.013368425568783112,2.931690856622065,0.39052576242325815,0.1942201776764034,0.09871218826436408,0.10219332091903896,0.21434855071693532
0.042817144674528004,0.0075324299917782795,5.684373398924827,0.13110027882388736,0.2356697673228914,0.17562885340216777,0.18879571357400224,0.26880538687705124
0.04151800876530173,0.012404012380252962,3.347143447824826,0.15173459280250506,0.148606995142079,0.3401867371273818,0.09058741362257716,0.268884261305457
0.03771104077510733,0.01702158865707089,2.21548302775146,0.44216803219836376,0.05730223382345024,0.2743762649143691,0.11752646467976403,0.108627004384053
0.04279712928789038,0.009524311488718297,4.493461741416613,0.1422941107340709,0.08879182162715994,0.24421700826292628,0.27843683469167035,0.24626022468417258
0.04288295814232304,0.006978175281551934,6.145296787785179,0.14197929327057912,0.14630410032304503,0.13594719578690484,0.07206912962291874,0.5037002809965523
0.04029794940735226,0.016270851726579775,2.476695755362471,0.21074775442140434,0.1177790362731167,0.44381295817596866,0.20925251673144354,0.01840773439806668
0.04300442783112058,0.010027865679337949,4.288492607128717,0.059703564573671,0.23567465670095714,0.2886364231217869,0.0777659180686644,0.33821943753492056
0.040275208894657924,0.010454999563932964,3.8522439573882856,0.29912040564582865,0.298200768624586,0.080021533534921,0.017763098215645725,0.3048941939790187
0.04200886547044952,0.010623346469936417,3.9543909811595324,0.11789592402148702,0.23861237433170387,0.29299192596819534,0.049461219569023905,0.30103855610958985
0.04121187617993285,0.009898470104467533,4.163459175507582,0.26721127781690474,0.20738159717559335,0.12562413947922585,0.24960620720530427,0.1501767783229717
0.0396496742036343,0.01282966235420647,3.090469032541167,0.273779775122402,0.3016201685727903,0.27546410621140666,0.10581621850274596,0.04331973159065524
0.04305113750054776,0.008558182722478802,5.030406442184303,0.10715520641445414,0.22608878143628905,0.2271686959288402,0.26195250798989383,0.17763480823052277
0.04181169733478882,0.008401969566185044,4.976416184970023,0.23410570771137806,0.2716696484594908,0.07340243471532712,0.2191208255556575,0.20170138355814643
0.04255426237435575,0.010016352645897016,4.248478850411401,0.16401340077633297,0.05911306905680821,0.24934260384559054,0.301201387137012,0.22632953918425625
0.04090776214570039,0.009825511508334642,4.163423157257487,0.2726652475514274,0.29236824776114195,0.10458238140345759,0.1895946916649098,0.14078943161906307
0.0400240721519949,0.013349445319119494,2.9981824109703767,0.37197559280108067,0.03536712370847844,0.1554722621752971,0.3300929109798756,0.10709211033526818
0.040941959866025654,0.012476213034097799,3.281601536790873,0.2361910803341053,0.11476363193376905,0.2938109807079206,0.2648943391693604,0.09033996785484456
0.04141312702236491,0.010201711971916263,4.059429156240526,0.24057343058446395,0.10521872104587733,0.18940027648328314,0.20567955573973343,0.25912801614664205
0.04409963668591482,0.011992185554545074,3.677364437477448,0.012130470049212626,0.10922400246304786,0.35319430200856705,0.27957327852566743,0.24587794695350507
0.042030289857122885,0.017164313378344336,2.4487020791726604,0.03255466931093338,0.2053616211842093,0.510108206018427,0.018216027574591648,0.23375947591183863
0.0395876751637326,0.013819571349305535,2.864609484846429,0.3293249843180975,0.017728749366329077,0.2612255007247763,0.08976186265265211,0.30195890293814515
0.04168077704902316,0.008433939491521889,4.942029414714469,0.23622748858373752,0.28044080973604807,0.06836826188103423,0.16822321385323816,0.24674022594594197
0.04495559319492627,0.004839950766830823,9.288440184767207,0.11311307765104553,0.10622894605923838,0.012513870546035647,0.44127280539880265,0.3268713003448777
0.041190595141344905,0.00976108337446212,4.2198794499708585,0.2240386082168721,0.262262334554953,0.18739655119004922,0.16783985648099015,0.1584626495571356
0.041239754934639106,0.01254799925700792,3.2865601989581847,0.22150188094416795,0.06970275286364788,0.3071433909995881,0.2807521364835765,0.12089983870901955
0.04233829335926277,0.010757519672124587,3.9356928594768767,0.1645284726721356,0.04010133676329275,0.2764882001763469,0.2567389699768036,0.2621430204114212
0.038890464244980265,0.014017010300153688,2.7745192028969154,0.3598023676803286,0.18320842307420424,0.2293937460857789,0.09749041567518697,0.13010504748450127
0.044295508945126204,0.0036096790473377437,12.271315084867611,0.03403587020505653,0.47247331315696206,0.035350033874461215,0.06326645444840713,0.394874328315113
0.04242679667377929,0.008293192723460628,5.1158580402645235,0.16548919809902402,0.22087004395809196,0.17994120232379032,0.2516034579457013,0.18209609767339227
0.04134885162492673,0.009249526036966826,4.470375180270983,0.20918608927428764,0.2855586201390028,0.1792450533198433,0.13864826405916303,0.1873619732077032
0.04246299119314842,0.006837160120114352,6.210618216798208,0.10431918343737925,0.4896335066202002,0.16024835161584614,0.09437215331311186,0.15142680501346256
0.04029959480243955,0.012848306982692499,3.136568487717932,0.30154968853186775,0.11824679645841076,0.24567801629286154,0.30668473028810156,0.02784076842875826
0.04179857987392564,0.00935762947126632,4.466791509780656,0.26489670147070854,0.10653198335716489,0.0750074760344213,0.23853843244478248,0.3150254066929228
0.04327874997064352,0.006296637963450571,6.87331084014344,0.1266266671620173,0.2441519969471653,0.12440114671447082,0.23790768297025544,0.26691250620609125
0.04231747357705142,0.007921651007190946,5.342001754260239,0.22297373600033632,0.2278001016527764,0.049348680220875824,0.25337103568205654,0.24650644644395475
0.038700081776272904,0.015747649297041907,2.457514835788378,0.40170103220436715,0.04359029482442759,0.26296329863433715,0.24071593015269613,0.05102944418417197
0.0426523789401086,0.010581735353303003,4.030754646192792,0.08991651228310413,0.17830728681726754,0.30040098393392406,0.09585822631283945,0.33551699065286483
0.041901122297718946,0.008432898806382965,4.9687685408964555,0.1883563690074609,0.26242344704666215,0.163080265181648,0.1722731899068393,0.21386672885738955
0.04077813840143058,0.010797148527323771,3.776750713230953,0.28223355278053325,0.14958018167050266,0.1607862295115395,0.18309172756590875,0.2243083084715159
0.044742779809819846,0.006975675697082755,6.414114094858422,0.02892151922872215,0.20757682018173906,0.19385240602365672,0.371000772843412,0.19864848172246996
0.04081112404504404,0.009616138571868441,4.244024120496252,0.20550311125571916,0.42222169784453,0.19771685900772293,0.07937365640643962,0.09518467548558843
0.044910011788931455,0.007690291023856163,5.8398325433478995,0.04688093626525073,0.00027981006804388744,0.21273811002158655,0.3788606476899595,0.3612404959551593
0.04562170434527093,0.0041013941865904275,11.12346247879119,0.01723944416408215,0.30564439343500144,0.08273190649564562,0.5046373995066995,0.08974685639857134
0.04122061188767456,0.010766077761007535,3.8287492253647777,0.22652280344019868,0.11793138108827622,0.2319169723692834,0.14902669730199875,0.27460214580024295
0.04385475363881119,0.00611019695383549,7.177306062332852,0.07114228007091497,0.27934949724814667,0.1542664725949831,0.23318187286273498,0.2620598772232203
0.03759260893145313,0.016905988616688506,2.223626774144644,0.49374338887450947,0.11070136622179892,0.14181735581222446,0.1237946926761606,0.12994319641530644
0.04170342007922665,0.0103084447996834,4.04555884904263,0.15606580781206872,0.2662139154084163,0.2653445702200958,0.14114865157688827,0.17122705498253096
0.04140396670290195,0.008985571383930835,4.60782792031967,0.2560851154688049,0.2778122741325834,0.06070634938787353,0.15739105330714023,0.24800520770359785
0.04343459638984853,0.009664967742677473,4.49402393740591,0.08376243772656715,0.12150140243514508,0.272287139500321,0.2721284547509239,0.25032056558704285
0.04057671619117859,0.011467376626130465,3.538448026440267,0.31982848773942035,0.10780359381828758,0.12852051688088564,0.2192209985806681,0.2246264029807384
0.04218122186592956,0.008375508858214987,5.036257805942951,0.1919713430205276,0.24178391102197883,0.1550660372987696,0.284508737892016,0.12666997076670794
0.04365446804538812,0.006955940004038187,6.275854596222084,0.17015224270065313,0.06546503973832324,0.09710323384431435,0.43764167555833344,0.22963780815837584
0.04143040668245144,0.010771133030972053,3.8464297640108622,0.12128965729837692,0.40418272010964307,0.29487354011979494,0.011260939574435441,0.1683931428977497
0.04125288950219743,0.009160599162807016,4.503295992874401,0.14416295287673178,0.5341910426136501,0.22400548503444748,0.052897428395754294,0.04474309107941625
0.03985570862186266,0.015301252242010031,2.6047350890953656,0.26272497389940097,0.009810944669243947,0.3833392150449204,0.07018186054560449,0.2739430058408302
0.043576166785746336,0.006242915053511996,6.980099266484854,0.16748186125268522,0.1667901817961913,0.027040797767539444,0.30233879151582266,0.3363483676677613
0.0433528132876123,0.01699484068396219,2.550939670091982,0.006144065621169008,0.09960868722140713,0.5041131276378192,0.306456090368134,0.08367802915147066
0.04358341982971416,0.008249173192389684,5.28336826167285,0.06457947693042233,0.21017540957044953,0.2308209812090528,0.19089000127028802,0.30353413101978727
0.04042810569995628,0.012220163970106059,3.308311230426592,0.26624818294698205,0.16181489671660387,0.2571782138611855,0.19382220517009774,0.1209365013051309
0.04235872101431745,0.015308665380828163,2.7669767390281765,0.029328233846494935,0.2247397763045874,0.45393613397111854,0.011764794745854077,0.2802310611319449
0.042026959199793185,0.009514372342026211,4.417207745187213,0.1812432583950259,0.17178573703333808,0.2185717985342619,0.22810417662982954,0.20029502940754465
0.042056196219565675,0.014022694351380986,2.999152314506797,0.06996162869721564,0.32328880020308165,0.41066351810056767,0.16712631383918822,0.02895973915994675
0.042890700098737966,0.007768630048384119,5.521012048663492,0.10680228367214196,0.2172891954551658,0.19772190130125514,0.0843884340846075,0.39379818548682954
0.039307906058043504,0.014372802191420229,2.7348811689280854,0.30862072348891756,0.06712883095111284,0.3099163846980406,0.0059547818165868755,0.30837927904534224
0.04130999466994255,0.011245300583551209,3.6735340565611687,0.2641968864731333,0.00334485595790996,0.21176722946913168,0.26926828707691924,0.2514227410229058
0.04118207054011115,0.010776099702667997,3.821611870379698,0.31693478520472307,0.17967944402318464,0.02551781200732573,0.27745435006442964,0.20041360870033698
0.04062280400992818,0.011148628292735038,3.6437490732738733,0.2461721695313478,0.16708977843731784,0.2289949011835516,0.06150123247260118,0.2962419183751816
0.04338759767206056,0.010989154066758208,3.948219982037241,0.028457950538579833,0.276843647229523,0.32206149237217185,0.1792318430485761,0.19340506681114922
0.0418123496561609,0.010517016213257449,3.9756855754822795,0.12202575395334747,0.37890296781910426,0.28653419945380737,0.14421540051715395,0.06832167825658694
0.04271256718678596,0.012637195220384222,3.3799087884540353,0.08525838507981844,0.18013178966047663,0.36598054870284474,0.28505441340932475,0.08357486314753544
0.03970160787886701,0.013489665400298457,2.9431128720204294,0.29139205975365867,0.12821034492493147,0.2887346478580112,0.08193639865639434,0.20972654880700436
0.040436151774359094,0.012685865403060015,3.1874965159732267,0.30731242123378916,0.0855255815225076,0.22979575914964862,0.32742321640342575,0.04994302169062883
0.04307595192049613,0.0075189950682244214,5.728950681526159,0.0536134234462087,0.40887981579946037,0.20603999152285368,0.043207707662147064,0.2882590615693303
0.041503532240571614,0.01010303474129534,4.108026281541849,0.2751277799846011,0.10407023670271309,0.12229276899215813,0.30868194388273845,0.18982727043778935
0.03993212430352783,0.013930501093723083,2.866524616370101,0.28008998537161384,0.1483617934912896,0.3167303590475003,0.2162977718433107,0.03852009024628556
0.03954551564952164,0.01272175718596832,3.10849476777776,0.37564087031531035,0.20764824096829532,0.06011276318717235,0.06480297045360293,0.29179515507561904
0.04507720563650992,0.004548819693479862,9.909648804308995,0.03564026411546962,0.21561614912424806,0.10516789142825377,0.33184049509346664,0.3117352002385618
0.04189565657803069,0.009828347325470914,4.2627366728742775,0.2864839224471574,0.15350628442876452,0.017590319401602023,0.337267080860196,0.20515239286227988
0.03941609477171119,0.01475555307634147,2.671271931847106,0.4405016868261515,0.07349211087100349,0.009317706339705769,0.1679228587965902,0.308765637166549
0.04265910577132276,0.007010114384358959,6.085365149890308,0.14561987151524333,0.29942792617104946,0.13962086321180428,0.19601184931555898,0.21931948978634394
0.04406754566319869,0.008592419566860375,5.128653846602226,0.0155564761408453,0.3670705109538102,0.24571769617283287,0.3001931512769201,0.07146216545559143
0.04181072694984877,0.008732840829710115,4.787757817319186,0.25149160961193523,0.3027600095618099,0.00715415740215903,0.19319906851308227,0.24539515491101355
0.04382119549208685,0.006752518103655195,6.48960799799501,0.07878744027193761,0.2178645902568217,0.1749308578085438,0.2570379031682507,0.2713792084944462
0.04294717322010055,0.012243415526668648,3.507777149811903,0.02790884711672917,0.29324296319946386,0.36050057718886175,0.09671334803311989,0.2216342644618254
0.039907584585465145,0.013690262534563988,2.915034279635612,0.37654189576639446,0.006187882947736716,0.17251924740207136,0.3212631890649339,0.12348778481886367
0.040175500057721775,0.010711595888232317,3.750654942262926,0.22681606001137528,0.46235342815090535,0.22448943133749374,0.061890681238207304,0.024450399262018124
0.03796494224769817,0.015752124485962,2.4101474237035023,0.4240207827438174,0.11921592953113512,0.22607343518719986,0.04067988120248232,0.19000997133536526
0.039476459424718745,0.013955532229342878,2.8287319162013476,0.29368341488721766,0.15863830565396814,0.3066386359348401,0.0817280752184704,0.15931156830550364
0.04105239937854019,0.010697473644176163,3.837578922280367,0.3034385598324733,0.1582456966096413,0.09866690866185059,0.30200687947578364,0.13764195542025126
0.040567882173355954,0.009482863987846937,4.278020039657534,0.2619298551028805,0.481949063322963,0.0920357994406684,0.14875138595542486,0.015333896178063156
0.0412738911618198,0.012247787744344145,3.3699058167365368,0.18411779824852248,0.09406274983992981,0.31953671602490386,0.08519983380579293,0.3170829020808508
0.04351765922810994,0.007075052521301363,6.150860237021313,0.12250027875532139,0.16515499755613539,0.1621992890044368,0.3332465945565032,0.21689884012760316
0.04239397014906149,0.008006885240614246,5.294689367348701,0.12459466297341068,0.2940286855551937,0.1972383410674428,0.07373999531983877,0.3103983150841141
0.0395476589255899,0.015975216247324193,2.4755632921221977,0.2766355409010202,0.031469639203122256,0.3993109069881132,0.100060239624326,0.19252367328341813
0.0415310264198552,0.011313489012926588,3.670930017468758,0.2314293283411708,0.040502428026813274,0.24996364887488043,0.2902217493236971,0.1878828454334385
0.03990504763167714,0.01380326076243566,2.8909870152040567,0.24317804259425913,0.24428288810427912,0.33986903869510665,0.11691916850787554,0.055750862098479466
0.04116124316136521,0.009988780635505748,4.120747532992665,0.27948825602224536,0.2870694630770638,0.09577732902707857,0.330061049198845,0.00760390267476731
0.03659464466633866,0.019481769498806503,1.8784045601494532,0.5870199658267764,0.16742015047014094,0.025033333156409338,0.06849924312095344,0.15202730742571974
0.041278874786253944,0.01121920146950962,3.679305955814893,0.23660868010561126,0.02834229953611937,0.24131538815168682,0.16666908175648842,0.32706455045009414
0.03871263188634971,0.014259413466977731,2.714882486295898,0.33003941084462907,0.29048620673267583,0.2809887610662805,0.07688821042840485,0.021597410928009726
0.04341734984867568,0.010160009208563569,4.273357332400889,0.05975613144091166,0.22370729139103515,0.29293799863432085,0.27452353504971666,0.14907504348401576
0.04236864614947684,0.009752857266395578,4.344229079970456,0.1646832701228239,0.09741255670716553,0.23965618737699365,0.23681267932748867,0.2614353064655282
0.0405338344772061,0.01212955552665036,3.3417411205338476,0.27883546966462736,0.13524439708223918,0.2387839377402596,0.25109036179869965,0.09604583371417419
0.03951075571054561,0.015528561053780065,2.5443925920571786,0.3225175453297639,0.032743657588022605,0.3450868243767219,0.2672798935948825,0.03237207911060891
0.04150003562493416,0.0117299496921418,3.5379551246273557,0.22927222318546905,0.011941535334956482,0.2690864008924632,0.27923093173053065,0.21046890885658054
0.037632775033175435,0.017548920055504784,2.1444496250565974,0.5078284088331277,0.05801167951257019,0.1635295165753824,0.24546718899492964,0.025163206083990048
0.04234866303146216,0.00839898670483663,5.042115736065555,0.18592940089088134,0.1100160845863883,0.16291469122548607,0.17634145644296356,0.36479836685428074
0.042654101485077214,0.007259008007616013,5.8760234787350205,0.11169384457335065,0.3692581480065726,0.17599380013952529,0.13543675800851307,0.20761744927203835
0.04025764007089341,0.012821812235066316,3.139777695448774,0.24843097116892038,0.15305872235788745,0.29894223778657203,0.09027614136482738,0.20929192732179275
0.04141096343911117,0.010985731849051788,3.7695225050195886,0.18675384258996183,0.13645619092458922,0.2719537986249085,0.08473772398574562,0.32009844387479486
0.040156203565544356,0.011678063961877268,3.4386010983184563,0.24078498319471173,0.2968973270959794,0.257174758586158,0.04360332766113609,0.1615396034620148
0.04332745125557787,0.007672302747268572,5.6472551570000205,0.06146579833923217,0.295878544526823,0.21123841180942776,0.09526569777730265,0.33615154754721427
0.04248085490689448,0.011995026514757264,3.5415390582614434,0.05600272887022666,0.2741463258191939,0.35056534645969306,0.028611785765816886,0.2906738130850694
0.03949458250618276,0.013679594996299204,2.887116359575513,0.35211363662701417,0.029142361600602497,0.22106565350635834,0.11158398412520776,0.2860943641408174
0.042337566207639274,0.012424302871605068,3.4076411888186513,0.04824876157141726,0.38096203321177324,0.3637555085091006,0.07560864943190372,0.13142504727580517
0.039490180173693476,0.012133049391088271,3.2547613465332983,0.2925309155592765,0.3574590380504047,0.2203588536729053,0.07780347576181651,0.05184771695559691
0.04051637874892429,0.01174676444502534,3.4491522272826924,0.2678624827385566,0.12200037875545121,0.23377337857749345,0.12924076224952208,0.24712299767897658
0.04390772589527037,0.01320721502304633,3.324525709519551,0.036663855074152644,0.04763460013892934,0.3883789826976492,0.3958408387820956,0.1314817233071733
0.04232526990866708,0.008094827571458437,5.228680850213759,0.15360491570406903,0.19567976094235465,0.17998535927089812,0.08219247016369367,0.3885374939189845
0.04259257075071813,0.005859272471668726,7.269259273513137,0.14742464320236462,0.4104674831630436,0.039084503589752635,0.0225532167541784,0.3804701532906607
0.04414633852759367,0.00499467334793423,8.838683824208916,0.12164786816411255,0.23519618923814334,0.03373729738761156,0.3408318308960986,0.268586814314034
0.039386703783351504,0.013769892403544197,2.8603494224264137,0.3914676279768875,0.06096747894591581,0.14303017428883316,0.16455575514683343,0.23997896364153004
0.04140430124520073,0.011492993603082667,3.602568893286011,0.2171919912926299,0.04435806517879137,0.2698751601074585,0.18623085718100854,0.2823439262401117
0.04243245925210966,0.012098666020513007,3.5072014699939986,0.10825846119081475,0.14395087501055512,0.3446032353259341,0.21334806264148395,0.18983936583121208
0.04262880739797299,0.007033221880598836,6.061063922292099,0.16486933242096988,0.23834948405048775,0.11699390905520854,0.18142521933713515,0.29836205513619873
0.0405447519270139,0.011664726153027723,3.4758425868823344,0.19238060505268625,0.3353143223504655,0.29251539577554303,0.021641313908746136,0.15814836291255907
0.04042161890457391,0.010008554468760287,4.038706991178592,0.24955975210319437,0.35262364201371665,0.1638110528138554,0.033158963976514404,0.2008465890927191
0.04429157545553872,0.006317600763885059,7.010822163491898,0.04249169612252892,0.25231024015345627,0.17044414000660982,0.24288009512614356,0.2918738285912614
0.04231416031865717,0.008924273220693906,4.741468495220167,0.1696436175777147,0.16519079562419473,0.20352720915238123,0.22723199722860596,0.23440638041710343
0.04547622301513529,0.004181148576676998,10.87649055783564,0.015718705134537242,0.23998200147365398,0.09331472001823028,0.3712174232779005,0.27976715009567804
0.04204314297165414,0.009776768032044308,4.3003109855786334,0.2264755017423999,0.10137725031211715,0.18271403747726092,0.37929528866018414,0.11013792180803797
0.042559958409321336,0.011690790959389762,3.6404686866065465,0.041816771268397494,0.3968083642622213,0.34148112429872696,0.0892767254301268,0.1306170147405274
0.03923888193667538,0.013053221655604484,3.006068767692144,0.3354823167524242,0.24440969170283003,0.2107042693219144,0.10616920405246685,0.1032345181703644
0.04435012036441375,0.0036506077736515753,12.148694988410622,0.025572805760201624,0.47134665041986606,0.027935489730489052,0.0031428234459905417,0.4720022306434527
0.040156580537266506,0.011351701974258718,3.537494256660908,0.3061674512947587,0.2440963387113539,0.1521813349812625,0.1568293296666547,0.1407255453459701
0.043339181935650256,0.006807450569309611,6.3664335854363125,0.11703945553250779,0.1880866739689969,0.155437109632469,0.2156494953995616,0.3237872654664646
0.03730537330944268,0.017571136595060332,2.123105304407577,0.4996876316672443,0.03954439761696974,0.19318568251612966,0.09074954409293674,0.17683274410671965
0.04291314519691434,0.010415062421011518,4.120296495807904,0.10882449444625639,0.06607199245095602,0.2892451982169471,0.1878728369377816,0.34798547794805895
0.0426317638138798,0.016058042093532645,2.654854406630911,0.038532135018446365,0.0791841785443782,0.47676671641571505,0.09490716990082614,0.3106098001206342
0.03971477732236934,0.013572724144658306,2.926072680700545,0.4000532803173223,0.08477936595219303,0.08038058983257956,0.23273824434453472,0.20204851955337053
0.03987570907738862,0.014163439628790613,2.8153972567745202,0.2468995033267445,0.16025088889482259,0.3516777183914411,0.058947642646558905,0.18222424674043275
0.04066853214970864,0.010231717033784254,3.9747514532922117,0.26897010488252526,0.3385656178759387,0.14411309345045378,0.22139031562749215,0.02696086816358997
0.04278106806376901,0.012684313070676315,3.3727540329062506,0.08605697191197256,0.03493337694178616,0.3677757212794045,0.1455478003793004,0.3656861294875365
0.041776010823723286,0.015113842984277778,2.7640892436940696,0.03537163855414604,0.45949578018178017,0.4451029845125644,0.04737404947196046,0.01265554727954884
0.04454023462788248,0.004659370933511082,9.559280697645391,0.0265621021180413,0.40281915053741,0.11075412170534835,0.2587244442728939,0.20114018136630646
0.04114853847430247,0.010725971417957617,3.836346086603479,0.2720390689101387,0.1671843760367418,0.1712067110893949,0.33823132183285376,0.051338522130870805
0.04130884765910541,0.010969833279449422,3.765676889227865,0.2853033791776522,0.017773332475901293,0.16404738398729993,0.30440968021973225,0.22846622413941434
0.040335071030491096,0.011775668443252655,3.4252892924819656,0.30384692929241225,0.11676363198039928,0.1856099701317553,0.16255422364451455,0.23122524495091856
0.04067091800346541,0.010756202149535233,3.781159691687532,0.27022860546292915,0.1911119601283982,0.17859067895651637,0.14665411297676753,0.2134146424753887
0.04288106077125731,0.008727002916901346,4.913606787985683,0.06115539987327124,0.35569802335604,0.24558149410277003,0.054566371277238915,0.2829987113906799
0.0347905918938271,0.021933749847371797,1.5861670774911234,0.6562560492893598,0.18389806320223714,0.11659367781036097,0.006671405954824436,0.03658080374321777
0.04112429591773861,0.010013152710485099,4.107027737095832,0.29157541148764515,0.37761725396833906,0.017167563590203064,0.28615114712637657,0.027488623827436266
0.040383584770904514,0.01004382853370321,4.020736179972886,0.25594271150776243,0.3268049831896461,0.1552620350631181,0.004726409435416384,0.2572638608040569
0.03814506559467162,0.01577728132455883,2.4177210769066546,0.46811254720913986,0.12165911883594756,0.08948673407134988,0.058523661743183374,0.26221793814037947
0.04248430353844465,0.00847128665005947,5.015094553334045,0.1553200621757976,0.20631497487591619,0.19610755089969595,0.23242642217153206,0.20983098987705814
0.0434291974298719,0.0059546536271399084,7.293320510185823,0.10467278838436266,0.23531331887599,0.12590005377779687,0.13960432911711237,0.39450950984473804
0.041447965956150155,0.008731649116306363,4.746865729950834,0.22011184758718957,0.31459185325414546,0.1345768291868512,0.17348157740012163,0.1572378925716921
0.04328079070814195,0.00986671787434961,4.386543859803522,0.05735859791097865,0.12654736593717775,0.28208884230450193,0.036020147880381964,0.4979850459669597
0.04283449231909508,0.012549845547979055,3.413148963095635,0.0594157359209661,0.0949840279451767,0.36717354509082933,0.04650570013904542,0.43192099090398256
0.04115991378592754,0.011553264572390712,3.562621934954125,0.252404835315361,0.02386690501532024,0.24063016395493841,0.21968566200001402,0.2634124337143664
0.0405539028685766,0.01069363887376629,3.7923389173037925,0.2627146444834164,0.227869720081081,0.1859424007848444,0.10228936943693077,0.2211838652137274
0.040408252503846005,0.011335799964249958,3.564658218324484,0.28128956154565576,0.1726945153833929,0.1952756798197696,0.12848819892299448,0.22225204432818724
0.03942622477390372,0.01419555802130432,2.7773635044662477,0.4189635085090199,0.0673543852939721,0.08499869464798691,0.22653314895107077,0.20215026259795035
0.04147559217879268,0.010638675578482812,3.8985672486036593,0.260623052435381,0.02237666941106341,0.18434103224601447,0.2658250633282276,0.2668341825793136
0.04196745832803141,0.008994548531413196,4.665877134517791,0.19141369598488947,0.20972476706982932,0.18681663885109662,0.23011645814392614,0.18192843995025842
0.04127039222016301,0.009144946697130386,4.512917744300614,0.2627816223020708,0.29636280953638466,0.04947233115920188,0.13354324769147902,0.2578399893108635
0.04018721614037804,0.012012491724716986,3.345452139433199,0.35538428904064473,0.2764350385615966,0.03680421674500883,0.24110915769071428,0.09026729796203564
0.04097847005426571,0.010202274351568643,4.016601459846559,0.23794101470953302,0.2682257143009448,0.19237656944203035,0.19169788140215904,0.10975882014533274
0.041862133344710076,0.009779666756291114,4.280527587280087,0.15273827049216912,0.2957589002150042,0.24757129663823874,0.1778964062731599,0.12603512638142805
0.04523387839519655,0.004910552045661828,9.211566841076028,0.02956662352878301,0.08392751015555429,0.11328171412869642,0.21912957530945293,0.5540945768775133
0.04195153966206228,0.008886991865422663,4.720555650026701,0.25260450214579216,0.1174330077312896,0.0528808894430658,0.16917138335653167,0.4079102173233206
0.041428406736246634,0.011124439145454343,3.7240894749444577,0.1431433579255824,0.28846003366141726,0.2997366526291564,0.04138138860375745,0.2272785671800865
0.04169918680145963,0.010189918382820334,4.092200274318415,0.2979348268500596,0.12492068552036922,0.015825336914428053,0.28681592768224595,0.2745032230328972
0.042639640815109625,0.0075068933423730905,5.680064824476421,0.20050079146547956,0.2120635860457425,0.08130796534026724,0.3146666979453923,0.19146095920311829
0.043842686109815045,0.011672064216067516,3.756206725581764,0.01221377051241055,0.24624353206897104,0.3426770621707129,0.2989289523335685,0.099936682914337
0.04360220548561483,0.01032735830650507,4.222009558644864,0.01717133038963529,0.3028046707705781,0.30174567306991523,0.1714442531262978,0.2068340726435736
0.03953508709875577,0.01198515007300996,3.298672678933498,0.3474802372791547,0.3153051236891899,0.08972322830081929,0.07267556348414912,0.17481584724668672
0.03925445160496636,0.014545350602702477,2.6987628333739178,0.4240628249389501,0.07391709964275206,0.11490531766915624,0.27807255240273854,0.10904220534640312
0.04426648030330767,0.005643883019619685,7.843266798660646,0.061985519701137234,0.21394619992507047,0.1398009691862217,0.2378138420961651,0.3464534690914054
0.04366130490376703,0.009151495813846276,4.770947372090492,0.044056125980217534,0.2665177416272152,0.2633246381658414,0.2419076064780355,0.1841938877486902
0.04085718653838055,0.01058535057460786,3.8597858663641027,0.21205730074915177,0.21857686345483612,0.23611289524475398,0.005636039357385866,0.32761690119387227
0.040231811306569394,0.010289975874803911,3.90980618381052,0.25837550090055966,0.34479223150301574,0.16646133539887392,0.0054698015382427505,0.22490113065930803
0.041022129317543315,0.009893326479128757,4.146444515308857,0.24605740787771663,0.21200028836773724,0.1648097913889097,0.1212002309303671,0.2559322814352693
0.042039852056285854,0.006898329067728006,6.094207980445307,0.17604118033918545,0.4549904070622242,0.0811193729457084,0.14995358878305506,0.137895450869827
0.04214679869205566,0.009682785933073677,4.352755393269001,0.18596589616992576,0.170895513069384,0.22034189332645993,0.3251701579049396,0.09762653952929076
0.03838733745814139,0.016539203066521832,2.3209907577617153,0.46970278374854285,0.016977389920622157,0.17790077066679968,0.3144044253336625,0.021014630330372968
0.04145615402026369,0.010214619598952892,4.058511784865037,0.1952653693679079,0.2144360049418823,0.2360661380050862,0.1633059717794731,0.19092651590565055
0.04363482456249072,0.006813290152465085,6.404369047266159,0.18103180539045902,0.018855759065930327,0.04568556530667223,0.29938272620187284,0.45504414403506555
0.04445223957334614,0.009582103000313745,4.639090142517842,0.0058609198961488045,0.2067900242821076,0.27852531347967113,0.3066245463395783,0.2021991960024941
0.04105260342775957,0.010943527632716762,3.751313544000998,0.1922769255196575,0.21610046311511047,0.26642221671258354,0.03793006953877302,0.28727032511387557
0.04380648289729421,0.004302067532273248,10.182658121627977,0.022872846068109666,0.7351336249959758,0.06746530107901982,0.17110474209030851,0.003423485766586331
0.0417801206468596,0.008959141799741431,4.663406560666939,0.24749272308769388,0.18585116064711307,0.09226596066132373,0.25073520705548996,0.22365494854837945
0.039572362154483745,0.012195491975319248,3.244835241954053,0.2808694317870277,0.32677573941167876,0.23875927707609826,0.04551888620317003,0.10807666552202516
0.04162981296115108,0.010175612357017185,4.091135894386033,0.27658894549357704,0.026872318155765886,0.12321205868240477,0.28542771962498625,0.28789895804326593
0.042118281582779644,0.008984261937477955,4.688006858647201,0.17721314698042115,0.2876230278027868,0.19684022247752142,0.324713233680108,0.01361036905916266
0.044214326048439605,0.005179405497274831,8.536563910993873,0.0717848508917797,0.30584795731732406,0.11580230053750727,0.33166905246749734,0.17489583878589152
0.04081245752215597,0.010440715677071525,3.9089712606371148,0.2734217952404138,0.25264139645650474,0.15198023023052945,0.23834367669104883,0.08361290138150332
0.04257125215079108,0.01016181260773355,4.189336469203598,0.15078801293638766,0.06024752081413895,0.26263782894296256,0.25110020324773713,0.2752264340587737
0.04178070839142645,0.008693188133085157,4.806143356361337,0.2458988438899106,0.26891145464840804,0.0639875650049897,0.2611288053339183,0.16007333112277342
0.04102016855957023,0.009806468311942755,4.182970591932066,0.22771857674110285,0.3020332091186927,0.1846575830445942,0.1555257861230949,0.13006484497251533
0.0435932536380566,0.01154011451641709,3.7775408186842836,0.031486516306834876,0.18968191307831142,0.3391144520574202,0.24071059341635467,0.19900652514107872
0.042647792032867574,0.007774308346027333,5.485734567585111,0.20182463205761345,0.2186869716394903,0.0985488137416558,0.38752094014831767,0.09341864241292283
0.04152371543544559,0.009606687637589324,4.3223759324671285,0.2235636075546409,0.23709125793529162,0.17934093733518525,0.2692057035977704,0.09079849357711174
0.04128192209008824,0.010106564255165481,4.084664288260869,0.22486218490907078,0.18604086409497048,0.20372631924436496,0.1695053612041238,0.21586527054746993
0.0403307800781578,0.012368140551843399,3.2608604267637253,0.28998742582155296,0.12268863572757756,0.23766547603210353,0.2174192075808034,0.1322392548379625
0.037746225071427414,0.01602975171743557,2.354760431527509,0.4178159119620065,0.17778478590881605,0.25487988827925284,0.04775279170089871,0.10176662214902588
0.039406034687845856,0.012937464641720136,3.045885401747967,0.3548851932577164,0.16739780031189957,0.16635570986737214,0.10383658715000953,0.20752470941300247
0.04114280571432376,0.009816932231271948,4.191004352995622,0.2864424631741777,0.31820255360532274,0.02492346473463693,0.20433060364481184,0.16610091484105077
0.04131456255997241,0.009738955507410304,4.2421964581865526,0.2443364224978393,0.17790813960323346,0.15856475215707544,0.18769502148279363,0.23149566425905832
0.04182258711572999,0.011114406031757108,3.762916974261209,0.17407402578855333,0.16405357212195523,0.28416897353353116,0.25908642205514726,0.11861700650081304
0.04077271439338233,0.010303525201761813,3.957161611679326,0.2992012538355534,0.319036536163323,0.057364942486084994,0.21776705744339936,0.10663021007163938
0.039667275695209905,0.013585640916412548,2.9197942106131074,0.3059957219737746,0.09885014236382532,0.27794142180479314,0.1056141457247445,0.21159856813286243
0.04147593632426608,0.010556229986034777,3.9290481904179915,0.23322662194146132,0.09374521713062939,0.21530204949160553,0.2426422893063994,0.21508382212990443
0.04434975503855515,0.0038891870076592262,11.4033485536217,0.07269377334825615,0.3592299697129536,0.01409005113718493,0.17237163051872362,0.38161457528288156
0.04207356867914288,0.008558653888818695,4.915909584112189,0.21996345483114088,0.1701387273311091,0.12387025316407119,0.25941933743982304,0.2266082272338558
0.041715472173815646,0.007555371681548834,5.521299802588146,0.19484147252591708,0.37124463618587095,0.09565094271977816,0.07087736018373962,0.2673855883846943
0.03928073929715252,0.013508892756084764,2.907768979027495,0.39368196048397736,0.10014508135036114,0.1011227328548394,0.056500513982786986,0.3485497113280349
0.04140772492288876,0.014847402110054449,2.788886878388512,0.09890348168695559,0.21981735363726068,0.4328701531127286,0.005303844599304506,0.24310516696375056
0.04109775764231391,0.00932443177699785,4.4075348101850755,0.22735084408167386,0.35834036505854283,0.15767184376512652,0.18210706560251302,0.07452988149214383
0.041547542347448514,0.008783478788669193,4.730192142211968,0.25124734173827984,0.26613387394388377,0.046349338664364796,0.13344089012506763,0.3028285555284039
0.043742788541050154,0.012856688730116033,3.4023370604427297,0.0018509403981278464,0.20425908103353316,0.3794777739912989,0.22841718114488824,0.18599502343215196
0.04232729900877517,0.009595475867360202,4.41117247272279,0.18752725126530825,0.07399512131518597,0.21589363670822245,0.2880737938825914,0.23451019682869184
0.04474498178556309,0.004044552892697893,11.063023026932463,0.04160617482448981,0.3773264408661473,0.07818935470578108,0.34175846300133644,0.16111956660224533
0.03865134297359088,0.015611628955642312,2.4758046122804895,0.45892039840104126,0.12093448820027336,0.10943699150068847,0.29139826580373446,0.019309856094262362
0.04238937095562484,0.010671547469295849,3.972185953123241,0.08193953027100428,0.2633196831133159,0.3045522385656634,0.029381238187778293,0.3208073098622382
0.0412358669891815,0.009925011964167315,4.154742295329927,0.22371524974199075,0.24395917532808178,0.19591943311121846,0.1891098035848036,0.14729633823390542
0.04008465197839102,0.01087177773586578,3.6870374792663894,0.31678883732899976,0.4460315261880184,0.04878197176667755,0.15323624307232867,0.035161421643975496
0.041480330576743246,0.009948913415138365,4.169332754833946,0.24241092635228503,0.11424282729475439,0.17327474870470452,0.2158081899471897,0.25426330770106625
0.04240715517166136,0.011512871296263405,3.6834560276396857,0.06101121550444834,0.30151127972497554,0.3346639086873293,0.01843182623507191,0.2843817698481749
0.04102317739372376,0.010913663604532976,3.75888234054464,0.18549339995905298,0.3391650295686683,0.26880671304891923,0.13582473698254913,0.07071012044081053
0.04247005197213407,0.015227046836199565,2.789119415536909,0.0820046775011856,0.07245111663670153,0.4472253440558791,0.24641312819649255,0.15190573360974122
0.04186185735619991,0.009116908419673449,4.591672464962561,0.2136585351430522,0.21210353226628023,0.16649861191552479,0.2887209446742853,0.11901837600085756
0.04166754880742656,0.010666689089838038,3.906324488929042,0.23978541609881887,0.021555368302869676,0.2122365899968948,0.2835575717124699,0.24286505388894677
0.04236740412679161,0.0077331560486073115,5.478669234202469,0.19260517654103632,0.20825553884553688,0.11738750655792321,0.22577253032649,0.2559792477290136
0.03912965386618868,0.014732820123019333,2.6559513751919392,0.440353946196404,0.21724283864720736,0.027043395166393817,0.2628540508912943,0.05250576909870054
0.04086642677087549,0.01550526825439861,2.635647839196997,0.14797154438391036,0.19876233358936504,0.4419406372288905,0.11112032815411352,0.1002051566437206
0.04189903895690064,0.01407764734160382,2.9762813302671653,0.026765252541263353,0.5198016496383285,0.4128135333784398,0.02377838880338188,0.01684117563858643
0.04180514602888805,0.009782939907762325,4.273270246269993,0.19982257258257458,0.10105485658531414,0.21343275540589107,0.15544607115028983,0.3302437442759304
0.04459610399829665,0.004359256692974532,10.230208299081964,0.09731079829716131,0.22962511431922786,0.01827624550160619,0.3231849831220912,0.3316028587599135
0.041998707605866464,0.008845406437111914,4.748081154265121,0.24858294605914394,0.1564711900320971,0.07399336293607199,0.27328458811910805,0.24766791285357875
0.04398168199095983,0.006822292436375262,6.446760000561871,0.08387577204683004,0.17051291894322823,0.1748903434630949,0.3122980912792629,0.25842287426758376
0.039808051581516124,0.011728698179982752,3.394072468286047,0.32469457458210554,0.328056725872128,0.13654321994998656,0.1876534825022814,0.02305199709349858
0.03881031784372313,0.014017701578648687,2.768664864633569,0.3724351945167507,0.2049248249371933,0.20740482399382176,0.11611962330848952,0.09911553324374463
0.04194628070772524,0.009959535381496127,4.211670434512182,0.28977291387265636,0.11463941961955643,0.03165241900414087,0.37835073711985534,0.18558451038379095
0.041958795214822875,0.01111325154480507,3.7755642482902916,0.14054317049564066,0.1594244235516209,0.30125792647583555,0.11858815028554281,0.2801863291913601
0.04077851085656698,0.01065191880510154,3.828278416564428,0.2901816953077476,0.20411144327003838,0.13332620491460193,0.23095745958901662,0.14142319691859528
0.04078502573854322,0.009838528771577999,4.145439494608676,0.2332784173340406,0.2956784786937407,0.1788438372257792,0.05868176916905697,0.2335174975773824
0.04397984112514737,0.009556831908942144,4.601926825143412,0.06017828781244124,0.19942101642295224,0.2705971397152185,0.4522042281557186,0.01759932789366929
0.039030593698105534,0.01419077163010374,2.7504208168150335,0.423484446297095,0.31191746710823354,0.013806672448411859,0.17005123755056714,0.08074017659569263
0.04232990028902296,0.010793878525907017,3.9216580200920825,0.15238218082954197,0.19299235386781208,0.2820737357087264,0.3718558739332341,0.0006958556606855558
0.042923964850426044,0.011451255408514854,3.748406905544077,0.09620296930147113,0.05560881989901938,0.32668451243465185,0.19557734417515146,0.32592635418970617
0.0398069344078939,0.022614415944171188,1.760245964616833,0.1559295786983304,0.017031903041614095,0.6617291460210658,0.07613465105351518,0.08917472118547463
0.043949452582998025,0.006752632078756845,6.508492106545969,0.04384384902513315,0.2935781060184982,0.1847914619766052,0.18258642060875951,0.2952001623710039
0.04446819940318224,0.004231423492332748,10.509040157232594,0.03828339366578728,0.4218421581715656,0.08831325522258958,0.2697153278865831,0.18184586505347441
0.04359975517834409,0.005486075758276703,7.947348359629605,0.13516493819491274,0.32783136456219153,0.05253356276384249,0.3510043878623164,0.13346574661673685
0.04266082808394562,0.007306175983227191,5.83900910433614,0.2049868639388008,0.3058197292818084,0.01819962302178566,0.29158814630938673,0.17940563744821844
0.04091524949308495,0.01162569196353585,3.519381867454962,0.279885809958156,0.05927700332884873,0.21193673276400485,0.267614660413388,0.18128579353560237
0.042049531177355784,0.014574625023249793,2.8851192473410023,0.07761560530674082,0.12225330196880477,0.42787455196068563,0.017262857048229257,0.35499368371553947
0.038209295334163736,0.017633509841799594,2.1668570623183587,0.5254267832802333,0.003934166271448256,0.08466936030337319,0.35442966063613807,0.03154002950880722
0.04143899347186841,0.009534357060390464,4.3462808461435305,0.20167873450363907,0.23389389284756926,0.20111669312371983,0.12487493986228104,0.2384357396627909
0.04224801812968246,0.00943758053864056,4.476572989942197,0.2039580164885421,0.07125973889928695,0.19326448822290643,0.30266487157844035,0.22885288481082416
0.03894428865033645,0.014058089210982836,2.7702405402230164,0.41564761283176327,0.28331511395932935,0.07566562214121274,0.2155161383188882,0.009855512748806586
0.037867369863803874,0.016899154111155727,2.2407849301052467,0.39843869925231046,0.08984716250640837,0.32907924360029284,0.06810549586057787,0.11452939878041023
0.04311958196179183,0.009052256894836975,4.763406790453043,0.12396995571821104,0.09614806725012648,0.23661697719594096,0.2838432875163242,0.25942171231939737
0.04478278961643019,0.003944146321099986,11.354241443035685,0.0611992471930624,0.30950268577517187,0.058955368366104724,0.36397325495464866,0.2063694437110124
0.04303801646234857,0.007385582544841929,5.827301529844277,0.20176617853815848,0.09418613487816796,0.007083259667369388,0.14872214510173598,0.5482422818145682
0.04088696267110878,0.01006768682340607,4.061207245347747,0.2934189053040272,0.356916220105653,0.03708357866555739,0.21794140039242973,0.0946398955323327
0.04100191642413603,0.010729554583853924,3.8213996772835883,0.2851546240826038,0.16830387398271737,0.14887696332890726,0.30138528619311,0.09627925241266164
0.04323021585399483,0.006515134809472419,6.635352470549341,0.17475982257919476,0.24243813595026129,0.04774990354949186,0.34666147593595825,0.18839066198509397
0.041573083986114624,0.009603262479167925,4.329058387844536,0.21711275899108765,0.1732353464823899,0.18809640247014134,0.18972038750592088,0.23183510455046022
0.04038222202169623,0.012524960180586386,3.2241397528982514,0.3687675265532532,0.16720427334080262,0.05980378068992491,0.36434739432989144,0.03987702508612779
0.04188330319523389,0.012338072401913291,3.3946391162965583,0.1487965230383911,0.03743581903680051,0.33847816511900153,0.09887444244732935,0.3764150503584775
0.04114830812444749,0.009440836284384035,4.358544824308666,0.26064560210781246,0.27086741716954177,0.10201632479235627,0.18091907092652848,0.18555158500376104
0.042711263866859875,0.007499800926821607,5.694986344785658,0.195779157440605,0.2712225040791294,0.08697778591487046,0.40541470272545826,0.0406058498399369
0.04039849081246603,0.011573995329815005,3.4904533535103597,0.3319104685145933,0.23779745543572345,0.09800745521414699,0.2984696440200321,0.03381497681550423
0.040045770801512434,0.011445334270139164,3.49887297796026,0.33590085565676353,0.2559038960115538,0.048037538727513165,0.03448524231264483,0.32567246729152477
0.042698534980947264,0.009493037554449444,4.49787907569524,0.10028249527224657,0.3044400043324666,0.26088500054725877,0.23901562888165742,0.09537687096637076
0.040360971649090985,0.010516359907396312,3.837922247288676,0.30697056783205556,0.4105447257083486,0.03964509717365549,0.1412273157279111,0.10161229355802917
0.04223775211972988,0.00838983982800543,5.034393145234971,0.1576335518223693,0.29756260146406743,0.19009921674769586,0.22877625385578396,0.12592837611008342
0.04308604696672319,0.0130380167024902,3.3046473209758935,0.06284246353547596,0.11872641457910324,0.3823675293726461,0.26794226311571123,0.1681213293970634
0.04034324199931709,0.011941565884833564,3.3783879257037133,0.33993132892639927,0.027738871688802142,0.10926051570136822,0.09902352021313135,0.42404576347029904
0.04046115707843663,0.01118158952045527,3.618551459469889,0.32861346585747986,0.28751336254875465,0.0023199688590860254,0.08577661829273826,0.29577658444194127
0.04245784875636252,0.008875057795786187,4.783951804406412,0.11627776042994371,0.28303340264330606,0.2341740684421932,0.13699807834300928,0.22951669014154769
0.04049602493660008,0.01191205287862866,3.399584047284893,0.3004710757410627,0.14200409092991717,0.1979286332954013,0.28299253795587503,0.07660366207774394
0.040757467033068547,0.011990348665870914,3.3991894788747703,0.2925938377093829,0.032193023899493314,0.214009638697205,0.258362839654631,0.20284066003928772
0.04055772490891962,0.009996135369221075,4.057340503190884,0.28316021019467924,0.35276661318872937,0.08666420057080819,0.12318216023859821,0.15422681580718514
0.042177826137811146,0.00866695053481795,4.866512848823718,0.23526400018241525,0.1739160376211664,0.09621671533607112,0.34744133957489914,0.14716190728544806
0.04272902722712988,0.0075373434191304215,5.668977098572948,0.20111802554323785,0.1847363495150969,0.08203902626015275,0.3298944322423418,0.20221216643917078
0.04430186985973777,0.008377279924100868,5.288335863325312,0.004797467684886879,0.2844801207212569,0.24073156858517072,0.2135221230747675,0.25646871993391795
0.0397736270601378,0.013182794841202898,3.0170860989071233,0.3319980591936628,0.12356090786875346,0.22368270067908025,0.22289522969136283,0.09786310256714059
0.04372795098656121,0.00934425354111442,4.679662296636067,0.08748453125331636,0.04489759724996871,0.25987478388865975,0.30780643778886646,0.2999366498191887
0.04325011905290226,0.007796535331050468,5.5473511266798745,0.12956530096544527,0.08408670487836407,0.1858274838742599,0.2240074810078644,0.3765130292740664
0.041443106765657226,0.010004738175406114,4.142347959443223,0.214879585071952,0.22500802953162016,0.20884681392768925,0.23692652390925126,0.11433904755948744
0.0431964916352814,0.013940371548213133,3.098661429925682,0.05002795724888409,0.08805834829939688,0.41127616863204364,0.27155275012049,0.17908477569918535
0.040573248274308096,0.01270847737170908,3.192612858927542,0.27158449626737946,0.05567847284976942,0.27334400405139503,0.21677634805401977,0.18261667877743637
0.04078200342007586,0.011170290995974037,3.650934737042606,0.24331951601020396,0.1193075590540896,0.2326684950011689,0.06719609736554039,0.3375083325689971
0.04264439891633897,0.010908913892079743,3.9091333324484587,0.12702326434430125,0.10740669032787603,0.299324763490953,0.2762958886179733,0.18994939321889648
0.03929211543405875,0.015091730692191267,2.603552649822276,0.3148512654015605,0.0794005762264348,0.335203623624775,0.1347183604548765,0.13582617429235316
0.04311151355055327,0.008560534330768076,5.0360774088134725,0.1102959751387037,0.22604436384395862,0.22527853846674448,0.30887986852749894,0.12950125402309434
0.04463789512145672,0.004155402751644757,10.742134466698449,0.07731225215012401,0.21700203984482203,0.05162390342178767,0.27594870255888587,0.3781131020243804
0.04181344969067819,0.007184720632278659,5.81977391059907,0.19483544528551935,0.41136142459052993,0.04488227113544667,0.01961048341007779,0.3293103755784262
0.04161827501316066,0.009315295105886419,4.4677355403224635,0.2704082257350931,0.29955771455698305,0.020188609826570128,0.2760526977821441,0.13379275209920968
0.04145027310124994,0.014688453015433579,2.8219631473577884,0.12836705622400849,0.07322062627963816,0.42149603827493565,0.026941291382987523,0.3499749878384303
0.041543383080908464,0.010224808433909117,4.062998671264663,0.20440806865266586,0.2349611905546245,0.22749333510409742,0.2743900891398048,0.05874731654880745
0.04338829827931734,0.009724332366602886,4.46182798402999,0.0006528320305389391,0.4738425804593239,0.28014253931807925,0.0979998604552259,0.14736218773683188
0.043911503013913625,0.007254891289119262,6.052675534886539,0.19664755066297887,0.041631496557727965,0.03373584022219352,0.5429832484669372,0.18500186409016237
0.04111146505545843,0.009904352524122586,4.150848322020973,0.2884757914931413,0.28322932355254193,0.04187240698065469,0.20996936327293653,0.1764531147007257
0.03893050312153158,0.014331906106898896,2.7163520910028676,0.41701434539238846,0.0580803545917121,0.11385302395534146,0.04627460606326537,0.3647776699972927
0.041347770973045345,0.010059426792106965,4.110350602231977,0.24469426791983914,0.16666557048891537,0.17628303938193624,0.2441967313944253,0.168160390814884
0.04327993182955857,0.007415698232151851,5.836258498479895,0.022530081478799514,0.48613594620819356,0.20447760150537375,0.002446712307111669,0.28440965850052147
0.03684128777646063,0.01805443998059395,2.040566631590898,0.48870865878902153,0.1342131501488358,0.25635314627317246,0.09063490944888013,0.030090135340090002
0.04228196736702838,0.013926228485869675,3.03613913917397,0.03829551105458582,0.34566109138060697,0.41082867140197743,0.06813217348382278,0.13708255267900707
0.04378536656323864,0.009424020085764703,4.6461452930663745,0.09186000353148188,0.012649225745696126,0.26066936553830833,0.32966737692016684,0.3051540282643469
0.04250832781685895,0.006814801151406178,6.237647566295856,0.1827629609472961,0.2613951518011973,0.044318285513645556,0.07267297184883433,0.43885062988902657
0.04172676922055896,0.009552139178622474,4.3683167131759095,0.18224173892823695,0.2208271391613198,0.21937716269684782,0.15541068377529282,0.2221432754383026
0.03651372751917536,0.020211648606488393,1.806568490778809,0.6059103780110252,0.005258216150058768,0.09098179781401247,0.15920051281489062,0.13864909521001287
0.04192653636320058,0.011249767762071369,3.7268801676560868,0.13630441493991483,0.2717817949613499,0.30642078589822475,0.22874076816715858,0.05675223603335191
0.03918391379522182,0.014496506484357484,2.702990119550761,0.4330926203690861,0.2054576329692627,0.007524149443555447,0.16248241822618759,0.19144317899190819
0.04257582057024971,0.010208249963307244,4.170726689029478,0.10230754964686475,0.3028689088337938,0.28349124294034617,0.25947632593845643,0.051855972640538976
0.04111577024216081,0.009982476224805692,4.1187947074685995,0.28733678727714906,0.24086332958763662,0.06930141728567774,0.2305192014638494,0.17197926438568711
0.038605315178911956,0.016699460203913982,2.311770243319825,0.3293570822575614,0.0840526977934926,0.38854480477994086,0.07491349583246074,0.12313191933654459
0.043433861602162394,0.005740387694142661,7.566363792201901,0.06469447563105186,0.46569031472067274,0.13903948876214328,0.17337153117128667,0.1572041897148454
0.038852451652844705,0.015099373424943047,2.573116814811887,0.32136200098168094,0.20140914231907286,0.32884265844671795,0.10730244376553519,0.04108375448699296
0.04202537357129481,0.010661798513015075,3.941677712254042,0.18202895568993085,0.11308099804982145,0.2624333348633544,0.28780153543890286,0.15465517595799047
0.0387595638754548,0.01438087673151456,2.6952156394273423,0.41840460548743286,0.23820563047405402,0.1166966461448364,0.21062202802228294,0.01607108987139391
0.038771440260146194,0.015578663271968453,2.488752698693333,0.4411586193902789,0.055657813949021306,0.16941151786678316,0.31019142722826326,0.023580621565653433
0.04464187932614729,0.003587303772775244,12.444410106817081,0.04769538845926834,0.4185935208239866,0.043161499899016985,0.2868827811949053,0.20366680962282263
0.04319348813836428,0.011845768817113217,3.646322058553429,0.10038743738797654,0.08308961321524155,0.336009743876124,0.41881414544510426,0.06169906007555369
0.04091743420966455,0.010626484407296034,3.8505146802427968,0.26582867182780906,0.1647473381711376,0.1777379091246541,0.1966473683413074,0.1950387125350918
0.03883737482136045,0.014186741533312232,2.737582462481992,0.36183201949378213,0.2133838352912995,0.23540326900655245,0.14292436037767905,0.04645651583068692
0.03671013417353364,0.018715477920017178,1.9614852653199006,0.5279773537315693,0.026699111537668404,0.21895917047065502,0.07485438760994116,0.15150997665016608
0.03984702742619813,0.011468429921908635,3.474497180305095,0.28878221441410873,0.28414606106163526,0.1903668159934149,0.040768440235044376,0.19593646829579664
0.042395201156437405,0.008733683663886299,4.854217623170984,0.13408383647553268,0.2738577792213672,0.2200970594972482,0.18685182754708354,0.1851094972587684
0.03917349435105894,0.01317147287860348,2.974116464582688,0.3545689205486353,0.2775114246376471,0.1823595921815206,0.17584393243393345,0.00971613019826337
0.04153116808192138,0.010187101282087812,4.0768386346513,0.2912826193639283,0.09864076051805372,0.07909800897365386,0.30886746786681907,0.2221111432775451
0.046387646804451,0.004261329045117738,10.885722814012205,0.05876878346242101,0.07678725628136149,0.0316422401749921,0.7440047701177712,0.08879694996345416
0.04043801320616026,0.010825006765744785,3.7356108944083446,0.2807282404604589,0.2817863781218768,0.16423260075005827,0.18546188297800073,0.08779089768960527
0.043554358215198326,0.00438130539258857,9.940954649925798,0.04920965835660416,0.5672773848473025,0.07829693089047103,0.06581358385668304,0.2394024420489392
0.044591406997035975,0.009516425107739647,4.685730880261966,0.004869705734599849,0.16955586423479832,0.27645530448465255,0.31304668485353854,0.23607244069241082
0.039676237019332566,0.013925295342581172,2.84922050435867,0.29907362538767746,0.14355625352819634,0.29974386239835704,0.1788610499362142,0.07876520874955487
0.03805003433663296,0.016951398978041144,2.24465452001472,0.5090613182626933,0.14825788374333929,0.014127229340362304,0.13084418558914304,0.197709383064462
0.04163610338668051,0.012328595481177736,3.377197625653872,0.1365921997582434,0.203971976253568,0.3433281691152487,0.11365065464272443,0.20245700023021546
0.04190147868429702,0.00693694691916521,6.040334339092713,0.1766020715421942,0.4266692275292586,0.0818275984655992,0.05374311766180935,0.2611579848011385
0.04165070322996257,0.00930841022382475,4.4745238153941855,0.2084278803967706,0.24678180543647596,0.1829089581708783,0.2400578146022803,0.12182354139359498
0.0457854549739959,0.003536473096239106,12.946643089887168,0.03247393769857534,0.11470851633464135,0.038258730528888535,0.32500312694244265,0.48955568849545217
0.043041040702661855,0.007501464591560931,5.737684978355103,0.12992759862273592,0.20441697902949404,0.17524930828234897,0.2472050468748745,0.24320106719054657
0.04236577378938085,0.010337727582437502,4.0981708457238675,0.14721383480909356,0.16024301419497275,0.27083170340657703,0.27605472544147175,0.14565672214788494
0.041426441718120655,0.010836030449573318,3.8230274371139177,0.14694729404977472,0.3087572336479037,0.28801125417972817,0.060079551128000064,0.19620466699459327
0.038482339621024035,0.01648720334189992,2.334073209567723,0.36368661811733854,0.014790857680695463,0.3483920307588142,0.06647844515520299,0.20665204828794878
0.04207238629885024,0.012200145224336855,3.4485152041407034,0.15379767464590574,0.003671305178238553,0.33177901001733945,0.16488436375673615,0.34586764640178
0.042200300823105094,0.01147467417054989,3.677690555380952,0.10114710691807129,0.3055733285869983,0.32536711868132145,0.19641913136344388,0.07149331445016499
0.0402872834475593,0.01335076485813079,3.017601154365611,0.23739398194311173,0.19018544704703488,0.3272185314888682,0.15217940122607412,0.09302263829491099
0.042325378439439426,0.01286259711416659,3.2905779496757432,0.05360336699406595,0.2708071703925253,0.3775883115152438,0.010986727020753446,0.28701442407741146
0.0405174772942637,0.012774192673878188,3.1718229346201627,0.3780607916936827,0.030500636483617238,0.04493430807330184,0.2822238422911959,0.2642804214582024
0.04472635965701778,0.0060171007235574015,7.433207737725034,0.021429130372992506,0.2597940640350882,0.16296584470395037,0.28245214058878065,0.27335882029918834
0.039545353571448706,0.012914311138466998,3.0621341817960075,0.37153331784142174,0.23590374873151881,0.11509907157501409,0.2313661048858004,0.04609775696624492
0.03796051973410751,0.016452714653646686,2.30724962616997,0.3974002091100663,0.08081184820000555,0.3083272819608702,0.03280190368538412,0.18065875704367387
0.0422576011137661,0.010876187602220509,3.885332127329128,0.09113755954064195,0.2434852183500391,0.30896965908199764,0.02250276225848494,0.33390480076883644
0.03894172843283507,0.014705574854308283,2.648092904809249,0.3558590088399562,0.1415010510345984,0.27244578893038934,0.16644847994161238,0.06374567125344369
0.042485971456978786,0.010599265212502306,4.0083883745888995,0.16319777875905225,0.026659180902856,0.27118383949432884,0.28532770699943333,0.2536314938443296
0.039691991025787646,0.01543320000941351,2.5718574891517925,0.23162801342299677,0.22959821773226133,0.40542444409216305,0.10207663194265393,0.03127269280992492
0.0398008669077974,0.011827299380777699,3.3651694800660663,0.3093723846073839,0.1810104588347563,0.1774612074094427,0.0039007888966286056,0.32825516025178847
0.04379918638299206,0.005923208825039666,7.39450316150195,0.15212341073037838,0.10823498227546993,0.02329491747799672,0.2099274648457894,0.5064192246703655
0.042405095390865774,0.009571777847708041,4.430221434884185,0.11521798250428157,0.23239781619034214,0.2589111168116277,0.11228509404393067,0.28118799044981796
0.040823130762635954,0.01045889562591234,3.9031970700132987,0.30371295322760344,0.24548938023429287,0.00043565984861274114,0.015403719419305996,0.434958287270185
0.04030875618084867,0.011540536140416424,3.4927975347421065,0.2277760908881566,0.27298905573747634,0.26272187199197694,0.005952343703413817,0.23056063767897625
0.0424262543262452,0.007131568939041213,5.94907722114078,0.19727023439447905,0.34524615169026657,0.0029365772228607365,0.12601946145978643,0.32852757523260734
0.04109387890194165,0.009576677772751683,4.291037025268323,0.2651251983451707,0.2071849299867095,0.10071691452186841,0.10376139535915169,0.32321156178709975
0.04177311975889932,0.009826224153020402,4.251187344027668,0.18294071147511648,0.18623678975143582,0.23005770576812903,0.17056596423922657,0.230198828766092
0.042741279790971205,0.009293773071728998,4.598915796748596,0.1179791238229131,0.2256005331268798,0.24806906207125404,0.2543616506262745,0.15398963035267857
0.04225338022641377,0.009805365100650406,4.3092102938228205,0.13610117764960686,0.2170854137298744,0.25805088832837053,0.1732959315313446,0.21546658876080352
0.04006296916089101,0.012134279143759311,3.3016356955572013,0.26038809901828813,0.23491796011157973,0.2591392453866281,0.0724644986367815,0.17309019684672253
0.040162682680118064,0.01567370095602974,2.5624249686011336,0.26912332351275287,0.0011336131813547876,0.39158896624840944,0.2790763195682607,0.05907777748922223
0.040960440760622066,0.01047090841976921,3.911832585918546,0.23074240718184225,0.2026753440145304,0.21433251196269804,0.11081036032685054,0.2414393765140787
0.04334481551520028,0.0064818918745020646,6.687062412396382,0.17631490286581197,0.24295305488488153,0.00027352698066715486,0.2746211737624075,0.3058373415062319
0.04133922693218504,0.011597002641945213,3.564647539413774,0.20017616442137373,0.1752734930055923,0.28588837814879414,0.24050841929924568,0.09815354512499408
0.04158456682445698,0.01009894067012036,4.117715727105205,0.2110427515986143,0.15563316052267087,0.21739458463777817,0.21372469921542017,0.20220480402551635
0.041496982967203395,0.009266182431361462,4.478325704742932,0.2654431846072563,0.2141580183238234,0.06050205332041854,0.19093773425441926,0.2689590094940825
0.04185791874116217,0.0077904028576279444,5.373010806517809,0.21832860674395918,0.3639413149211467,0.045964655168180185,0.15967943235859783,0.21208599080811613
0.04308046019512764,0.00792899007657471,5.4332846653956475,0.2144000979833213,0.053850576672386505,0.07613822647182511,0.4153937587661132,0.24021734010635387
0.04377276818131477,0.011510377511728731,3.8028959638127966,0.03459923495534718,0.011710930306755393,0.3362288738678652,0.1167301905708555,0.5007307702991767
0.0383245931186801,0.015654413632861797,2.4481653556303753,0.3835056904189865,0.11008487857123837,0.28554825652357657,0.07447334628243846,0.14638782820376003
0.03913775597191693,0.01434224052027951,2.728845323474898,0.3092479688100098,0.18931377434498975,0.3082365756336401,0.07837283872099371,0.11482884249036672
0.041204353299961895,0.012593128846214066,3.2719710727290274,0.16155660784337775,0.16468787825397205,0.34223567160810087,0.03925961049272205,0.2922602318018272
0.03998058365907217,0.011993774304312105,3.333444722625638,0.33572188790640345,0.2150338671988853,0.1337307045486899,0.20182840446541755,0.11368513588060379
0.04077502863399937,0.012033306727745715,3.388514026654255,0.23781264910446726,0.14828680042688286,0.2755286309010633,0.18531159791443583,0.15306032165315084
0.040813180901887014,0.011639456132697821,3.506450854454764,0.2169678195659364,0.15376451802936622,0.2759910401654267,0.05627979568729897,0.2969968265519717
0.04128042623222322,0.009611958856983202,4.294694437048334,0.2461327158122934,0.26084351691013197,0.14634424889283454,0.2537122483770003,0.09296727000773983
0.03950745253710208,0.013714465851814198,2.880713909238827,0.3853083001267873,0.07102400570520476,0.1552725698657507,0.22540180508569715,0.16299331921656002
0.042567711279387924,0.007143533565732711,5.958915274589566,0.1695368155352605,0.3592552918796484,0.11243950621737282,0.32647805873311364,0.03229032763460448
0.042004762679849275,0.00819453414606548,5.125948825293189,0.21287813200000869,0.22018521292629054,0.11167365505617372,0.20085134466545282,0.2544116553520741
0.04076929263741054,0.011307156737165534,3.60561842248156,0.2914518430947727,0.1421187851870955,0.17624907532325815,0.28367867183329926,0.10650162456157447
0.037417718362026293,0.018006958697110657,2.077958804227736,0.38851014597527067,0.1585541784833593,0.3895288493157394,0.041949965120473304,0.02145686110515739
0.041035426728461485,0.010696595253080532,3.8363073256084563,0.2410090713574748,0.21003529194625775,0.21327001433341158,0.22980128194802865,0.10588434041482722
0.04258481570028267,0.009438417213123865,4.511859853055619,0.13832273809501508,0.06270287291170165,0.24170162512307164,0.1061154578116181,0.4511573060585936
0.044280870191906206,0.01029957560375639,4.299290756772191,0.004891384554781199,0.1749692452663756,0.30116394179143785,0.24310124809259806,0.2758741802948073
0.04196363883877431,0.009735115231690981,4.310543618648596,0.21221707552113958,0.10594300614966126,0.19894695856645814,0.28797900286563893,0.19491395689710198
0.041341718819275036,0.009683001327058375,4.269514938901113,0.2772983101736151,0.14593039843654193,0.06377698461070275,0.1279959994708097,0.3849983073083305
0.042158821593743956,0.009068535850853031,4.648911609008889,0.21785880772089145,0.09722922918556004,0.15798337718354646,0.29273165258957273,0.23419693332042935
0.041476089024918186,0.00994567030739727,4.170265828545474,0.19000330111945393,0.29997862557886423,0.22788743629368813,0.2178188741879903,0.06431176282000343
0.043541189558456456,0.00792959090302901,5.490975523317885,0.039770081673928724,0.36078819415261165,0.22386447144222285,0.15539024136921187,0.22018701136202487
0.04501361672963535,0.004111641499806221,10.947845703901184,0.025337867371795122,0.3370051923243348,0.0888070165004446,0.32979830520083275,0.21905161860259278
0.03950180392134184,0.021143325276817018,1.8682871972203117,0.2047346145258626,0.02236315246219848,0.6039270760321377,0.13062601152304262,0.03834914545675873
0.04057349707770399,0.01088849192115895,3.726273332568669,0.2905544620699324,0.13455432807456935,0.1496574484825935,0.09497116661821815,0.33026259475468644
0.04119351924382546,0.010653813037873838,3.86655173104543,0.2222897156457034,0.15714432122712851,0.2312015043744608,0.15187883251569892,0.23748562623700836
0.044631396466624985,0.009295394386819006,4.801452698974549,0.0519886116987814,0.09937462596516221,0.26142980308137476,0.5512942267685108,0.03591273248617095
0.04283816455646663,0.010591231285568367,4.044682190524722,0.07256146351874153,0.3099141059241617,0.30365983945175407,0.23181857214742196,0.08204601895792082
0.04203276637368805,0.008753512747748236,4.801817005921492,0.24472470348346645,0.12312933505845046,0.07495948812699049,0.22151656734821384,0.33566990598287877
0.042705646408654076,0.006799223545381005,6.280959307135268,0.14975130947801754,0.2541357940772583,0.1232578690023729,0.14389238028739643,0.3289626471549548
0.037887507297719225,0.01631595775635358,2.322113593544056,0.41757668116199403,0.15310448322998527,0.27171543771618506,0.13224653902134154,0.0253568588704942
0.039430214562516636,0.01397326620685277,2.8218323460537285,0.36780856470022344,0.08524216788384854,0.21221005404537926,0.24278343884004128,0.09195577453050742
0.04325811312734775,0.013487550529447122,3.207262358936347,0.03953974536019158,0.14552688859577753,0.39821270854019053,0.25722822050247984,0.15949243700136045
0.045350924956801986,0.0033428761044263285,13.566439060290769,0.019206339480471315,0.2962942491075277,0.04553827280473098,0.2677991726805455,0.37116196592672457
0.03995109143733633,0.011744312906351173,3.4017393572450962,0.3457315980151208,0.2443805362572952,0.038675149989086936,0.020223774050551764,0.35098894168794514
0.03943673157073294,0.014172223258905667,2.7826778375052297,0.36105025104769845,0.09975592837504532,0.23463405686532957,0.27969673488166324,0.02486302883026347
0.04339036724147711,0.010020249132023854,4.330268306683636,0.06577322737044555,0.1423193361988905,0.28787774341756583,0.1886132291227905,0.3154164638903077
0.04143036217915287,0.010385114327956607,3.9893987558348605,0.2053603886901084,0.17950669506452424,0.23486488413142947,0.17855724228305872,0.2017107898308793
0.041438600695373355,0.01020765597671633,4.0595608619544805,0.22053385945135343,0.1934825036391412,0.21243584311638788,0.24764251643492632,0.12590527735819115
0.041372754438639775,0.010866234698366025,3.80746004362128,0.19607323421222864,0.15818259317606329,0.2614271765860686,0.13250789891524986,0.25180909711038946
0.041843364209900175,0.00826530354250597,5.062532064879691,0.22991759051655702,0.27666637769881114,0.07159682222231767,0.20410717970163192,0.21771202986068225
0.04007916772019268,0.01151690494463262,3.480029392694721,0.2959954923118748,0.28670852718944234,0.18131471682261674,0.1830937415429491,0.05288752213311698
0.040334076301494326,0.012556837102035584,3.2121206935905686,0.3054655787008285,0.07989952500732701,0.22706711531047832,0.24933054471290358,0.13823723626846254
0.04187633713288945,0.015871630676623824,2.6384394890542704,0.11369516332875397,0.10172594972788697,0.4610906645308047,0.27496339462225994,0.04852482779029443
0.03914585858706168,0.015801072969694036,2.477417746386098,0.3046702535762944,0.10630070868488395,0.37239073844860804,0.13154079928455267,0.08509750000566088
0.04444781402972918,0.00715292505046417,6.213935378344955,0.037497513219781536,0.22603697115871413,0.1991733285436377,0.3319921494459299,0.20530003763193658
0.043219658920768594,0.007773666336242205,5.559752252199314,0.17394803537146888,0.13238000160966876,0.14072377170506664,0.4694293873301453,0.0835188039836505
0.03667433333047687,0.01919645257729184,1.9104745099550442,0.5776813373115325,0.19111492986005735,0.05167234122605607,0.14538273549121636,0.03414865611113754
0.04127894848114711,0.009832371734888743,4.19826971499407,0.26942641712113946,0.17479758383927768,0.11492364070677359,0.22578092610500064,0.21507143222780867
0.041483870184658087,0.009285966811881728,4.467372221444728,0.22420305770628907,0.22930518905442948,0.16237463116993434,0.19508700559427583,0.18903011647507126
0.04335201361472626,0.006125371392498571,7.077450629004676,0.16410289208189746,0.2352998395555189,0.026139705167106612,0.25319063211377396,0.3212669310817032
0.04279517949342221,0.01218118596562143,3.5132194528678626,0.03261898228899376,0.32095704860469776,0.3581400103654969,0.08682639394671979,0.20145756479409171
0.04060943001580716,0.010369441344216041,3.9162601598068396,0.3029132369330625,0.31348018397122684,0.041749122794647646,0.11393766500648994,0.22791979129457313
0.04294963878216016,0.006429759197632862,6.679820730762704,0.1723558421436893,0.2526471128707508,0.018118692230964954,0.11942831657349576,0.4374500361810992
0.040472149528865776,0.01214089227015185,3.333539959691907,0.23584627858941787,0.23433741897601706,0.2810843862210097,0.1499679463077741,0.09876396990578126
0.04298324841002907,0.014425984643890551,2.979571202318769,0.021257530713848588,0.2819154377991589,0.42620636392410816,0.24313655450092256,0.027484113061961808
0.04423810054199547,0.007154215732818828,6.183501056455456,0.0494033178372298,0.20900620997117011,0.1975489415137539,0.2935952894056053,0.2504462412722408
0.03906556520032273,0.014903038092450414,2.621315530295301,0.3222473692584624,0.07807431710487257,0.3201562331600757,0.034960162911748034,0.24456191756484125
0.04330692073430045,0.006482456842254777,6.680633868938664,0.14868846083276524,0.16299697718095768,0.10661361984353603,0.2613012655851632,0.32039967655757784
0.03990496117224397,0.011564854885471387,3.450537128864063,0.2858394059182206,0.2334838238487921,0.20023000025037693,0.011561336486396711,0.2688854334962136
0.04273837307146984,0.008062952575993522,5.300585941521998,0.20158160606241912,0.10014334735333877,0.1212642083401142,0.34606793160413024,0.23094290663999767
0.04149915463946306,0.009319725210489042,4.452830282244496,0.20955446007142328,0.27340516959771755,0.18217962634965834,0.20703134698952524,0.12782939699167567
0.04293254831696348,0.007058596219044555,6.0823068758528285,0.19606597010388646,0.30560485954707783,0.017804236729294893,0.35438592744678227,0.12613900617295865
0.04191978219002977,0.008959757699084258,4.678673642515381,0.19253373359629,0.1812973833250551,0.18409070701183153,0.17153856977978327,0.2705396062870401
0.04062471573825137,0.011716722515541227,3.467242284210979,0.20616743468288115,0.2970042040307773,0.28610671586788283,0.09582224776209555,0.1148993976563632
0.041917280225598715,0.00912972987836217,4.591294680573668,0.20550599990815785,0.13459030572192057,0.17774733043222046,0.18948469823332637,0.29267166570437464
0.04315874091630664,0.007598878974113497,5.679619462730243,0.0977547647427637,0.35755762814610376,0.19451205289062617,0.3139693190734446,0.03620623514706175
0.041782405978744185,0.011129675600874035,3.7541440988147876,0.19049630388390612,0.011438537058946568,0.27397411981570924,0.1393198309794439,0.38477120826199424
0.04310718993088379,0.006532192997892368,6.599191105466795,0.14518619615608816,0.25254772712437346,0.11529259885408966,0.27776941595039284,0.2092040619150559
0.04242852136773918,0.00765004869990906,5.546176636528282,0.2053617381018869,0.11286240987133135,0.061792959178015555,0.06642393435266186,0.5535589584961043
0.03940841735923181,0.018997635855235857,2.074385342446209,0.22833398257950877,0.001068654912990415,0.5277234175710721,0.011064702841480045,0.23180924209494866
0.04167726471289534,0.008996202528806433,4.632761943658115,0.1896568127426317,0.2417636188448986,0.1884431577022907,0.12255404865473947,0.2575823620554396
0.04403875200054573,0.009588818702254568,4.592719225173288,0.01285238823788978,0.32258699800126633,0.2776419451776042,0.3036408077877344,0.08327786079550528
0.04397780818358508,0.006840783904823259,6.42876734530051,0.051439679045843095,0.23951415690259242,0.1862698511729411,0.18890885968229335,0.33386745319633
0.03854646328582417,0.014613171379478002,2.637789038726862,0.3742142324755698,0.18772471955770534,0.241437202375875,0.08056374729744234,0.11606009829340756
0.043203016036040896,0.009583829812986824,4.507907264536094,0.05592560836341496,0.3161214789962281,0.27499447651437425,0.20690514981289032,0.1460532863130923
0.04165949271714227,0.009915551232447731,4.201429828814297,0.17924337298152399,0.21796430956053475,0.2362850606902158,0.1466714603826479,0.2198357963850776
0.040964328806000413,0.012653075329934437,3.2374997965188492,0.19415051056897314,0.18018616540888863,0.3286174070734237,0.14671195689321673,0.15033396005549785
0.042878206573983446,0.008623757608380933,4.9721024779630385,0.12397660085102945,0.21090352367646734,0.22153539445135834,0.2685427389172945,0.17504174210385023
0.04386456133464989,0.005871215097776706,7.47112149770503,0.08506023055301197,0.338481005912303,0.13510502854825196,0.3603872385676732,0.08096649641875987
0.041151596542447544,0.011193596311483889,3.6763516744148372,0.18831101365128491,0.18042886041304698,0.27862053954131955,0.046686717873410756,0.3059528685209378
0.040216350602200426,0.011311450818418254,3.5553662609500796,0.24593826200307364,0.27124403780558043,0.23609853236304837,0.016671872964358556,0.23004729486393904
0.04186228461928543,0.012679192450396025,3.301652276598885,0.14274826254004308,0.18561261602485507,0.35157747710529424,0.2695712063599548,0.050490437969852774
0.04491727666624871,0.006115763880827673,7.344507986493726,0.05910926106171873,0.15024503931727365,0.15447539762065213,0.4922724632769766,0.14389783872337886
0.04064142197689641,0.01265751152082744,3.2108540379380686,0.3746123111909059,0.08912010305667763,0.03871862237825101,0.3720744156755193,0.1254745476986462
0.04184577520003801,0.011182135573529385,3.7421988782801305,0.13667432558618123,0.30810369515481867,0.30339482923882305,0.2296793278924553,0.0221478221277218
0.04042289100107159,0.01225986793937528,3.297171813021291,0.19573757989100768,0.3262879300376539,0.3123791615858081,0.0349692705071682,0.13062605797836216
0.04108600736443368,0.014384635834459345,2.856242440702561,0.17940687558565852,0.07376039284698084,0.39504620555894004,0.15570382870476002,0.1960826973036606
0.0440479319166219,0.0052669084039371145,8.36314751243732,0.06835391097506388,0.376698243977757,0.11964947402914156,0.3268640716299051,0.1084342993881325
0.03667254981165639,0.01876409404677742,1.9544002348439837,0.5036003520026398,0.07654585435464227,0.2755386955054023,0.10399865892236498,0.040316439214950636
0.04413366893929573,0.0059256086704202945,7.447955373699255,0.1312175839856224,0.03552654394003724,0.0904132900107966,0.3200743462512063,0.42276823581233747
0.042901162808327176,0.011577979648361124,3.705410107056103,0.05090001107247062,0.2570174074841288,0.3387398962862502,0.1365023443523591,0.2168403408047913
0.04524444576759118,0.006303503738452617,7.177666206746437,0.02616528970463716,0.08018102501825626,0.17001110425125848,0.3607608205231901,0.36288176050265786
0.038262797280199184,0.01598095622463618,2.394274581718296,0.47910845400156926,0.20692096587411368,0.03945875445115581,0.1582516723176048,0.11626015335555635
0.04381300925371576,0.014151865563431502,3.095917570537754,0.013049130327995226,0.08797007060725026,0.41862664246562836,0.31375615009256747,0.1665980065065586
0.03995888494749289,0.01354887692479923,2.949239643202753,0.2647854063783854,0.13204720298558273,0.31498699288736987,0.0891038094157188,0.19907658833294326
0.04318971177649631,0.005575868336167896,7.745827048380257,0.11467787275667286,0.3084623793973233,0.09495280357422287,0.10062762953349451,0.3812793147382865
0.041019022633121294,0.016294254027612733,2.5173918709999996,0.13362528027179793,0.08731553333657008,0.47098982943659295,0.02178402384501004,0.2862853331100291
0.040451073165722516,0.011439123042126464,3.536204044379516,0.26606323531288856,0.12161627821168094,0.2197225243965919,0.04257767272795201,0.3500202893508866
0.04450471706300592,0.005841410704450493,7.618830333073203,0.0912785620678488,0.07962185214912282,0.12964377274907507,0.37152949137125596,0.3279263216626973
0.0408170094936158,0.010536609808882273,3.8738275625626195,0.25963640973455493,0.17876707244439527,0.1817720586299123,0.13162376166679288,0.24820069752434457
0.040806036523350214,0.012461428526147672,3.2745873747722722,0.23472723634921117,0.1631356369622457,0.2942262274203506,0.2509288468475482,0.05698205242064457
0.04204710961711121,0.011326916612363716,3.7121408284418154,0.1426389880644244,0.11380068106148072,0.3075724372482259,0.13759669491221846,0.29839119871365055
0.043318249465402345,0.006156692911568305,7.035960715859029,0.1616695191544066,0.2753637867035865,0.0494382432005893,0.33790974846409144,0.17561870247732608
0.04316656204049768,0.007006974490512668,6.160513656635188,0.14038528247902426,0.13049197666267465,0.143237880400849,0.1981640656689733,0.38772079478847876
0.040661371423330026,0.010594689779664324,3.837901087144273,0.2758389918934595,0.1943407949710766,0.15893987883007674,0.13030788817932368,0.2405724461260635
0.04039343994684623,0.012793633648642977,3.1573078498406724,0.2581517920581671,0.08903378983619153,0.28967817263933404,0.12004810738706743,0.24308813807924007
0.03960113689860852,0.0129070381045046,3.0681816058780824,0.38109644581261465,0.2773645922912222,0.06367929442153994,0.23104066790527206,0.0468189995693513
0.040782988541466614,0.012186880511037421,3.3464665961506928,0.27623561172180866,0.0984731077748516,0.24335681312574714,0.31857278557458873,0.06336168180300387
0.04014351527436098,0.011510333182854852,3.487606712736736,0.23615975444418602,0.38900436512053543,0.25227056835920314,0.1050894096278893,0.01747590244818607
0.041146630631564304,0.010504958786219293,3.9168769215488632,0.1817827183212103,0.29024968126080164,0.2566180176855123,0.06985264865937073,0.20149693407310515
0.04153456634095393,0.012229224135193523,3.396336994219025,0.1662233398768339,0.12336241116198417,0.3280958090857778,0.1393110371238934,0.24300740275151078
0.0378486602598805,0.015616349511979707,2.423656068330554,0.3960798499543292,0.23135929921088302,0.26471415896412037,0.031423873095401796,0.07642281877526548
0.042216328942719566,0.01349056705674849,3.1293220488905518,0.047902918952506694,0.36291567543172465,0.3966575936517834,0.08847594540991886,0.10404786655406634
0.04329320989840872,0.0077085482929285225,5.616259800580607,0.10332621978063257,0.18896175223222592,0.19878218180093446,0.2195485459713265,0.2893813002148805
0.04281677748387868,0.007970357976298657,5.372001811110911,0.10820115526514229,0.24158910565020855,0.20526921672256312,0.11216081540650943,0.3327797069555766
0.044164822091525065,0.0085495572098379,5.165743793222998,0.03215725212034013,0.2397903055617512,0.24513596677329844,0.3082670101476211,0.17464946539698903
0.042753363379786156,0.008904878824495215,4.801116806012202,0.1008743436182793,0.25961441988325135,0.24175864669281424,0.15692009916343588,0.24083249064221926
0.042059874493111174,0.012026272031100389,3.4973327049598386,0.10612718014966291,0.23355111119097435,0.342769104975443,0.12597936708138383,0.1915732366025358
0.04080847011423436,0.010746618932601974,3.797331083400926,0.23669325140346642,0.19865661998597456,0.2207636673733754,0.09587915757673872,0.24800730366044477
0.044401012515962596,0.0063218803661442185,7.023387021643885,0.05338830707251504,0.18153687559092774,0.16771535470753368,0.27940074086398037,0.31795872176504325
0.04096755662682512,0.010079122375015868,4.064595616814368,0.2606547239910812,0.22346301974954044,0.15238057377992625,0.1819336576062951,0.18156802487315704
0.04428136877516336,0.01015618137476344,4.360041155349569,0.007061677191838744,0.17440418665863888,0.2967620240050531,0.24590277037246874,0.2758693417720005
0.042362584731714635,0.007628981093491098,5.552849615508628,0.21569516527706722,0.2921929722080284,0.018495573807272358,0.21155948782042755,0.2620568008872045
0.04212809204702703,0.013429131885695706,3.137067414752294,0.13963972304378516,0.017093767735859744,0.3777626769620039,0.23806196854310047,0.2274418637152507
0.043089326721514956,0.007610128150918534,5.662102643608455,0.10960967281943092,0.2358181508280784,0.19205806470753226,0.20782414337154922,0.25468996827340923
0.0449439917718974,0.003471383252444586,12.946997926618259,0.0038485005491755205,0.552326169482641,0.04325614944400453,0.2743843366914881,0.12618484383269093
0.04122769775952774,0.012367797230463523,3.333471352358402,0.19405568539878515,0.10382221512615183,0.3186230774237778,0.14684701842228495,0.23665200362900018
0.04299491527590586,0.009606990884895656,4.475377960803888,0.149166076266412,0.011631077171974782,0.2422300391090332,0.321543201661656,0.27542960579092396
0.040216554168438556,0.012193406424850487,3.298221413047969,0.2566304602714806,0.1885589959404961,0.2656085073393154,0.07871130581089435,0.21049073063781362
0.04213388164452723,0.010223941998400373,4.121099440031981,0.1499088095492891,0.1650740143873893,0.26601714905239193,0.17646827166204104,0.24253175534888874
0.04112421850771049,0.011307373247447993,3.636938270963327,0.24554477964904456,0.04309884543316786,0.23663766488321722,0.16385962940870152,0.31085908062586887
0.037777568824017484,0.016840725511852252,2.2432269202078134,0.5018436553706696,0.06477082437626355,0.08329430697516309,0.043297407192110456,0.30679380608579343
0.044212389840240826,0.00790167978657112,5.595315304396369,0.032668191208814,0.2926921798522173,0.22340179205864466,0.33807424587482593,0.11316359100549811
0.03870240177160993,0.018770443661323848,2.0618799677791055,0.2886364127439415,0.06531737853402632,0.49183317056271025,0.09730078250228277,0.05691225565703906
0.044264973074674106,0.004148474159677821,10.670181703171513,0.08275826402275668,0.32539440941769776,0.042706662075810496,0.24798246484956665,0.30115819963416834
0.03914090631438576,0.015181586816733065,2.57818282020723,0.4540839939623951,0.11490583312137584,0.03725625508866212,0.27133658249141474,0.12241733533615218
0.03961400217384011,0.012541007273053852,3.158757611037868,0.31983439215121007,0.16314512674049148,0.20552673261700224,0.05190604859952515,0.2595876998917709
0.04496684799782221,0.003825897971189811,11.75327944875593,0.07146264481250593,0.26154061750664387,0.02741374209775657,0.37590790053315665,0.2636750950499371
0.041070153373756337,0.013978025565903598,2.938194180581425,0.20158314892372314,0.01563445645842721,0.3710022745370725,0.1695077985154091,0.24227232156536807
0.04004686781787345,0.012076465796932298,3.3161082465075404,0.35407806915628137,0.24472240400038303,0.07158953488498823,0.22583881685224572,0.10377117510610154
0.03914184897291258,0.015529071313092006,2.5205531086661623,0.37816190224570984,0.012689536509440897,0.28368641914557113,0.29944454725211045,0.02601759484716755
0.04314643529579329,0.011407508206294166,3.782283958558712,0.06568328824607868,0.14687041624727276,0.3317825952761119,0.20522518309772544,0.2504385171328112
0.0412704335137144,0.009290440385845452,4.442247277813913,0.2362586168893123,0.24986965184675686,0.1437094288870194,0.15351825386011833,0.21664404851679314
0.0433149882605339,0.005113408823575062,8.470863518839481,0.12336903170671455,0.40030617134621677,0.009738085510263473,0.09171389333735164,0.37487281809945366
0.043369786488682546,0.006739183368402932,6.435466156333483,0.16567382760955648,0.07295453284033206,0.09093204549242563,0.2584285744285326,0.41201101962915326
0.045023128952238305,0.009120271034111014,4.9365998865434895,0.03921778198177747,0.016919766991881968,0.2582119988029725,0.5307738098334532,0.1548766423899147
0.041403659081074476,0.009328495148990487,4.438407097800239,0.26403049137295376,0.24435164310357999,0.0779384794451946,0.22488096750921574,0.1887984185690559
0.042398570412309225,0.009788506386485716,4.331464754504923,0.1550856130721836,0.12814642490001069,0.24710279895217624,0.24030838177603558,0.22935678129959394
0.04023106709432095,0.012616529174978993,3.1887586939605312,0.29729709182334885,0.14250890552259343,0.24031497567256555,0.2568602871363581,0.06301873984513402
0.0433826499065168,0.012652605357080054,3.4287523148140435,0.01834827273705197,0.17654057987301722,0.37368594971867247,0.12609922764189455,0.3053259700293638
0.043887530952052535,0.010532367917331956,4.166919661041433,0.0036656506901773652,0.17727507130812242,0.3070531432821084,0.06472993082798492,0.44727620389160694
0.04473668180525612,0.004097677114838037,10.917571236459992,0.054233848007922594,0.31573781987623817,0.0750964753962821,0.3450578239156954,0.20987403280386177
0.04571073053903587,0.0039192613911933774,11.663098215839437,0.05193600687097374,0.040194950992337976,0.04613360130010833,0.36323092204291874,0.49850451879366126
0.042422201317738384,0.009050584612974089,4.687233270757538,0.15159298722116354,0.16734545053978384,0.22168769980748448,0.2005277640178438,0.25884609841372425
0.04043314948427364,0.014405256231426975,2.80683306389673,0.1853432317859031,0.28044351653745114,0.39179820036629853,0.13761614944085096,0.0047989018694962185
0.04477839019204431,0.005344033674805238,8.379136980957787,0.04848842030520762,0.21364393006732188,0.13287570327325315,0.3628119765688436,0.2421799697853738
0.0419643087185607,0.008329011166559725,5.038330226647294,0.21683415751344176,0.3325463598478462,0.10775546846219211,0.341588439122849,0.0012755750536710142
0.04194609895031281,0.009381287878369003,4.471251654800024,0.17247355433864298,0.26016907851640986,0.2192834764530154,0.23759028846434765,0.11048360222758416
0.038216035527831635,0.014999784964143016,2.547772226014377,0.3656656905682803,0.24437117674818065,0.2744094340547384,0.02613722433915921,0.08941647428964135
0.04246013253123842,0.00996121777088511,4.262544350284353,0.17706607900049146,0.01889717821464605,0.23828231938999478,0.2699731533427801,0.2957812700520877
0.04471488943365077,0.0034220578827652945,13.066666598145789,0.041993805942202506,0.3877667997872023,0.027902765759455828,0.19561487810476538,0.34672175040637393
0.04598965944478576,0.003828118544902207,12.013645582117315,0.04895102175845632,0.012692578569832691,0.01736874620674215,0.3559493008656318,0.5650383525993369
0.04318796923617098,0.011041328344561212,3.911483101346651,0.07138376699743484,0.0698060246558367,0.31849702959654275,0.13125119283194314,0.4090619859182425
0.040822174477855355,0.010869611230375961,3.7556241536748494,0.24073401432791605,0.19419063292730096,0.2223652886645101,0.13171585535391098,0.21099420872636182
0.04241709746135391,0.012379479556698447,3.426403934598553,0.0987791206366133,0.03691212128455502,0.35425556835405275,0.028057590492600575,0.4819955992321784
0.041712493091174675,0.008159569093005187,5.112095089302304,0.21709504755015974,0.2989181145461846,0.09853637471875056,0.15261648230219824,0.232833980882707
0.04388239703011959,0.007684351483058609,5.7106181473954445,0.07664428801225726,0.17105935651272577,0.20819099999219304,0.30900570853747017,0.23509964694535382
0.042532237553641314,0.011511295911987237,3.6948261845437016,0.06708838089019964,0.2699493956144467,0.33437225291201145,0.08326960512485497,0.2453203654584872
0.04166274503092281,0.011674334772271151,3.5687468145833927,0.16995693322884378,0.07110968685970323,0.30642005089470953,0.09911941541653599,0.35339391360020744
0.04422807474218581,0.005119905284284622,8.638455652283726,0.08438317995849391,0.3598134618509371,0.0970854852462476,0.44568505720017887,0.013032815744142506
0.042229957196482835,0.008193118153121034,5.154320541611623,0.21925284318942134,0.1344525504932464,0.09453815179146159,0.19808576202495792,0.35367069250091276
0.040751695816726996,0.011649506192226749,3.498147916683282,0.34217139198573415,0.11336784218251532,0.05766313698025929,0.2692205791656401,0.21757704968585118
0.04337148225175588,0.00773267785597855,5.608856732370282,0.08063298638096231,0.30497509941200535,0.20815696148205762,0.26209439674310286,0.14414055598187173
0.04114177569786845,0.012560798447467018,3.2754108642006754,0.18998112142202087,0.07802729303995917,0.3273161720200091,0.0679329380692519,0.33674247544875896
0.04012467357085868,0.011717867508230836,3.424230009656143,0.34613184470067565,0.32383436749639155,0.008424535446426637,0.11847014055048728,0.20313911180601868
0.042008794035836766,0.008223513341280523,5.108375495052748,0.20333900697412313,0.313853535612425,0.1282445911936311,0.2987625760183831,0.055800290201437806
0.039723169719457184,0.017408363668691466,2.2818439731299027,0.23592469506011532,0.03322183059745006,0.47180383960691885,0.0957300667638766,0.16331956797163902
0.03879474166801635,0.014174246544037296,2.736987927188003,0.4220521741379095,0.2911102593931228,0.007607022263940921,0.0012168892660543624,0.27801365493897257
0.04173518724614917,0.011891472079005504,3.509673736680003,0.15887199574286745,0.0939364529873554,0.3196626690306584,0.11900804060245512,0.30852084163666355
0.03922347935442348,0.013749274890536161,2.8527671216626564,0.3906697501150861,0.19236131817058189,0.14225728238849789,0.24398254705650707,0.030729102269327103
0.04231931006593872,0.010022502857415622,4.222429334068663,0.10307727718603601,0.30172962792581187,0.27811439714753133,0.12444589104515148,0.19263280669546937
0.040857668471838325,0.009329213607443236,4.379540461935653,0.2543577727376308,0.3715376955699778,0.10593303145049036,0.13287575302678398,0.1352957472151171
0.04396594003240496,0.013233529599174867,3.3223139528207435,0.01812340349492972,0.13954530336829263,0.3893024122528478,0.4044121422997017,0.04861673858422827
0.04092792892675777,0.011693763507654395,3.4999791897593573,0.24060919919809443,0.20031512457311348,0.2570508215036381,0.29138332404352174,0.010641530681632238
0.04116360245533941,0.009743945246468924,4.224531379654104,0.23026281373342933,0.266192570692596,0.17863605262058124,0.1805627670036573,0.1443457959497361
0.04147855294836151,0.011602801567043707,3.5748739395988727,0.17259426155647953,0.07692121673896574,0.3015674528758724,0.023204443070126625,0.42571262575855584
0.04285448862963746,0.007960841255261846,5.3831608061914435,0.18244129366530235,0.1797723781601419,0.1418099680883278,0.4201598047668614,0.07581655531936662
0.043997359089728474,0.01047372675175754,4.2007358156775965,0.06869081565854596,0.07514809047842128,0.29895870213159437,0.45030123246201104,0.10690115926942735
0.03827591220337284,0.015402495485687173,2.4850461562505166,0.38239346516415373,0.11764477126071272,0.2735732510644659,0.01710052679582403,0.20928798571484364
0.04265036391951049,0.0075055228256118494,5.682530705785128,0.2028191006525308,0.16617917179551475,0.07369351077821107,0.25671053454574083,0.3005976822280026
0.04176549709033122,0.010238538528310442,4.0792440224594575,0.15350192102141347,0.21257765415874996,0.26422253200781276,0.08072593617163562,0.2889719566403884
0.042898450058141635,0.005683478461390021,7.547921638054358,0.140794741188852,0.3898377739587186,0.05632737838404094,0.1449079232081108,0.2681321832602777
0.04024737197964364,0.01359886648425607,2.959612260789498,0.19087524289829164,0.3092387617810515,0.3622176201294459,0.03898463488649335,0.09868374030471765
0.04343031959442729,0.00715441368481471,6.070423308985951,0.12092538238987524,0.161951010777844,0.16702047954818494,0.2895308546062306,0.26057227267786515
0.04359242641886951,0.01247911708280248,3.49323002017061,0.011201255625653102,0.27036541847586076,0.36724791296062415,0.27355844566490384,0.07762696727295826
0.04286119430440186,0.007377443465005764,5.809762488551768,0.1915950032039834,0.1984309857261154,0.09048497559703018,0.36456380419770024,0.15492523127517085
0.0391218287474097,0.015699954133317713,2.4918435057327444,0.26549825066922617,0.2324760874376195,0.3955184744255882,0.05500076399583093,0.05150642347173507
0.04319234795011478,0.007224749091966418,5.978387263045943,0.14732169597324551,0.21153233359259335,0.14644978310700024,0.3743811241257249,0.12031506320143597
0.04427423430744163,0.009347955267859153,4.7362479856604205,0.029684481728634554,0.14489495920759113,0.2708042819985704,0.2978303401203463,0.2567859369448577
0.040973522149530664,0.010668203476016533,3.8407143472323444,0.20297169829845432,0.26347719933546604,0.24790481026602035,0.08526784247642515,0.20037844962363419
0.040363056702093544,0.01222774079052728,3.300941473453742,0.28265317190965084,0.1163172533223813,0.23987197719289255,0.1766030649857924,0.18455453258928298
0.04232894163775234,0.013779839011586859,3.071802333986616,0.0422893632121487,0.31285201112145533,0.40652199330272193,0.06641537504382233,0.1719212573198517
0.043099504894298084,0.01737400120871488,2.4806896452084493,0.025387984227363842,0.015457842540893262,0.516267686201191,0.2574255610964057,0.1854609259341462
0.043419158376099144,0.00553452469656208,7.845146739171683,0.10922526909210475,0.3894182307672128,0.10023447668168682,0.28836778890437315,0.11275423455462263
0.045259789747409185,0.003377502002330696,13.400373920186276,0.041920059377661384,0.40634412324114866,0.0009698639412163676,0.4018671656944009,0.14889878774557255
0.040098012618264234,0.011606856770276848,3.4546831594362657,0.25136743893900493,0.2593339105617893,0.24395650676501687,0.008248632983945422,0.23709351075024354
0.039708948990855836,0.01374869229254639,2.888198247944158,0.39910213222086915,0.09779602165060626,0.11053848783313952,0.32791154750052204,0.0646518107948632
0.04177113200824029,0.00885562085659795,4.716906096664965,0.2558012314875797,0.29237276719370503,0.014389915174674271,0.2144361583806805,0.22299992776336053
0.04331376396463504,0.005203565656623199,8.323862294214438,0.11874572134267061,0.3429382622129763,0.06368853244775674,0.14251961031607022,0.33210787368052624
0.043381954430328266,0.005062606924931604,8.569093961588644,0.11514706624642197,0.4961049859570039,0.04775730254076645,0.29549138300505606,0.04549926225075161
0.04218640255368157,0.009203430253764612,4.583769463176565,0.17068599186930433,0.19906163989464512,0.21398168183894417,0.2470671703807933,0.16920351601631303
0.04144148718827387,0.010681396925801527,3.879781593751055,0.20702273817918618,0.13614438805333023,0.24569841402783177,0.17329244968495355,0.2378420100546983
0.04135798289846446,0.01365209523387683,3.0294238495961543,0.1255027709799104,0.2647756800777496,0.3890147048588505,0.10805658944100753,0.11265025464248195
0.03894757283452997,0.014215137361568344,2.739866090905851,0.4209697958372598,0.1870652756467665,0.07825712613094502,0.1426689008164493,0.17103890156857932
0.04183568923782433,0.01005918458560593,4.158954324954789,0.16041074967486685,0.23762634670555952,0.2539935776092569,0.16777717852537713,0.1801921474849396
0.04277676832428075,0.005854995740248951,7.306028940417625,0.1299572825461634,0.34612773565747507,0.08794877050764259,0.04295738671849876,0.3930088245702203
0.039560207773431486,0.013686684408171276,2.890415720392669,0.3281828713968686,0.11531844923903228,0.25641655712053263,0.17736438565027227,0.12271773659329425
0.04240521461651521,0.010740391607864662,3.9482000437920672,0.14851819756605406,0.07044758637871672,0.2844876854643048,0.23128905238504524,0.26525747820587925
0.04335256216011536,0.008331288003485959,5.203584624847428,0.07687398989857896,0.33504688080846684,0.22795179631404786,0.32112184914883457,0.039005483830071845
0.04018220174739656,0.010432866803649578,3.8515014620276955,0.27518401759365285,0.37530377066299564,0.14620529578756006,0.0862169029712938,0.11709001298449778
0.0426731167662748,0.007455248708723297,5.723902505941015,0.1388352069685943,0.22747998787345133,0.1658103041900097,0.13799097853580022,0.3298835224321445
0.04239227953873684,0.015713467372938637,2.697831009070845,0.03583448189023131,0.22998706750852463,0.46607201513013335,0.11882336122924532,0.1492830742418654
0.04014852874538446,0.017243324825580643,2.32835193627065,0.2032562965768912,0.000938058454279344,0.47988188607195403,0.039461565866001955,0.27646219303087344
0.039770725564855065,0.011743620005248064,3.386581441419432,0.34280132250265366,0.3164720064922887,0.07411340738453807,0.10682436450469837,0.15978889911582123
0.03935850758274414,0.01237148707162926,3.181388571548726,0.3648391030300929,0.346792903154089,0.054544142102280875,0.053769632645250774,0.1800542190682865
0.04025050202876443,0.0114190742436771,3.524848089244335,0.3360066029730403,0.3406366561844678,0.04146170047458674,0.22177761556878445,0.06011742479912073
0.040394322455164416,0.010132696749971746,3.986532258085889,0.2522841401520508,0.3369650160544193,0.1672149524107873,0.030548857291267398,0.21298703409147515
0.04292716650669544,0.006883800161540007,6.235969304648147,0.1508355787464952,0.29940609907651516,0.12566452715976129,0.3230360845080948,0.1010577105091336
0.04415137388936903,0.004748091642912353,9.298761946870881,0.10936617852634647,0.2127926023745852,0.024242407526822992,0.1952720814367715,0.4583267301354738
0.043798258691011095,0.005757510422237577,7.6071523069843625,0.1063225356131047,0.08321871249304003,0.09892637887421954,0.05795134971286148,0.6535810233067744
0.04102078605959135,0.011526280519418675,3.5588918724025835,0.27092304222912217,0.013361176692336219,0.2181100122096731,0.2115328846314493,0.2860728842374191
0.04347994228443587,0.007398432841714146,5.876912477908225,0.13020911742598318,0.10686694198719193,0.16959010794490156,0.3206188681557518,0.2727149644861715
0.04221305007612275,0.010739620273673381,3.9305905609718725,0.17482567501288196,0.09065671175685912,0.26949660714331874,0.31676355624488206,0.1482574498420582
0.04149659025016236,0.009657770343061109,4.296705013282567,0.23476213489750256,0.14052748095300197,0.16801463713378278,0.18431313783200376,0.272382609183709
0.038383699397688265,0.015026905315467024,2.5543316199763604,0.4303033347971785,0.19561234893579565,0.15068888695420338,0.16445674864953122,0.05893868066329139
0.04079423477503352,0.012990240366442845,3.140375668522316,0.22409719341885764,0.06524114312007202,0.32292823820569283,0.12630313790136793,0.2614302873540095
0.04139972082290373,0.010688343288574483,3.8733524649380215,0.2543917441313221,0.07883533026404986,0.19615083722687635,0.28888551020634207,0.1817365781714096
0.042527604561888005,0.01170273507006697,3.6339884913454368,0.10861846610253346,0.1932373717287607,0.33089495415291986,0.2839495485609393,0.08329965945484669
0.04165606806842654,0.009086461717502523,4.584410231783378,0.23033097710810704,0.27995995034421345,0.13781447871203895,0.3157258908897333,0.03616870294590727
0.042978166585710034,0.00627501835667189,6.849090176766361,0.1393601413355079,0.33298214806002113,0.10734762764152547,0.2505518986221394,0.1697581843408061
0.04287266072291755,0.006189017504867335,6.927215941658021,0.11626738385892355,0.3365865723582724,0.12611427662115188,0.08695467201123953,0.3340770951504126
0.04018956615591947,0.011277798472534536,3.56360031204631,0.33199946996678004,0.30345044073338484,0.022046650504388282,0.058395746369046736,0.2841076924264001
0.04105864973014778,0.01710595011633216,2.4002554345663865,0.13325059480005622,0.14356103987046911,0.4957229836695214,0.18191831869650982,0.04554706296344353
0.0443717883678828,0.01024682902079652,4.330294599219695,0.017545489100435106,0.21343285547243535,0.29720680701583546,0.4184518675969454,0.05336298081434863
0.043881897184072,0.0060038229864211,7.308992500831566,0.07875595423998688,0.2121541315920413,0.14580408517184157,0.19322800280331132,0.3700578261928189
0.04090861279814222,0.01272631276140684,3.214490604238454,0.1849107892112695,0.1408725554552262,0.33576971261594807,0.02213115378907881,0.3163157889284773
0.04138932599000548,0.012143142153842948,3.408452727114536,0.17460564205724496,0.1753346406298051,0.3208937994259859,0.1765763742826623,0.15258954360430174
0.04244251450039498,0.008856926860195952,4.792013660080736,0.11237992450930084,0.27170964459517377,0.23493340335460888,0.08840048618528777,0.2925765413556287
0.03938703243946598,0.014422854044634923,2.730876449111495,0.4298322659723289,0.26516132389706615,0.002936961393673798,0.29802655578862686,0.004042892948304456
0.04468599185030858,0.003791462861621999,11.78595003596891,0.04938383234951682,0.28354127437640986,0.05394132421213782,0.1815158637718924,0.4316177052900432
0.0430277195415662,0.008747689612459144,4.918752430388334,0.08175624167696265,0.26429016418962337,0.242740396185213,0.15505625096473588,0.25615694698346514
0.0394087782888985,0.013666242402215704,2.8836586626408125,0.3147390347331751,0.11563112007268501,0.2718001132169475,0.049614568620289845,0.24821516335690258
0.042569702687176664,0.009333411759125214,4.56100124861164,0.23916113562029034,0.0081943792713901,0.13355231695700998,0.46527947836479916,0.15381268978651041
0.044319273436210845,0.007335225769427498,6.041978097106327,0.07409781837717426,0.07657938762116427,0.1956890911737782,0.3440999576843863,0.309533745143497
0.04277487001944136,0.007880430254941733,5.427986624539655,0.22185933701348579,0.10600388043818472,0.023394486050017437,0.23495109142631262,0.41379120507199946
0.0406500795553609,0.011333708521530973,3.5866529898961823,0.2655080533615737,0.14867681451253142,0.21639337428621883,0.15873622424426484,0.2106855335954111
0.04258476226291581,0.008041171189924475,5.295840774572016,0.16830424761227955,0.2214655262430526,0.1651182395592514,0.3059076754438386,0.1392043111415778
0.044632343977950927,0.009347440157796554,4.774819974720436,0.008622734382060798,0.12805650946046168,0.2712061938329426,0.29285742308531104,0.2992571392392239
0.040950046782249755,0.01166417592911904,3.510753526961128,0.25801535568254325,0.09917182858544596,0.240087965115281,0.25421678531294956,0.14850806530378027
0.043324959270425095,0.007429261446215919,5.831664369880614,0.14945687294529345,0.06649327114734503,0.15384886314063456,0.2924021333080019,0.3377988594587251
0.0413830474197138,0.01134084194920741,3.649027788682478,0.2242053039574179,0.11307096912479908,0.2576980700504466,0.2795502325768409,0.12547542429049557
0.035373424864472654,0.023008865040098733,1.5373824307642106,0.6945917330969887,0.06193049205250623,0.009036915698476809,0.10333882169732451,0.13110203745470372
0.03968388540234888,0.01271514700470847,3.120993047713391,0.36579999880232017,0.17687242124905345,0.11442335936520075,0.17857605225269607,0.16432816833072936
0.041787141748642787,0.012007873773180723,3.4799784323160767,0.1501822506846749,0.06869884915494125,0.3267641322213851,0.06805361623521565,0.386301151703783
0.04117437968401671,0.014287569002287103,2.881832429115524,0.10339172323345264,0.37492431274468935,0.41296919100969054,0.0642461190717117,0.044468653940455724
0.03773044759511887,0.01591989083727791,2.3700192407582037,0.4049651850306814,0.19747600349296335,0.2687771192711755,0.009919901590398936,0.11886179061478103
0.042855003662378495,0.006548623956640484,6.544123459543337,0.1630073325507463,0.2858344949170187,0.08754812177526244,0.25002464520106754,0.21358540555590502
0.04435659235320673,0.005663023848395699,7.8326691782823215,0.06684797750338678,0.17013452173669114,0.13794242945886886,0.25663118917173267,0.36844388212932055
0.041952979652672265,0.011027935860338687,3.804245888258532,0.17493390339618803,0.0986981723276835,0.28086580657561705,0.23590020694872849,0.20960191075178292
0.04047436617577899,0.013111198553903825,3.087007340280714,0.2511277167412655,0.1005112425749143,0.3082053728965359,0.17552071603195882,0.16463495175532566
0.043457990093519666,0.008392527621527642,5.178176593907863,0.058733424385805776,0.2341101667094724,0.23639584432026386,0.13348333927554923,0.3372772253089088
0.0406213828568856,0.011896570286203566,3.414545695072651,0.2778278213265504,0.03583658088986624,0.22839812759090827,0.12941892486876733,0.32851854532390784
0.04281309720617353,0.008832626451374385,4.847153611880833,0.11791450136953771,0.14699732579147598,0.23166786238373488,0.1408092688377903,0.3626110416174611
0.04293636111360878,0.008236567405218633,5.212895008472169,0.16644194691111114,0.07644600365972157,0.17525569616268036,0.3076087977670665,0.27424755549942037
0.04310968582604053,0.007284822817878963,5.917739786373044,0.19517847993399481,0.11287947630171348,0.07038478528822815,0.3436878384034802,0.2778694200725834
0.04189844242459188,0.008204833090615064,5.106556338424066,0.2314117919003676,0.35568787120720774,0.04921770987967601,0.2760332019857583,0.0876494250269903
0.044584507537708616,0.00652835252787274,6.829365808196705,0.05385970229151505,0.20797866932707895,0.17304122306078365,0.42040476208285243,0.14471564323776986
0.041438469635713085,0.009889800789410139,4.190020660485378,0.2289065308762198,0.21034595130839576,0.1876202136957898,0.2585410421210704,0.11458626199852437
0.04324981780443936,0.007594325078796456,5.695017971405243,0.1787040438223282,0.07381083454824801,0.12646508080783248,0.40346737457941684,0.2175526662421744
0.04256486695796183,0.009753975682275142,4.363847967686695,0.16685705095794523,0.1056378181880587,0.23705360963871955,0.35031348009727625,0.1401380411180002
0.04036236494596133,0.011819541107361036,3.4148842649080717,0.2478624052312763,0.20601466160610146,0.25762557059180663,0.08207695411197116,0.20642040845884443
0.04302121186722744,0.012113021820881502,3.551649828044036,0.07457731566253571,0.17647870070018087,0.351388644337533,0.30642369625287147,0.09113164304687885
0.041172372203820556,0.011480245497199844,3.586366878117976,0.28400928213336113,0.01765282641724624,0.19694556254323645,0.3255275114514427,0.17586481745471347
0.041214491982507956,0.010554917440220694,3.904766874391222,0.2270979537705203,0.16881371089248817,0.22211066944959984,0.18594895303132428,0.1960287128560675
0.044121927196408506,0.005232885979697993,8.431662254363685,0.09429388859109074,0.30704896685440003,0.09847388172556512,0.4058992916337469,0.09428397119519717
0.043390072083919214,0.005310849404800095,8.170081427031624,0.0980510303347573,0.3557223255667363,0.10066169981953715,0.14951112121910567,0.29605382305986344
0.04198773567326371,0.01330214027715691,3.156464658951696,0.12368090442621182,0.12393268954968022,0.37892149706864653,0.18986396560055782,0.1836009433549037
0.04393215983882229,0.008305345593626721,5.2896245368205435,0.006841982861555667,0.27434043858928014,0.23568387929099174,0.023072771599378535,0.46006092765879386
0.04208878251327728,0.009604070598642102,4.382389954445786,0.25376102097222764,0.028670312667266676,0.12838446565994077,0.35343842877242015,0.23574577192814475
0.043589257670381215,0.005983156918628914,7.285327505729204,0.14654540555326925,0.1654435254343304,0.07408822550079448,0.2887980665992948,0.325124776912311
0.037642694476420394,0.016532051634310947,2.276952389762442,0.4759992890377333,0.11704932476884214,0.16242229809747522,0.08395667673854923,0.16057241135740008
0.0433608339130057,0.0063710284406838825,6.805939467498474,0.15279942079753034,0.2906749651007226,0.0870714828672474,0.4221185392243914,0.047335592010108264
0.04380100420279133,0.009634338388035209,4.546342721072302,0.002733217086181408,0.33974220478218886,0.27966742910456743,0.14121461343285088,0.23664253559421136
0.042845513627676385,0.009612621356038761,4.457214326949468,0.1220551501401806,0.0919408017044683,0.2572475776004927,0.1928406673333722,0.3359158032214862
0.041060026191123575,0.014372950136063593,2.8567570194304546,0.1173834108071715,0.3567132958436062,0.41263881435565597,0.08966487255863025,0.023599606434936134
0.04232158216994914,0.00894012929180675,4.733889274815643,0.14805346595393057,0.2606920833075492,0.2191832969807935,0.23639446270688072,0.135676691050846
0.04362575170416161,0.00598212337836917,7.29268671754723,0.12402859975011488,0.2807279671478006,0.10788538597474216,0.3833787454381677,0.10397930168917473
0.04289012964526563,0.008315238529367929,5.158015551061512,0.1253925294946835,0.21807394997921262,0.2095347980571098,0.2586732752224222,0.18832544724657177
0.04089080961069529,0.010816995034172322,3.780237439465933,0.23557843379433416,0.21519967634739087,0.22523782697449132,0.1612885622303775,0.16269550065340618
0.040439309937307974,0.011553864373164439,3.5000679107186214,0.30709857705749816,0.21922618774067149,0.16237443913381797,0.29843013323752976,0.012870662830482747
0.04539277607328676,0.0031257665300593244,14.522126216645248,0.0036456326255223143,0.4163886248984362,0.022697856740119732,0.2565852501055517,0.30068263563037007
0.044528707427608165,0.004113371368677076,10.825355514138586,0.06760055272332696,0.30555343413581837,0.06484583693122878,0.301727461407871,0.260272714801755
0.04227712307997517,0.009855494484435722,4.289700851311039,0.17813611297732643,0.11154212175822806,0.23399424558110715,0.2944608180417148,0.18186670164162366
0.03963598131351663,0.013365082177156484,2.9656369327277465,0.3122959882066088,0.07179908907961795,0.2596917798082313,0.04974697616652391,0.306466166739018
0.0425261016563514,0.009537077109402853,4.459028816535813,0.1052430664671163,0.19678572214782533,0.2606602242291292,0.05613268620298929,0.3811783009529398
0.042307371695252574,0.01020560582159065,4.1455032101816505,0.13519879175408173,0.27034779123120123,0.2705269053949877,0.2966165973910571,0.02730991422867223
0.04345258398338698,0.00723294347643383,6.007593467993072,0.09926354623427865,0.09489165668298076,0.177813422589931,0.08530897127377852,0.5427224032190311
0.041222088313658964,0.00924125437005787,4.460659415156951,0.2256290932380926,0.2742869176819175,0.15724540995407782,0.12151013847306615,0.22132844065284585
0.043367084561246536,0.007273114685929702,5.962656500542043,0.11404474747245456,0.13315648512244693,0.17543264895691038,0.1959625159253014,0.38140360252288674
0.04359162746099105,0.005293755184040218,8.234537855549588,0.11582398229471198,0.25308386019879303,0.07754273855588434,0.18152353179309827,0.3720258871575124
0.04305781830811572,0.007377968065931678,5.835999549379785,0.08087550056177996,0.2694973074782317,0.1931702955107472,0.023910754405180028,0.4325461420440612
0.04295803847880463,0.007181155722914669,5.982050819720831,0.14554912575393453,0.27586788111206023,0.1465029116596535,0.3298620393104533,0.10221804216389833
0.0427644239423426,0.0066002587567981766,6.479204152154766,0.14343733629424663,0.2640499082594,0.11958044437653169,0.12677952940152454,0.3461527816682971
0.042617987334819446,0.008081627546287138,5.273441159064427,0.15527738040942862,0.19266089348250973,0.17982814611915732,0.23137964686659232,0.24085393312231207
0.04254085893786652,0.008491264187172195,5.009955879376979,0.24273212034850275,0.12693731415679788,0.009825640804070378,0.2647736887049643,0.3557312359856647
0.042540717630160305,0.00814023588860522,5.225980943587791,0.2002400766515903,0.07320278872900778,0.12803658114308153,0.22666193106055194,0.37185862241576845
0.043475430751757985,0.010178356733509593,4.271360484804628,0.06631337102610714,0.2363492184029003,0.29087334677657,0.36140512086633414,0.04505894292808852
0.038962623839207705,0.01384424961000698,2.814354330266085,0.32453913101165954,0.21070975168432546,0.26859554615357706,0.018838682119060802,0.17731688903137716
0.041309020666406494,0.010229395202229192,4.038266177985227,0.2522851769346233,0.12432691984385653,0.1749016368123832,0.2245977166764446,0.22388854973269234
0.045683521332854735,0.003993534986071112,11.439369253604244,0.016172513857097268,0.16978657349112533,0.08260513771701836,0.35415011060840307,0.37728566432635596
0.04348382270436019,0.006501411226429407,6.688366754527174,0.14641245531461916,0.08559849762854829,0.10725337750315658,0.23343769479973742,0.4272979747539386
0.04154273186179128,0.010360760540156628,4.009621851675694,0.30023619922106254,0.033258995207964166,0.023948468939852873,0.13653209749938122,0.5060242391317392
0.042120930318321995,0.00859839402598331,4.898697383608802,0.22484729999435857,0.2036741968831561,0.11540095792691313,0.336259582600025,0.1198179625955473
0.0413060508458139,0.00957583606896327,4.313571217002456,0.24664001865613763,0.2646471514020635,0.14277568047675918,0.2641703073476285,0.08176684211741116
0.037562916620794015,0.017678483298573903,2.1247816334913843,0.43883085231815055,0.0586258309542614,0.3158663379507823,0.14484668636862397,0.04183029240818182
0.04402220376268847,0.011960178093424874,3.6807314589144573,0.002224173482981474,0.193880950163193,0.3519569112335333,0.27177803585404514,0.18015992926624727
0.04046195989716937,0.010823354164039548,3.738393781070539,0.31765844027595475,0.3010977093759986,0.04026920119671123,0.13303306457649347,0.207941584574842
0.03892373072007685,0.014914868731648556,2.609726670774029,0.3186171055550012,0.15914642139521326,0.3241733255588271,0.05392885350630714,0.1441342939846512
0.03874854063263573,0.015098983335196154,2.566301304691939,0.29844233120105856,0.2606387264529887,0.3487540452953291,0.019519083637035695,0.07264581341358801
0.04596426393140698,0.0033985174546818835,13.524798546520762,0.037963020923760006,0.1503928062318989,0.003352713273387695,0.394711024115271,0.4135804354556824
0.04060578985388165,0.012540469631481341,3.2379799997239096,0.3708116032064631,0.21695057709295382,0.0018079704887352785,0.37982942850952156,0.030600420702326145
0.04099748790702443,0.011682055886800583,3.5094411723665013,0.30005484825122947,0.007847692096315226,0.18376479610317403,0.3100134105743918,0.19831925297488948
0.04258667218836764,0.007357476962266673,5.788216858411697,0.2050116147574592,0.22967504008991566,0.04124678631279426,0.22742288992985923,0.2966436689099717
0.040651662043734826,0.011269066649183132,3.607367256691269,0.3185850459330846,0.14488474974973575,0.11265833196816347,0.24634371427690024,0.17752815807211586
0.04246475643212653,0.00854233713703801,4.971093478388616,0.20936196219416947,0.14008029773419617,0.13851187353172784,0.3736201569380064,0.1384257096019001
0.040952887527089185,0.027182978660500894,1.5065636492073293,0.017179260197191588,0.04538004763521008,0.8101208931172973,0.06356435027128991,0.06375544877901125
0.04224172145902685,0.011940097953804907,3.537803594447551,0.15167468173646886,0.08239463506811331,0.3236259374179094,0.306243408137078,0.13606133764043044
0.04022383812592997,0.011875127143396084,3.3872343125436752,0.3513313639580653,0.29369274426225517,0.029647024629184983,0.22928248855798372,0.09604637859251082
0.043584766651554516,0.0045428780082341184,9.59408695821364,0.07608677690103667,0.4168605236113957,0.07340700858739369,0.07650373568769038,0.3571419552124836
0.03939109316364155,0.014616560643709016,2.6949632080920156,0.4365061357317871,0.1358372680849404,0.004390920326550085,0.19045418608929437,0.23281148976742805
0.04106997115910177,0.009329815640936736,4.402013152210396,0.24705589779630116,0.28261778622990624,0.1253247767961764,0.12504146974149413,0.219960069436122
0.04096735883010951,0.011151819014019553,3.6736032730272283,0.3263193648757956,0.09584686334928193,0.05605329707893129,0.22778149537488673,0.2939989793211045
0.043240986502275196,0.007910170535350997,5.466504964593215,0.09500627741931413,0.20087451761813907,0.20955235712710407,0.17897338581538896,0.31559346202005384
0.040695351679794024,0.010090372204225923,4.033087269342801,0.28534015324694595,0.22256544530014474,0.08802151539981784,0.044976697774682294,0.35909618827840917
0.042963913574571556,0.007985167511306762,5.38046490743443,0.20349828034050588,0.02638241930227824,0.10959058651326711,0.34136843877486994,0.3191602750690788
0.039462748646952345,0.012747410969321065,3.0957461669610042,0.34734704968604796,0.23878677585937005,0.16772361140029188,0.1692025500852947,0.0769400129689953
0.042089772424316954,0.008680140891278559,4.848973415466907,0.24606147819870494,0.22120945404755318,0.058552899205117644,0.3348615166561823,0.13931465189244197
0.04425218944772324,0.011178875853906253,3.9585545117454832,0.01873518802121299,0.12350348133943251,0.3276504539448793,0.34539164499635977,0.18471923169811563
0.04092100898146245,0.010766683402287737,3.8007070007062183,0.2453161411427539,0.22451320310453737,0.21168457636069046,0.22052906788901377,0.09795701150300448
0.040319691719424594,0.011656939512106943,3.458857419440875,0.25533334426175663,0.194871052182193,0.24291720793255814,0.06000870487364681,0.24686969074984536
0.03875760488878073,0.015955607478372536,2.4290898946540134,0.33902878700913086,0.10715579550863805,0.34914339913028286,0.13396133548273462,0.07071068286921378
0.04338214519682728,0.00827882868327452,5.240130803101528,0.047425076705434256,0.3315355677607516,0.23433538749847813,0.12971960307576422,0.2569843649595718
0.04282919488560302,0.010131871273930122,4.227175190806555,0.10804636704681864,0.1458694777080763,0.2806606184554363,0.2173824215337277,0.24804111525594105
0.040353797467863536,0.009855452425810412,4.094565700726342,0.26874839455227256,0.45662309948280255,0.11118986247754259,0.12080738196831466,0.04263126151906772
0.03993037940049049,0.013475764960652767,2.963125248702487,0.24721502103342655,0.27369364429050025,0.32393914806763474,0.1496829467720428,0.005469239836395703
0.04035931311185545,0.009845118885793718,4.099423641302394,0.2644011112673587,0.4176587497891667,0.12318180644299286,0.07692217901924475,0.11783615348123713
0.04213783892125326,0.009205352792590592,4.577536556249109,0.2120162300738572,0.12504860877755392,0.17291603368049943,0.3180659725465837,0.17195315492150587
0.04088206842870771,0.01585827292305861,2.5779647397330026,0.1895869580130215,0.019162312679689535,0.4394041058928891,0.19476967359139638,0.15707694982300338
0.04152307643885861,0.01649170026094853,2.517816585424066,0.04883579861596311,0.35810986442873943,0.4877837008605656,0.023238342696267126,0.08203229339846471
0.04265557368212043,0.012812915386991272,3.3291075757378286,0.059715121439027866,0.2456790639103955,0.37578697756335167,0.17857382169496366,0.14024501539226122
0.039552222421260774,0.011801683482340586,3.3514051177905784,0.3368105889756851,0.3265759155250127,0.1085213702619748,0.07073014378902051,0.15736198144830688
0.041155312526389015,0.010496005922228812,3.9210450938512564,0.23915646393152026,0.21432204165985605,0.20531526744704598,0.2557533960275439,0.08545283093403387
0.04170572101356049,0.01456334920991651,2.8637451737517994,0.15937708532226727,0.019865356289617872,0.40760907647907607,0.27327171305782655,0.1398767688512121
0.04359380727260225,0.010646223552206315,4.094767225094377,0.028785346997706598,0.2999803236374504,0.3104832359153957,0.2762480818792144,0.08450301157023296
0.041302173296945195,0.00969636816434891,4.259550854185058,0.23539942257306007,0.19414131095474324,0.1695496452595358,0.16779361496465314,0.23311600624800777
0.040466571371297645,0.010857003547829222,3.7272320298162414,0.29720790582825035,0.19069997776398437,0.13340136969723487,0.11645349958990277,0.2622372471206276
0.04267629018215657,0.008631060307485497,4.944501447307062,0.24336287922667024,0.029170846759936538,0.05368059396155623,0.3398541987384951,0.3339314813133419
0.040419997690195136,0.012310474098732076,3.2833827004565337,0.28776556484052507,0.129351311199029,0.23704353667009295,0.2503955849859007,0.0954440023044523
0.044571574912928534,0.0036061115409835626,12.360010056919007,0.060053642976891426,0.4119719834231578,0.012486595927558483,0.246819615478238,0.2686681621941541
0.04052924633337317,0.012130108023818207,3.3412106680164366,0.2521005520336098,0.09452171133027579,0.26681339033286544,0.08001657697586559,0.3065477693273832
0.041626352038846015,0.012840690738668717,3.24175333601732,0.10305706325654748,0.3276814857183263,0.3684625713807602,0.08886678404910629,0.11193209559525981
0.041018377209009235,0.011063556861592735,3.7075217059176513,0.3190986395248083,0.03522272257841437,0.07813023783643161,0.18657244882797933,0.3809759512323664
0.04093246039896406,0.01322402658214373,3.0953099001052182,0.19886860847211774,0.13721301930928642,0.3462801210177456,0.1641239722840736,0.1535142789167766
0.041783262717718136,0.009924592956313054,4.210073189061091,0.23149600836501028,0.17556039943892562,0.18316066882569618,0.38681824878110427,0.02296467458926367
0.039465866238710526,0.01311738928821756,3.0086677593810514,0.3467124605375664,0.10231504155360721,0.1953746470842008,0.07451692783405676,0.28108092299056886
0.040577636948663356,0.010976913206397609,3.6966345807502363,0.3182100204348842,0.154733515123374,0.0712974028306766,0.09882265288761756,0.3569364087234475
0.0427357195868839,0.00660109287785576,6.47403700836365,0.11689801184196032,0.3383583818229973,0.14465434394907484,0.08243065437097388,0.31765860801499357
0.039571275109235055,0.01797617279706976,2.201318131281284,0.23894080620896718,0.015950252730187478,0.489535479331073,0.07534884603348425,0.18022461569628814
0.041517844469901956,0.01126930897294663,3.684151758512494,0.14809870702107591,0.18837044143932793,0.302299547774156,0.0023440101894691805,0.35888729357597093
0.04219846865727466,0.008912990709424353,4.73449036726305,0.1638375116980446,0.24110601867923592,0.2073084410018808,0.23532072003361973,0.152427308587219
0.04239137708243485,0.00962581023910765,4.403928191957033,0.13654111527959467,0.1692540155681921,0.25145873699106147,0.1631466184014903,0.2795995137596616
0.04485005387001849,0.004401935854259871,10.188711365845073,0.04127042295179027,0.3729410988920995,0.09174886818059935,0.4241476163782604,0.06989199359725064
0.04395271069685716,0.008285728781091298,5.304628217756873,0.03734113920414218,0.2347119385772151,0.23668524124679124,0.21357403342864037,0.277687647543211
0.043106715783085454,0.006465304472548041,6.667391453274693,0.11123121615527198,0.3398731084902549,0.1447399646512014,0.22094915622049763,0.18320655448277398
0.04376694803058761,0.010520834470784304,4.160026293743683,0.002403434406098799,0.2360131366984333,0.3071067361018458,0.07171343219643875,0.38276326059718324
0.03854890499463036,0.01703306844356006,2.263180302619233,0.3294306467178324,0.11070842210253434,0.4011974185842189,0.11920301072539373,0.03946050187002066
0.04023936338953629,0.013681589410996406,2.9411322164948475,0.4037504383734841,0.06521539999974788,0.06257753905123786,0.43593447148740466,0.032522151088125624
0.0400377963489678,0.011691740913363398,3.4244512126680378,0.34278592004256014,0.33702021734723997,0.05985369360265354,0.21943733066996685,0.04090283833757954
0.040100431360446664,0.0148032420222525,2.7088952068855576,0.24996813005809296,0.024867551944745506,0.37322297655359343,0.0820872999778501,0.26985404146571795
0.04441168076575129,0.007046241571488682,6.302889322650386,0.05434242318628443,0.08878207525263164,0.19101585919954012,0.24275537659993437,0.4231042657616094
0.045054637423446904,0.007726139977479719,5.831454976841335,0.015938895015121364,0.0001932985268900097,0.21539825692443304,0.22510516705511266,0.543364382478443
0.040821640064983615,0.01012589537887161,4.031410412373095,0.2949260077226122,0.2845657268298307,0.0462721288919154,0.13318294778901832,0.24105318876662343
0.04307580099248399,0.005955960236670486,7.232385590365244,0.1304262924230905,0.27671341794057813,0.09893976128176439,0.13493564067657648,0.3589848876779905
0.04157093560673163,0.007734155772611736,5.37498038944897,0.1392086777458301,0.5358779992511178,0.17018942386529687,0.013074646366023847,0.1416492527717315
0.04467652193635736,0.004081888615095046,10.94506150195798,0.07470665743903766,0.22115803463340236,0.049184564678387006,0.27318147712095575,0.3817692661282173
0.04317155906139948,0.008009538419954313,5.390018350351547,0.15703715859830883,0.07298824754333243,0.1732841842436615,0.3404677730964989,0.25622263651819827
0.04280862133388548,0.01054901042766782,4.058069866118203,0.06552047689539203,0.3479893249938915,0.3032252625927003,0.2119030067139946,0.0713619288040216
0.03813611592539725,0.01601631582776359,2.3810791654901027,0.4749597438851624,0.0852231912522118,0.0933075123459608,0.07047709404460074,0.27603245847206426
0.041934208492493345,0.00994394027063079,4.217061582353336,0.2135210749291778,0.12010225813824527,0.20666493177808828,0.3241401211581055,0.13557161399638315
0.04168223352484548,0.009969780210828607,4.180857816662058,0.2873703787942781,0.0961870969804256,0.062224579067334425,0.2997167874736782,0.25450115768428366
0.04269625027775853,0.007442666557249976,5.736687240968452,0.11874310391611383,0.29117829845760784,0.17953616811486015,0.1199940343265145,0.2905483951849036
0.0385610000449096,0.01563343508656168,2.4665724347463596,0.37104364554528835,0.14694190464238416,0.2992750100901602,0.18222050079371235,0.0005189389284551452
0.040393276765221316,0.011500955374516718,3.5121670722001808,0.2949983748173619,0.16857665893240695,0.18354518160839955,0.18399261732193237,0.1688871673198992
0.043008238815611055,0.00786043222824124,5.47148522712142,0.09639322639118392,0.32288934067976166,0.20660254888158172,0.222971057237268,0.1511438268102047
0.04199194333282488,0.009889480608940224,4.246122217466466,0.18684700165984014,0.04176806740587313,0.2273297566393983,0.11430249628017917,0.42975267801470934
0.03969446095677562,0.013329683738580995,2.9778996812869076,0.3765636080780784,0.12969961083816736,0.14260628952800394,0.2871828903759385,0.06394760117981185
0.039903750663317375,0.01255928099526834,3.1772320946040584,0.3714905969137569,0.14542738864246005,0.040448815052630406,0.06982015507081346,0.37281304432033924
0.04328667688631398,0.005293510327966262,8.177310367682702,0.11553605633559015,0.30963154002974946,0.07301216422019668,0.09074865911945207,0.41107158029501173
0.044203846252920245,0.009662673058497153,4.5747016364222635,0.07972771109479689,0.01009868839664675,0.2699541015049699,0.46464728710155034,0.17557221190203615
0.04410455648345998,0.00715928571262507,6.160468830805792,0.0378064185646081,0.28974697219804296,0.1996302324889584,0.2509441034275199,0.22187227332087067
0.04180894211778097,0.00915282472794339,4.56787312775029,0.2457891667579268,0.13537089509795516,0.11417134087333754,0.2523775234605233,0.25229107381025717
0.040315306399026696,0.01138212799188034,3.541983223856417,0.3258662707839709,0.1949393210525017,0.1009975323160699,0.16781282725093666,0.21038404859652085
0.0410083699280688,0.010196116496325729,4.02195972778916,0.17916636332716193,0.3321643924575313,0.24545514114451583,0.00396167552879577,0.23925242754199516
0.04164629334472819,0.008517200288512598,4.889669367162562,0.21035620353401735,0.3038663694700058,0.1373554301958102,0.19072303312986333,0.1576989636703034
0.042085674036687226,0.011765953384472951,3.5769030066212886,0.17993485923328018,0.022778523559903435,0.30367846933565074,0.30812176330419727,0.18548638456696834
0.041239063513761845,0.011522828093947586,3.5789012191740355,0.23680618795903505,0.024489246950083067,0.2544191506513348,0.18259777604654265,0.3016876383930044
0.044859843732899196,0.004921326914913791,9.115396011785782,0.02027979147948925,0.30592423313584977,0.12346222220410873,0.28045563074593144,0.2698781224346208
0.04223770081434451,0.01334202826219658,3.1657631047013433,0.10418681902981182,0.20229689845621318,0.3838009228225167,0.27814430451055916,0.0315710551808992
0.04104005700135206,0.012805889013769677,3.2047800006093508,0.2191220789574426,0.15424395581203876,0.31744396402728575,0.304045706352941,0.00514429485029183
0.03971270023706211,0.013095292250809553,3.0325936585804003,0.24564178199876702,0.29703984266524674,0.31073491922919877,0.023839098872399923,0.1227443572343878
0.03833478111231039,0.01617319178516166,2.3702668973159158,0.3492782471325776,0.14904886720266214,0.34883079022910873,0.05897355523567975,0.09386854019997172
0.039359152944246655,0.014238169731710102,2.764340760497406,0.29673810384673366,0.11651841554093198,0.31569145442222957,0.02134850484221047,0.2497035213478945
0.04205299458808484,0.009923322391554688,4.237793848547573,0.1317722666545441,0.2682822462829284,0.26389942355284457,0.12642358999807227,0.20962247351161067
0.04306426398275216,0.005925241003336895,7.2679345799605155,0.15103946876700639,0.38525500328886575,0.05394083594888847,0.2884760558806088,0.12128863611463069
0.0392472030211634,0.013604055293640007,2.884963503457072,0.3439718588362066,0.17323593082600314,0.23003608022231248,0.1403258535517693,0.11243027656370849
0.04251883761710629,0.010040591693750834,4.234694419808904,0.07262065997748852,0.32633937977311517,0.2861117426468915,0.04769131975171816,0.2672368978507868
0.03886572322303128,0.016979409216999416,2.2889914911833187,0.3213842042274145,0.011822886090485695,0.40572622162028554,0.09986092768423242,0.16120576037758175
0.041486546582906444,0.011264068803798448,3.6830871069356776,0.20873769953324403,0.07711505537881888,0.2674708843462302,0.1970805041352997,0.24959585660640718
0.041720603355544,0.008337346425988403,5.004062590645916,0.2113505205581032,0.2984963200896296,0.12425803688292208,0.18865916852125028,0.1772359539480948
0.04022741945792441,0.012777349592325791,3.1483383284813162,0.32613131773447523,0.059509440674186016,0.20859222908984412,0.2722351948455888,0.13353181765590594
0.04024464692132913,0.012220400767037412,3.2932346236862107,0.3587239370741978,0.15423256724164172,0.07165897257531918,0.24148984222012002,0.17389468088872123
0.046142351472832625,0.0045383640517009305,10.16717719142407,0.007823194881189228,0.03596821290849293,0.10057148838579705,0.396219665844573,0.4594174379799477
0.042485636051832226,0.009224611589808663,4.605682920977431,0.1955205632447744,0.037827478975518504,0.1914993900333873,0.3065907807464931,0.2685617869998267
0.04229845447729132,0.014258992461524945,2.966440622745631,0.13092039177030132,0.055719372800837094,0.405078477636158,0.3841234582020245,0.024158299590679163
0.04095369965931858,0.012225320583927361,3.3499080353901265,0.3614062103078854,0.042654290560062404,0.027767156085184895,0.3328536682399694,0.23531867480689794
0.04127345672062126,0.01108231136836946,3.7242643117230716,0.1464097041143623,0.3192252501104071,0.29642449247760605,0.020351406662135762,0.2175891466354889
0.04033626009970546,0.013340175412266909,3.02366789439773,0.24944408197160983,0.17780967672034978,0.3175129537666544,0.22159486374145165,0.03363842379993425
0.04113851756407007,0.015368174596126445,2.6768642760239754,0.08932468053872873,0.37218792773466,0.448995784201213,0.04429758780330617,0.04519401972209195
0.042056674381265896,0.010152765102926892,4.14238623221388,0.29524929484226314,0.024889806807389687,0.026516464763955194,0.34376066299328156,0.30958377059311026
0.04109384372928418,0.010300951769349443,3.989324933212406,0.2881255290621699,0.21261041543064127,0.10541612584015436,0.2962146871612047,0.09763324250582975
0.04307552983500077,0.008705709120120362,4.947963369858747,0.09519059934798225,0.3062565063945163,0.235228170177661,0.30945992081992796,0.05386480325991243
0.04088904960025039,0.010950763733932991,3.7338993511062624,0.2699339996818044,0.17368528542766415,0.18935837209874684,0.25909572412498466,0.10792661866679992
0.0419108596750215,0.009588872571175838,4.370780752786891,0.1931915073818648,0.17191866135532627,0.2114958639803779,0.2408112167138529,0.18258275056857798
0.04444916367547343,0.010407333073103531,4.270946587685063,0.02153562262020978,0.05830968881642897,0.30373520748553823,0.30840668893811884,0.30801279213970423
0.04384594920748845,0.012805907117975975,3.4238846809954437,0.01823815590786616,0.18954518926664116,0.37650149360148033,0.37313783699276276,0.04257732423124957
0.0381283071819409,0.01668274898415342,2.2854930694070954,0.3961798354515306,0.09286807875174007,0.3205958245962607,0.1558004477698922,0.03455581343057625
0.04415932217161686,0.008299071138538098,5.320995739698604,0.025505237842176603,0.2903362674591734,0.23734702292834317,0.29700778436930775,0.1498036874009991
0.041972815191198366,0.009992733061005288,4.2003338761233575,0.16625872166976213,0.14417957848134957,0.24792714652516568,0.1414248127342224,0.3002097405895002
0.04048862323835265,0.01053875073445361,3.841880717985481,0.3000705772015021,0.32797892182150457,0.09092205160198343,0.19735478736732087,0.08367366200768904
0.04411270966948847,0.009077904191515867,4.8593495523686885,0.017833514816503474,0.3361133347584106,0.2606856884251499,0.34375941439187063,0.04160804760806538
0.04079325377651148,0.010321336200767157,3.9523229340673383,0.27928900672504475,0.2789586345813504,0.13045296258765154,0.24296767218836957,0.06833172391758369
0.0415531511381394,0.009910448505006,4.192862827262553,0.19900556391991028,0.2372273114563045,0.21980823987239634,0.2190278875430114,0.1249309972083775
0.04017776938327461,0.011085552067304019,3.624336355947111,0.32420246032407635,0.27308651812839163,0.052367799468805244,0.04514551041587074,0.30519771166285614
0.04124839632383603,0.011768032142565324,3.505122676767626,0.20125369071388957,0.16711808452261578,0.29192688617860724,0.21223439692605223,0.1274669416588352
0.042125858960760695,0.010173471895356863,4.140755426865315,0.14510860046777171,0.21217543664068675,0.26652332667344963,0.1978406030248583,0.17835203319323376
0.040284653408228434,0.011864662165364108,3.3953477011616338,0.23600549475459934,0.22898080635488896,0.26959172858325275,0.020308915941686767,0.24511305436557213
0.041834670493358095,0.011298161495094184,3.702785671060135,0.20487881135361108,0.029786328668034687,0.2707774940847567,0.2857438772530356,0.208813488640562
0.0395349985768004,0.01322005171420425,2.990532823281026,0.38595031575533983,0.14598261725344655,0.09816862573470393,0.1705291682564526,0.199369273000057
0.040064757712271706,0.011842460275553655,3.38314478411021,0.24831922826497096,0.30169380775960264,0.25723409242576717,0.06208129086846755,0.1306715806811916
0.044205783499075085,0.0048046916536399675,9.200545359780872,0.0657174725218796,0.2848855552486199,0.10295338851960201,0.2179552550823064,0.32848832862759203
0.041413092739054476,0.01001385239975446,4.135580502471749,0.26783874127344653,0.11911080044884943,0.1328802990513244,0.26082281162810744,0.21934734759827226
0.043394342561337874,0.008418676300251756,5.154532733375221,0.044734335789738074,0.40560243495827164,0.23789380144406097,0.21967760550967336,0.092091822298256
0.04256996560047434,0.007890011902851327,5.395424762932261,0.187537066736968,0.16556504450431564,0.1346785365274883,0.28225864537275713,0.2299607068584709
0.04022326376872207,0.010531847193177313,3.8192031303662755,0.30291615943804767,0.3206804369225906,0.0747663307928483,0.034102149074231605,0.267534923772282
0.03819178079779172,0.015301276100947,2.4959866448934953,0.4570367215635748,0.3967356088241548,0.010886524428737936,0.11542981669939378,0.019911328484138513
0.04018465634056833,0.011769062868661903,3.4144312753711348,0.30144614285122584,0.21353227838389327,0.1886724704319661,0.20363179559248082,0.09271731274043395
0.041745256860568195,0.010939407971518782,3.8160435161805615,0.22400904173106823,0.011418288478421645,0.24053064873650434,0.2734530025881138,0.250589018465892
0.04095155410074998,0.012022189705442492,3.4063307187883627,0.15114347006322665,0.37602426036295905,0.32563715174330904,0.058386870662956565,0.08880824716754863
0.03806431893287604,0.015699384007480208,2.424574041550912,0.46621884902384964,0.21178696417194326,0.08739782326657135,0.11340215279893806,0.12119421073869763
0.04233426823964699,0.007810863058235638,5.419921963042288,0.2118724138351184,0.2693400404025739,0.07822412533610189,0.31595071093384736,0.12461270949235838
0.043185495560981446,0.010289982128398696,4.196848451446424,0.11237133754052248,0.08061044117808444,0.28320449016610255,0.34618118067142456,0.1776325504438659
0.045752270569563755,0.005008852827276554,9.134281271035164,0.03027562848220122,0.18769401439479566,0.11384722508126432,0.6070608719183028,0.06112226012343592
0.0400646581451311,0.012326371108668693,3.250320616824125,0.327882699213721,0.1996567297574773,0.1756462411898525,0.2874686387130849,0.009345691125864194
0.03909914843857003,0.016169899894782028,2.418020438777558,0.33428217730247967,0.050155718119331276,0.361649796332191,0.22761828852629323,0.02629401971970494
0.04076262979962361,0.01252975262000016,3.253266926799317,0.36842750495561016,0.012077206024656723,0.061181965409727056,0.3527659752150395,0.20554734839496647
0.03892601098137036,0.013836814329388608,2.8132205907174543,0.343452297660893,0.2476088502868174,0.24297155419402414,0.11387577145282822,0.052091526405437315
0.03777843478000456,0.016848290522939204,2.2422710914539756,0.45089690359149626,0.04916178823469796,0.24816489091798177,0.12786502690640703,0.12391139034941676
0.041869943698307696,0.009850108214566044,4.250709006058602,0.17847915633233888,0.23951885095800496,0.23328885519273554,0.26079143356063095,0.08792170395628965
0.040790604573159445,0.013944870683602065,2.9251332263070453,0.2232983976313271,0.0044753388276129935,0.3580711019921694,0.14495444377992583,0.26920071776896465
0.04323893219630482,0.01043307431521024,4.144409489470171,0.06202925334334355,0.3002165088632675,0.2994371003721344,0.3214864647408749,0.01683067268037972
0.03772285772269046,0.01654990795017784,2.2793394281256476,0.4802513358377306,0.1199006000005078,0.14973513720396578,0.12065370159624254,0.12945922536155322
0.04232426140460563,0.008590756593296014,4.926721057099242,0.20638048832423364,0.08955252016830444,0.14704613347282522,0.244823353648482,0.31219750438615473
0.041118023661678396,0.010480392472914555,3.9233286127350193,0.3027473676873487,0.25973566871120135,0.06456150443464737,0.35666529289787574,0.016290166268926737
0.042389018997702976,0.011949454677037289,3.5473601217267245,0.1314975754065667,0.028400249803472995,0.33220310955564614,0.1833513730817324,0.3245476921525819
0.040805768413825494,0.011017366477607161,3.7037679101229295,0.19984047774766495,0.2624418454042484,0.2637204105508923,0.02624797402298721,0.24774929227420722
0.04148286907266144,0.009823878316101037,4.2226570543603215,0.2862764661429774,0.24384744548312823,0.033619043278824284,0.29832996150138136,0.1379270835936888
0.044341006000386166,0.010204896274723537,4.345071699573685,0.008631320998608033,0.09303869403072951,0.2975168545079062,0.18560533168368698,0.41520779877906916
0.04386179739714752,0.005192784587619544,8.44668147831922,0.08847531761469134,0.2841155162896135,0.10532222546799437,0.22825813587285904,0.2938288047548418
0.043658651117402913,0.007784971949035506,5.608067877856883,0.13149005521868629,0.01596235651984725,0.18260833092782952,0.3394742885506176,0.33046496878301934
0.042803824532174205,0.006755824480747887,6.335840230034471,0.10290355469097394,0.35183732320999567,0.16060273883813922,0.07461969151453153,0.31003669174635967
0.041435311843793426,0.011214327633941548,3.6948547604748354,0.1744500118029333,0.18781123995585292,0.288176624300381,0.11721643770062061,0.23234568624021218
0.04339028904213762,0.008162123080560003,5.316054243960336,0.16493421543005754,0.01924302720938937,0.1702596340279909,0.42789961797794285,0.21766350535461937
0.04384055656877941,0.010205124806138426,4.295935365965257,0.03341123396032751,0.21233530781288448,0.29739963901752553,0.2802868762433356,0.17656694296592693
0.043093407666729526,0.008836567252217807,4.876713596664351,0.10897304866462745,0.1681675631275679,0.23629828707275718,0.24941924399044194,0.2371418571446056
0.03841597710224545,0.01757214912698307,2.1861854702368455,0.3346888576560288,0.08733810716737525,0.41823465062027526,0.11494555642616133,0.0447928281301594
0.04257438222161866,0.009145695134320618,4.655128078985685,0.136686309894685,0.17963977719168775,0.23412427189537197,0.21457751222616242,0.23497212879209287
0.04056472977249076,0.011610502038273941,3.4937963611538416,0.3423687162840448,0.3167702434334818,0.0045664111803903696,0.2820242759416113,0.0542703531604718
0.04439176693941596,0.010332307271812927,4.29640406267427,0.02148197636792214,0.057272991223499915,0.30146254048584725,0.2723732087890816,0.34740928313364916
0.04171163510345918,0.009095349638160014,4.586039763491427,0.2630096812179924,0.23998777745360594,0.035711630373164716,0.23598444051804443,0.2253064704371926
0.040471200612682535,0.013177412422570258,3.0712555177648917,0.38936452443493597,0.06780158064062158,0.05220449162860841,0.41293105725073104,0.07769834604510295
0.042262999405918156,0.007142856485476648,5.916820461372873,0.18771088534868094,0.23219824713541687,0.06336907215927487,0.010507466459381191,0.5062143288972462
0.0397978863951104,0.011330172688453535,3.512557794963534,0.3223565886671274,0.33547677196515824,0.10463699560080264,0.08093378862550386,0.15659585514140786
0.0426282320919634,0.010940478530671946,3.8963772903035205,0.16403635823973772,0.0020261908542466216,0.28197745668682644,0.3606500019687756,0.1913099922504138
0.041841915390221335,0.008370237599460567,4.998892193086359,0.23596867946487063,0.23869947226233557,0.05839198013246138,0.16176290089603906,0.30517696724429333
0.03997165003366765,0.015186873934681875,2.631986688345744,0.20773359673728956,0.2621802758899315,0.40842949508642934,0.10834921906373568,0.01330741322261385
0.04502195619854912,0.008211855934120717,5.482555534307464,0.01567986680265125,0.055035303859030674,0.234008973571088,0.3315129511138051,0.363762904653425
0.040430019986657975,0.0113528283665038,3.5612288569380306,0.32965414394288184,0.20925063966515636,0.08020052753651676,0.20835532727192171,0.1725393615835233
0.03840470103056764,0.014804768033839621,2.5940765125657537,0.4332339972460653,0.24236449288723905,0.11263544689202523,0.14381002144702099,0.06795604152764942
0.0390238064376244,0.015582294965194666,2.504368356829965,0.46495577067532967,0.025483303443245793,0.0065023209366591285,0.09262258693435804,0.41043601801040736
0.04129575681332425,0.008843266408537562,4.6697402187788954,0.21525208448035776,0.25734979870055646,0.1471010019823015,0.028240721140134668,0.35205639369664965
0.03961280380621838,0.020499065403946023,1.9324199921130554,0.19647032517287644,0.03384755474519469,0.5863612632539221,0.0852753968688746,0.09804545995913218
0.040613949241816,0.010732191621972812,3.784310853960532,0.3064978680930889,0.18825788988595477,0.09248369559418951,0.13350365055165142,0.27925689587511526
0.04453689416039484,0.009009167206188566,4.943508444354502,0.027897114948733853,0.0489716677670655,0.25909357873175015,0.25518767982276713,0.4088499587296834
0.04162862829132451,0.012416857059246413,3.35258979729698,0.21340462853212996,0.037078857530437846,0.30626921767904547,0.3637067224925232,0.07954057376586349
0.041773962214316576,0.011741717829207885,3.5577385542686573,0.19329826157856528,0.06914572288178085,0.295344696339793,0.2919992204204132,0.15021209877944763
0.04036929963007393,0.010831532643597335,3.727016384328285,0.31761025740658355,0.32189131045149744,0.042463678082862014,0.12080734299544824,0.19722741106360875
0.04522293756311716,0.005136558343550004,8.804131976794107,0.040547603662867866,0.18288736808056677,0.124825266031222,0.45502536212753625,0.19671440009780705
0.040621071605918574,0.012135431091838733,3.3473117929231933,0.35559783750123936,0.18030266854163937,0.0614578184969145,0.4024472865603293,0.00019438889987719396
0.042647177777026854,0.015319491840110645,2.783850680044413,0.03691880496813419,0.24047956098945883,0.4533261804245373,0.22551156852457646,0.043763885093293195
0.042463166671600105,0.009067637057913473,4.682936293148369,0.2605911496259943,0.20085526335555198,0.004443593366052481,0.4384741712380731,0.09563582241432826
0.041688564986190585,0.011629700702692109,3.584663617055964,0.1279779862820467,0.2854234523856003,0.3227827603114435,0.11727636812576153,0.1465394328951479
0.04262602900220305,0.00577430620154411,7.382017425886491,0.12207918554273647,0.4731138529592977,0.09419855359336377,0.09056987526437356,0.22003853264022852
0.04461236403764779,0.005011233948625354,8.902470827546484,0.11174134448068535,0.09249986989762947,0.05659455126678935,0.3778721235967815,0.3612921107581144
0.04256258788040211,0.007402048894973527,5.750108987972895,0.19114290488709682,0.22734427283782122,0.09594675331003355,0.2700095353839206,0.21555653358112786
0.039980853026658075,0.01131526413035239,3.5333557012966477,0.3107371742312747,0.27839860130009697,0.138417180988897,0.10929262692634607,0.16315441655338533
0.04421995951051856,0.004161120191702645,10.626936371291082,0.06354742772907632,0.2955540400052838,0.02825402781496979,0.002584300504209277,0.6100602039464608
0.04187212940672021,0.008553819122772286,4.895138511316742,0.2256865316473858,0.18394676978661767,0.11167564164432825,0.18679219561455898,0.2918988613071093
0.04115123427299405,0.009678352144849502,4.251884376297816,0.23642865414235165,0.2183451035825057,0.16678241044845504,0.12528383291454195,0.2531599989121458
0.039423368968957845,0.013163493787998266,2.994901627476883,0.36995793779319047,0.1601891268080572,0.14791258667941046,0.16145469372080276,0.1604856549985392
0.0396288661263148,0.012233096788720732,3.2394794883707414,0.34650717221935246,0.2472214929199868,0.12563787131823606,0.1299465150560996,0.15068694848632513
0.0436725412643057,0.012337545401155071,3.539807947553082,0.016426783059301044,0.2361702230940087,0.36305052211629746,0.2955695247307868,0.08878294699960602
0.04156671837618818,0.008922269722637056,4.658760569715524,0.24730635682566815,0.24439329458183537,0.08918209234650282,0.21158463900638094,0.2075336172396128
0.03817560882633729,0.016744928427524824,2.2798311137350304,0.49375656113007504,0.08000427113630013,0.11455609398193674,0.28572775327726607,0.02595532047442213
0.04312696060797931,0.005840709324739799,7.383856687629391,0.1483075562765287,0.2812812127893035,0.0530697215750086,0.16413576893319898,0.35320574042596015
0.039726484240122276,0.013116168466840989,3.0288177786489157,0.2668065074820262,0.2628005130871308,0.2946903868608318,0.09809292992565587,0.07760966264435529
0.04023584391407781,0.011000633867946252,3.65759322572469,0.30232699986419864,0.17664453322028278,0.1293954412973177,0.014011175037894437,0.3776218505803063
0.04437884705074323,0.006857076614361575,6.471977716829857,0.01607868241396273,0.3730022737526591,0.18998107621171403,0.2977559193204283,0.12318204830123586
0.04235514237256564,0.011901055990240486,3.558939845951415,0.07707331934820097,0.2645435779987901,0.3450043751535084,0.096958491077052,0.21642023642244854
0.040510672062031974,0.012623790165791461,3.209073624481631,0.23634656785549765,0.11479896554362133,0.30033960309231,0.07756890398838143,0.2709459595201896
0.04392429677248162,0.006554610691129251,6.701282325116122,0.06313786720149783,0.27026098622697226,0.17344122025638667,0.2517278134440218,0.24143211287112143
0.03902928499430069,0.014360462117977283,2.7178293200914125,0.324946211071775,0.17534630345988442,0.2929380049000948,0.08076023250293052,0.12600924806531513
0.04435456092005417,0.009021093190424623,4.916761193325662,0.029233366406818184,0.16380311499653924,0.26033439948789056,0.32631037586965406,0.2203187432390981
0.04119903794529226,0.011977735248646907,3.439635047029981,0.35299316421260135,0.09776087874289076,0.020518728244070007,0.4366074614831017,0.09211976731733616
0.043311529385145625,0.011025474943740898,3.9283141638930794,0.030520597607196477,0.3138653955057121,0.32255563951867133,0.20630291368264742,0.12675545368577268
0.0405449276513321,0.011383129272391003,3.5618437321687133,0.3044276579079664,0.07479531957327319,0.15688033768996118,0.1304378090862473,0.33345887574255184
0.039652673445177505,0.012868239337440645,3.081437359484487,0.3818207514314886,0.27019771233151807,0.04597077821909081,0.20016931293063192,0.1018414450872707
0.04035290571823637,0.013315877935590482,3.0304352377984567,0.39587451592224726,0.061915664217823525,0.02429616183828247,0.3151322936862487,0.20278136433539826
0.03602922824765738,0.021279759390245265,1.6931219750620552,0.4711303567331226,0.04193911896308508,0.4501754423482066,0.020980763491062218,0.015774318464523554
0.037697256207696414,0.018441512940477203,2.0441520351052573,0.34490064793730263,0.1654474379150153,0.44389112223170624,0.019301959661939743,0.026458832254036183
0.04020765054358526,0.013450892171130524,2.9892181152029766,0.3026022907441931,0.08746007169044762,0.2731674841509728,0.3120795341592884,0.024690619255098047
0.03984219928771347,0.012155963248242198,3.2775847108187675,0.32713859993729183,0.11407663569385044,0.16555357544787613,0.036820887899062356,0.3564103010219193
0.041474102781612995,0.011429692108857425,3.6286281718361155,0.1720431241918633,0.15484168672863605,0.2971725363176938,0.10263324695253334,0.27330940580927343
0.04150562592931248,0.010528519052837172,3.9422093193750505,0.19563516003150253,0.2524049038904117,0.2467708635115503,0.26939494133966085,0.035794131226874644
0.04104390442858202,0.009813415573742755,4.182428036411814,0.2281572627343369,0.23058724887279422,0.1846928051084075,0.07992819437791349,0.2766344889065479
0.04267558115136866,0.009042051510075092,4.719679057768855,0.09688974849443502,0.23678322349391484,0.24716870553069342,0.07670208658420427,0.3424562358967523
0.043304124732014365,0.010783040054615169,4.015947683833382,0.033043519399321875,0.2577148726665535,0.31554109859263396,0.1299162368549075,0.2637842724865831
0.04252484548138577,0.011657785053473518,3.647763729244193,0.056004560810513734,0.30219934320860764,0.34009538816458473,0.05454694527504487,0.24715376254124907
0.041723610836162606,0.010237955178835365,4.075385182620905,0.1785567478370973,0.18761755221384357,0.24938859511099282,0.17252382206605046,0.2119132827720158
0.04173772495789366,0.013718213236259876,3.042504460243614,0.10581471788350497,0.17345773884667656,0.3965125999774164,0.05036488489487166,0.2738500583975305
0.042711575406010574,0.009185541418812735,4.649870209994786,0.08144405929553312,0.3741207894529816,0.2559034233898593,0.17812389299988104,0.11040783486174495
0.042487218883302875,0.0074167816197693946,5.728524993921003,0.1400399261389048,0.3069831444459649,0.16323794578994139,0.15050492649722302,0.23923405712796594
0.0417948225595737,0.008566240595962296,4.879015723568834,0.18875457552946356,0.2128448745265566,0.16779031139544412,0.07515371189569911,0.35545652665283656
0.04015402991961272,0.012079874991188537,3.324043497875798,0.2571310215713496,0.2667213260426849,0.25942009115486003,0.1330624480793073,0.08366511315179824
0.04163618677184743,0.009273243389005393,4.489927097267006,0.1820903471516174,0.2725130533940842,0.20753092356989564,0.1412506532697898,0.19661502261461283
0.04040762043135515,0.01139248638744634,3.5468658076152106,0.24433329917607943,0.2907405420891932,0.24138494712669945,0.13700670986381877,0.08653450174420906
0.041309860719524874,0.012871688860488045,3.2093582409634602,0.18171922216481184,0.11930071661582747,0.3427180081918571,0.18465801902926937,0.1716040339982342
0.042164492243829094,0.008510247656067872,4.954555254777514,0.13894994174783104,0.25515947451979243,0.2075298096377574,0.051497803205197326,0.3468629708894218
0.04312596561871067,0.006512761580887591,6.621763300113505,0.15936919485247042,0.1920256601451054,0.09129755343960398,0.24565870321186156,0.3116488883509587
0.03983359798228463,0.014918335071482514,2.670110155819563,0.304456785668138,0.017831277996882517,0.33630182404908815,0.24318034586235007,0.09822976642354134
0.042071690921330666,0.014113130177090094,2.9810318755243843,0.09597502024446478,0.1389758065002965,0.41104241322624546,0.13677080952907505,0.2172359504999183
0.0411880100233004,0.010196455958743824,4.039443723383144,0.22314169158056835,0.2757075264155612,0.20822836788910223,0.2381195955771622,0.05480281853760587
0.040827312322856385,0.012129340385189829,3.365996090991672,0.35675840143275833,0.1121087960324972,0.05219920217511126,0.39694580038827276,0.0819877999713605
0.04315753742753152,0.006795452113984096,6.350944235000833,0.0752486194084786,0.34472396136427585,0.1755848215443144,0.07342992262258831,0.3310126750603428
0.041715488092715663,0.008643839856610734,4.826036667119881,0.2465645377209961,0.2576790475530136,0.05051994584758015,0.18090427356691494,0.2643321953114954
0.04434315653726314,0.005737767303357076,7.728294682030529,0.14771896046735425,0.190447423835423,0.0022112839435767537,0.4810965919797546,0.17852573977389144
0.04118335250938832,0.009304567204124283,4.426143807219066,0.2627739098835302,0.3491160357853482,0.07574188247477341,0.2355091586594835,0.0768590131968647
0.04505148686520822,0.005972376073075631,7.543310453657982,0.006689924801181634,0.28181875154552466,0.16124181643384822,0.3517511251362017,0.19849838208324394
0.044871739799341934,0.004469441500729111,10.039674932991492,0.06619481722675613,0.18905381367311835,0.08528156339383478,0.3690622834297205,0.2904075222765702
0.042344005220126706,0.010533466720100335,4.019949589751337,0.14209140879428653,0.21978371813197561,0.2787707078018628,0.32598096795054393,0.033373197321331205
0.04430721073070268,0.011873284680046326,3.7316725678415894,0.01983801079086001,0.10082729129582066,0.3479726473149543,0.4111459536386685,0.12021609695969648
0.04360671773026987,0.006260259848888628,6.965640210287963,0.16594334323388488,0.1782410368835378,0.0440292232193191,0.3699682779525881,0.24181811871067016
0.0433068280431137,0.006657165852612656,6.505295046257199,0.14722908350892153,0.19208405460127986,0.11905991691232018,0.32373454920467787,0.21789239577280056
0.0420379514539993,0.009975840262136618,4.213976000954495,0.15078302193714913,0.277525187570033,0.25531254770572065,0.2476414668723839,0.06873777591471325
0.04410731484101224,0.006393496987084802,6.8987777627973115,0.05555584125145203,0.25037953010289865,0.17003190796841425,0.24806336926140318,0.2759693514158318
0.04229428527979676,0.009579593313456432,4.415039751258133,0.14680235688906415,0.14150167003075284,0.24399571631559158,0.13598322783182087,0.33171702893277055
0.041039196247933174,0.010894518199581107,3.7669583451162736,0.2358683247039748,0.14910204346803085,0.2286252543667582,0.16123094343728628,0.2251734340239498
0.04245544688450553,0.010139956693635875,4.186945582435453,0.08993290714655289,0.2953585836971396,0.2858767094022382,0.10657782390057961,0.2222539758534898
0.04166126674082161,0.010275527982011442,4.05441616370027,0.23362642889882274,0.06815654121312995,0.20103119732762129,0.2605738303199299,0.23661200224049622
0.0414198694429316,0.01329674168130647,3.1150390400651817,0.149599710616978,0.2262355111431615,0.36951707145594836,0.21179033356940696,0.042857373214505334
0.04353120531316629,0.008064607444446108,5.397808338847929,0.024506052918241056,0.4263078897138484,0.2285116813603296,0.13313469670749872,0.18753967930008214
0.041743577678837525,0.010114785998901074,4.126985749710649,0.1993055318514649,0.12243159448502647,0.22854892341192762,0.1933984458810904,0.2563155043704906
0.03960026861955221,0.012966324246789207,3.0540859433897194,0.3157709883418725,0.09046514786959581,0.2342272403298915,0.007300919319599848,0.3522357041390403
0.042325519254466065,0.010764606975564646,3.9319149645262295,0.09377581238051062,0.2388514976033734,0.305088915463152,0.05765268933632892,0.3046310852166352
0.04431822879620524,0.008671854559151882,5.110582574223848,0.006490397454092405,0.23425490624988865,0.2501874406704817,0.19827402236910516,0.31079323325643204
0.041321410808516035,0.010396692382941613,3.9744766206908455,0.263525670322808,0.09419112009456658,0.16685918647417647,0.25275819446659165,0.22266582864185727
0.0451596908070424,0.0031559677057769867,14.309300670085362,0.01856335955203866,0.4296577752952832,0.021258380831416082,0.2683147373850024,0.26220574693625975
0.040137225422908776,0.013341641776788331,3.008417261864965,0.3901102483882198,0.0736392106201422,0.08898155835249957,0.37310308659738517,0.0741658960417533
0.04076698772003773,0.011290893149907872,3.61060787475173,0.19833757582229333,0.3091166575197116,0.27514556650309235,0.08897892708524771,0.128421273069655
0.03823359321641576,0.015962692170131194,2.395184522066839,0.4787134519620645,0.22166173824511856,0.02196382170394323,0.10848397091675956,0.16917701717211428
0.03815348517873286,0.017291894839771345,2.2064374975829644,0.5191872892574596,0.15723388696311597,0.013711390153987224,0.2664384057583523,0.043429027867084746
0.04167550751593484,0.010369167636310912,4.0191757889991955,0.11093866098377907,0.4017025772569371,0.28522763777885735,0.020509129995493,0.18162199398493342
0.04355929247034669,0.009757096507246594,4.464370362432637,0.08057455888010888,0.05771588800455742,0.27559556177346844,0.23737817933188343,0.3487358120099819
0.03944117252758092,0.014850996557100562,2.6557929884323688,0.31432439849150373,0.08689631877793669,0.32513378461205844,0.18246813389865396,0.09117736421984737
0.03995614154931261,0.013681598275237065,2.920429378607835,0.3462894709911281,0.014546988095981445,0.2290795111612891,0.2954529720927022,0.11463105765889899
0.037449245601383956,0.018053385917787927,2.074361328779072,0.39571178672840307,0.11011502476823255,0.3848885511110538,0.03599474105602608,0.07328989633628452
0.04324459393902804,0.0060300319622749905,7.171536437878658,0.15332635042634765,0.3437126339803898,0.05818804040023373,0.35231806220767287,0.0924549129853561
0.043241404987735634,0.007189420371932945,6.014588485679238,0.19624303973352364,0.15297323082984035,0.051228772449496474,0.4095265730067902,0.1900283839803494
0.04188414922682876,0.008769987103530679,4.775850720460782,0.21032354680673895,0.17526707088645396,0.15285802197983325,0.18785299163966818,0.2736983686873055
0.041032725935204406,0.010827427192638548,3.7897023184881924,0.23977844588682318,0.182575413156013,0.22121971858846928,0.20791892611766377,0.14850749625103082
0.0425628659221237,0.00882869798811877,4.820967483472956,0.16639403388531337,0.11813639576262817,0.20177620736715904,0.2580514466277394,0.25564191635715994
0.039605258791019,0.012937996535710847,3.0611585558631456,0.29012608938364387,0.21271882918150445,0.264885195631599,0.06293920221208767,0.16933068359116493
0.04303821188543122,0.012898016789780807,3.3368084866760843,0.09877021834925309,0.001341599901223411,0.3710964363213133,0.3316009755111151,0.19719076991709503
0.04403055701676989,0.005766462718687769,7.635626755042924,0.07980174241808925,0.2175885554118884,0.13652398886179562,0.2522451913077861,0.3138405220004406
0.04059116099016587,0.010831962946497782,3.747350428602593,0.25891330812821894,0.18127285389130293,0.19831662541771353,0.06923457299783572,0.29226263956492887
0.04468521926841278,0.007546052402570537,5.921668295490622,0.013450049003366651,0.08829963833174025,0.2097165026810838,0.12339487315927693,0.5651389368245324
0.04230839285492008,0.006955584407662069,6.082651057805349,0.08052762876494621,0.6603531073630855,0.16860813342885186,0.08280443357708374,0.0077066968660328096
0.040469613900842166,0.011313385726241035,3.5771443562623517,0.27740130216427283,0.09953204892348046,0.1976154748106856,0.04329169469197113,0.3821594794095899
0.042090669470649725,0.015186397366715546,2.77160332725792,0.06596353758183567,0.21670971718347656,0.4480434729975246,0.12883234075540775,0.14045093148175541
0.038027853455899194,0.017666363006328283,2.1525570057785637,0.5301082026480705,0.17922038484693475,0.0018826301485633556,0.2805698318909484,0.008218950465483193
0.039912703467884225,0.011772564570816511,3.390315103204059,0.2996527327611781,0.21139010515463585,0.1920238511769065,0.06639630704674751,0.2305370038605322
0.04118884974772897,0.012299426869511586,3.348843013964324,0.22647286454138357,0.02021892195956741,0.29455366443933145,0.19375489748371727,0.26499965157600036
0.0430461203775819,0.0111361296316006,3.865447134831428,0.11595768719003904,0.05382892011618159,0.3098138765065868,0.3501402547721008,0.17025926141509187
0.04462534189005856,0.004439216953896229,10.052525558790638,0.011756184297169028,0.4060203162128724,0.10226446860830166,0.16822875550622837,0.3117302753754286
0.04615405066711366,0.004181015070903428,11.038958215747535,0.07011036085051137,0.05049935794433104,0.018029170754329093,0.6429506468373275,0.21841046361350105
0.04144251288239458,0.009379079487436968,4.418611969106963,0.19631150788622803,0.29394637435428866,0.1989240009103288,0.1560293282993004,0.15478878854985392
0.04245287434403108,0.010987266853209048,3.8638248175097236,0.11974143098402583,0.19054180626551637,0.3045949314585349,0.25035082818628296,0.13477100310564008
0.04348598331296637,0.005530796457763625,7.8625173869714065,0.13533689689352593,0.3596819835482597,0.05527784064474123,0.34586259819004556,0.10384068072342759
0.04096845943715519,0.009512963110415055,4.306592905033111,0.23572241991789328,0.2655624683664547,0.1571187532882746,0.06333676979888508,0.2782595886284923
0.04237138918535315,0.009138447850179875,4.636606771741783,0.15865884543790582,0.13844246142356953,0.22018160876076498,0.18783323320032808,0.2948838511774316
0.04173746549184377,0.015442600087013508,2.7027485822768273,0.07007072876448942,0.22251879921695017,0.4554168648485048,0.018418226658546602,0.23357538051150914
0.04160647068315456,0.009363625454951148,4.443414667035252,0.2071149566518512,0.2783487441466924,0.18618630877890036,0.25852348226592986,0.06982650815662614
0.04235550859066891,0.010015880929658971,4.228835075829028,0.10976046241636855,0.293101213928249,0.2756304909022973,0.17358146097586827,0.14792637177721696
0.04207843677595839,0.012450422205215847,3.379679506637976,0.16852033372233788,0.021964020397819244,0.33339516492208543,0.30566347912746294,0.1704570018302946
0.043931896835828606,0.005632130022800118,7.800227739413418,0.13806453986347192,0.16942878742516546,0.060850670190002974,0.35661887432114125,0.2750371282002184
0.041603478639584114,0.013944797959913444,2.983440761148349,0.09684823279093957,0.25773646513388887,0.4051060621058221,0.050634682868101334,0.18967455710124803
0.040991727032911776,0.0122877971602204,3.335970353222898,0.25265577052637744,0.08528083845931557,0.27178874912214906,0.30982681012195623,0.08044783177020162
0.04411750071108258,0.005138670440345647,8.585392121024027,0.059980581297345195,0.3319738843577159,0.12071308685859873,0.2443563225221708,0.24297612496416937
0.0407721065374729,0.011263781812567819,3.619752869500766,0.2401532609546042,0.21174246345201878,0.24055550239590615,0.17892347661304048,0.12862529658443048
0.04076926290289162,0.010933692824370917,3.728773394110542,0.22563562552605032,0.21730155859881778,0.23986895035570857,0.07413428840105067,0.2430595771183726
0.04306970655819525,0.00808736085999709,5.325557657657279,0.19193934537773608,0.01703877057626645,0.1355991979711382,0.3705800996429613,0.28484258643189797
0.04050334237082664,0.012539214478054068,3.230133948319884,0.26028148563054576,0.17521377504519747,0.27575186574175214,0.25702044324498446,0.03173243033752006
0.03981408860655471,0.0139029091788148,2.8637235627794553,0.3601206294110081,0.0054358497899012785,0.21999210743335415,0.2921165643271926,0.12233484903854389
0.03673543633323671,0.0177419957766853,2.070535738798373,0.5322366834470055,0.3219923512678689,0.053897663531272594,0.007523819135184898,0.08434948261866801
0.043885162320078115,0.0078117655367232145,5.617828916366394,0.04130432511424051,0.2564017279012172,0.22071535463762457,0.19116636336298132,0.29041222898393654
0.044563690511793666,0.011011907678671296,4.046863796189286,0.0069716283822620255,0.11227747217108773,0.3220996730027456,0.37703379084040217,0.18161743560350235
0.042886265854743005,0.012430473006903373,3.450091225887039,0.03363772483183741,0.3297263768877304,0.36541071524868346,0.17076473603539666,0.10046044699635202
0.04363790374751887,0.012166639380448718,3.5866850642128147,0.017311267357971467,0.2327042201047677,0.3582077880722646,0.2668786817241137,0.12489804274088259
0.04192523844467808,0.00856417584409921,4.895420085700941,0.2032883837912018,0.2631092140935123,0.15046271657096344,0.25921352021906596,0.12392616532525658
0.04346956897589935,0.0070097609610242535,6.201291202025191,0.12060346799989713,0.20174836280645173,0.16080883884651664,0.3381382097028372,0.1787011206442974
0.04215163434424116,0.009358313526567892,4.504191297350136,0.16009716379616254,0.16415454756875278,0.2277518236997827,0.14751956636658156,0.30047689856872034
0.04112006667523911,0.011503790356559752,3.5744798367080297,0.1814423876829092,0.183101819572923,0.29407933202035286,0.02900256647438819,0.3123738942494268
0.04254260602895531,0.00902821893046921,4.712181478605803,0.15387200501335374,0.13804331042392495,0.21916631456440044,0.23105100345231788,0.257867366546003
0.04241410004763403,0.010282460014285007,4.12489812639289,0.14252210926510134,0.1243588943642895,0.2716347260391454,0.22123630007277556,0.2402479702586882
0.04137711613051033,0.008966612770563662,4.614576004257321,0.2488823033380484,0.346177658793785,0.08514106880443251,0.24896707916173944,0.07083188990199474
0.04251488412382979,0.007747615565745419,5.487479826929089,0.14396230887778044,0.2347197758369956,0.1742992981164637,0.1341844415644275,0.3128341756043329
0.04086725656168221,0.011712065384003077,3.489329611965858,0.22325628523808186,0.15203651147997754,0.2744542971797279,0.1225919587378705,0.227660947364342
0.042434492014602344,0.009148450580318058,4.638434852115368,0.12000246947247575,0.20421919086959378,0.24158635861495323,0.0756165057702557,0.3585754752727216
0.043517024821038724,0.005104084375162038,8.525921913204503,0.09115607355498358,0.300685817415327,0.0901282691297698,0.05855787800039916,0.4594719618995204
0.04035915807372164,0.010200590564723163,3.9565511249217518,0.2444851742535206,0.3478188179015497,0.1819552846168432,0.012406421986698172,0.21333430124138836
0.04162438983788112,0.012173939922736821,3.419138758861523,0.199459564852489,0.005349943221537694,0.3076734295132494,0.2214807169979742,0.2660363454147498
0.0429300228402313,0.007100498025496241,6.046057992844945,0.1799826139223497,0.22534304738779054,0.09382086291084697,0.3548329200459438,0.14602055573306905
0.044501485001899974,0.008338986174934393,5.336558194048102,0.05938224863680789,0.0204549521772345,0.2327241187855428,0.35973955686251174,0.327699123537903
0.04102477157045968,0.010030000344452663,4.090206396966819,0.2092087498068681,0.2951722063677921,0.2153838673465497,0.10108793858367117,0.1791472378951189
0.04404275346852843,0.00796864330025111,5.527007773975846,0.04255789612011637,0.11827425721531785,0.22277023869758733,0.10767621923825031,0.5087213887287281
0.03856416201611641,0.015278029016190488,2.5241581865860483,0.379558309424654,0.14141438378880994,0.27038411378001115,0.15545716517543295,0.05318602783109174
0.04011708695163435,0.012653221193202809,3.170503885064846,0.27487547540251367,0.19039194135896298,0.26765648810341386,0.17542142819212206,0.09165466694298763
0.043433950479081454,0.004713296843590424,9.215195206333535,0.10546516642528031,0.4393437251187537,0.041337364415357514,0.15752546059315922,0.2563282834474492
0.04343410388651142,0.006179911088143906,7.028273265911428,0.16662653442751643,0.2432834905468089,0.020408112476087432,0.30483794713399814,0.26484391541558916
0.039963511466236945,0.011836872454865663,3.3761883993106263,0.3009523766814562,0.25069903815289346,0.19353106092989483,0.15474471293531072,0.10007281130044467
0.04101848766828843,0.01212310991738113,3.3834954848903465,0.3047427545210041,0.01587644167770711,0.20003093328981694,0.4130973843753233,0.06625248613614859
0.04493908264885701,0.005362127750345589,8.380830286253564,0.022051775352009386,0.22867565598726097,0.13947313596976876,0.2811467054151874,0.3286527272757736
0.04049333578949672,0.011499006824364595,3.5214637583915236,0.33187160699728674,0.147582250883503,0.09166038943407014,0.21104815238409153,0.21783760030104862
0.03853393303728654,0.015165010394262069,2.540976368329196,0.45350516560922144,0.23448132224585266,0.046456137273491974,0.15303133951864684,0.11252603535278707
0.04492837133429527,0.0034255772833802693,13.11556202578537,0.04741031115803959,0.35444114538073485,0.005298784279265742,0.23030010537639617,0.36254965380556353
0.04170987285783423,0.011005277522976198,3.7899882825085247,0.15142556356335654,0.2216787443608866,0.29262190858659093,0.13339031407142773,0.20088346941773824
0.04145210462154873,0.01028119081848571,4.0318388553801885,0.21914611516958538,0.19990359646804956,0.2168252720788387,0.2648035814852312,0.09932143479829525
0.04167084883222655,0.009551709797132376,4.362658593829663,0.21308413470059245,0.17192521752571943,0.19012790947714484,0.2110256117563884,0.213837126540155
0.03961379311863063,0.013103478122372019,3.0231510098831422,0.3205264543274402,0.12640976704447787,0.2364766684981529,0.10142928617015183,0.21515782395977723
0.04071741437170691,0.010248466974404702,3.9730248898101213,0.2678109591295878,0.2820098113324268,0.14978390535342573,0.18137028719160161,0.11902503699295801
0.04301455305788633,0.011915285510820568,3.6100312509359296,0.06438450617247551,0.09922886305829735,0.3474252243634917,0.11768386987526179,0.3712775365304735
0.04347503710896556,0.007491364892138712,5.8033532920799775,0.0838675107786866,0.25112909177238396,0.19932177537613566,0.24202923564569526,0.2236523864270985
0.03953248805831475,0.011918433689637877,3.316919746986979,0.2810760119855307,0.3601387522333271,0.2240934930814331,0.026983662591371457,0.10770808010833766
0.04087817724992783,0.010887933817573085,3.754447623841229,0.25941561527495305,0.18097604999809008,0.20093072060769707,0.2185232112872287,0.14015440283203104
0.041754458215871246,0.009250372872964107,4.513813528307192,0.20272854067693818,0.1895361407142824,0.18711683004481197,0.18738160773963458,0.23323688082433286
0.042456716062673566,0.007097781589063946,5.981688155647059,0.1964640471784635,0.31910853605683087,0.03933046885678774,0.20852993600037345,0.23656701190754434
0.041994797581212884,0.009444580403540306,4.4464439696517495,0.1843020921491995,0.1113058188201394,0.2124239679781154,0.14086522504288485,0.3511028960096608
0.04072082811477112,0.014011954827355354,2.9061489718245723,0.22288670064534918,0.10976341006142845,0.36006784120532126,0.24737488543018285,0.05990716265771823
0.04205669603762895,0.00830300142080501,5.06524013500065,0.23140902408614947,0.2203491166981453,0.07095673460310412,0.2448450708260413,0.23244005378655982
0.04183662101444896,0.009505193799010865,4.4014485026915064,0.2670964308028111,0.12483513695380644,0.08588637118863736,0.32841687060332303,0.19376519045142201
0.04530294794183751,0.0038176872435534736,11.86659489153697,0.010702684935810256,0.3236489272393941,0.07759184689936517,0.3099746426208346,0.2780818983045959
0.04078928406433349,0.010299023940788382,3.960499975419137,0.2942836719886321,0.2933011943917009,0.08335406924361041,0.23281420515396223,0.09624685922209433
0.03748316622279259,0.015682851719033296,2.3900733676708565,0.46800234495423626,0.4446082102022389,0.040569893252092204,0.003854226030086145,0.04296532556134631
0.04341999902218678,0.011859574031017442,3.6611769451943585,0.04905613831611961,0.09879032340727142,0.3477490139969531,0.19885656629619183,0.30554795798346407
0.04180059000440591,0.008777616951915963,4.762179784489428,0.23478510542710174,0.20583475354098804,0.1096148270243165,0.24194020702600075,0.20782510698159298
0.04165736072868193,0.008785555167259642,4.741574087875831,0.20292895345822637,0.24618876313854401,0.16347428645615886,0.1443353933426187,0.243072603604452
0.04100897912004227,0.0086597621748213,4.735577986111209,0.2457265519111579,0.4388146600878436,0.029114619923038793,0.0006974704001795037,0.2856466976777801
0.0450337143074081,0.00336851901615304,13.368995125590263,0.03649228814508539,0.48411047706354976,0.0027271466306431178,0.3560147974424934,0.1206552907182284
0.03791132530243106,0.016496780129825844,2.2981045394360415,0.4944850102841406,0.19499378432016576,0.013943690099510965,0.013766011710582934,0.2828115035855996
0.03959102031819922,0.012036097595295569,3.289356870425658,0.341787331360326,0.3393839225601749,0.11682804261876588,0.16720379969050092,0.03479690377023206
0.04270515694469516,0.007029069065441801,6.075506805681244,0.18101303171202052,0.20788704692801122,0.08703073052263799,0.2121899669208115,0.3118792239165186
0.04390213820581915,0.009882402994157055,4.442455770299609,0.0013090415812381877,0.31369553556188895,0.28764139341556066,0.16975454550952496,0.22759948393178725
0.04229598529616225,0.009890197385001478,4.276556235399737,0.19078343762771008,0.03130211867950889,0.22511068073167406,0.2703719878012264,0.28243177515988055
0.041096835018345185,0.010613248262466402,3.8722202667851975,0.30894799535870193,0.0923772486562583,0.03991695159443564,0.10858265752394554,0.4501751468666586
0.03932918976640892,0.013592904001725449,2.893361842430181,0.3893369181389677,0.15451328792758892,0.13180579519273455,0.20633546876294595,0.1180085299777628
0.03808333820448821,0.016201987709031127,2.3505349398123685,0.46113449800194944,0.10413057524444487,0.17375824208815635,0.2021081066116767,0.058868578053772776
0.04284527025708569,0.006229935662882537,6.877321464546482,0.16149023923145922,0.3614019762341159,0.059209670112721435,0.24636292622676736,0.17153518819493607
0.041436891840216206,0.011989983489201389,3.4559590409391108,0.19058351499408013,0.013786294810511317,0.30547512412850764,0.06909702635044293,0.421058039716458
0.04079215193773003,0.011433999335822072,3.567618882916193,0.22430465178811015,0.19924313522309384,0.26228090422273026,0.11821819226238671,0.19595311650367908
0.04151574862046476,0.009789321983197062,4.240921760641309,0.2648171175484559,0.08638805363855612,0.12083090734166294,0.21088100319811914,0.3170829182732059
0.04121832448903422,0.013222128207506569,3.117374437923952,0.16765830491600553,0.08268017978880744,0.3606716774891908,0.041960182800084005,0.3470296550059122
0.04031126440314983,0.01144265767703966,3.522893504368016,0.2463892221092081,0.25547898137657205,0.2420864266231339,0.06339696136952766,0.19264840852155812
0.03958982568954793,0.011732585581448803,3.3743479145931925,0.33143633748888396,0.32659059015980124,0.11893842630820187,0.0793254858355395,0.14370916020757352
0.04241413834371965,0.009717215618004435,4.364844829122973,0.14384860751925296,0.17200898387234087,0.2509024259019442,0.23054240970522016,0.2026975730012417
0.040931039082147055,0.010790241862969178,3.793338425769444,0.1991635936224794,0.3619712968918561,0.2535458400419147,0.17757511115503183,0.007744158288718101
0.03995205222508089,0.01463603749878994,2.7297041448810173,0.2262624364300429,0.17070981661084716,0.3811914886429857,0.04152615479901616,0.18031010351710808
0.04319058007427342,0.011177319637616413,3.8641267740898124,0.025741551759604745,0.3688023292836768,0.32669751062489,0.19404419134665352,0.08471441698517498
0.04068966248787582,0.010940512698352393,3.719173279146557,0.2691309455653598,0.1641871131244477,0.19079928845751398,0.1492843007321959,0.22659835212048265
0.03961072298444221,0.013055481430610498,3.0340300505172517,0.3144246090538023,0.13424396617496664,0.2420412403697638,0.08063798663446545,0.2286521977670017
0.04208887404590239,0.013705325379992363,3.0709868521141117,0.15834839144919124,0.0026903174501447464,0.3790659321490331,0.34451805630747023,0.11537730264416067
0.04023040510334744,0.012420114629880396,3.239133156352749,0.3405797976699291,0.10825005008261192,0.15662431931797724,0.29057329148430655,0.1039725414451752
0.04177411821674677,0.008172394064696165,5.1116133027904676,0.22773476613530627,0.3364345944193243,0.06594748372997773,0.21348559890028176,0.1563975568151098
0.0405057517097865,0.01246210112053371,3.2503147998892,0.3537624197026687,0.07107370953125546,0.12165303923960433,0.3718494703146197,0.08166136121185182
0.04162147202670202,0.010305608127956676,4.038720617931592,0.14822020549373446,0.250375602668646,0.268845267007455,0.03332385286292545,0.29923507196723914
0.041311950520748694,0.011062713285142377,3.7343416082410936,0.2293766480600146,0.10749894068861951,0.2419961893193168,0.23074743641022655,0.19038078552182255
0.041940327681796744,0.010407478780158526,4.029825913433946,0.1517729555687913,0.1996631673310867,0.27155907107544697,0.15722747517906793,0.2197773308456071
0.039553440318122024,0.013722430525577449,2.8823931915266585,0.2554876206617578,0.29377424903109,0.3276607517152504,0.06627987542248175,0.05679750316942002
0.04252238024489849,0.00831979041965022,5.110991755809904,0.1757582561411221,0.13467565533004658,0.17107344155267099,0.23921235091641274,0.2792802960597476
0.041674239462229284,0.008397683388104609,4.9625876013926895,0.22102984158001743,0.3801593742502369,0.1042090181678456,0.28305570979709943,0.011546056204800667
0.041714264815324004,0.010649929006020194,3.916858487201535,0.1803996784142648,0.19529213121028854,0.26337261081559804,0.23258901316004008,0.12834656639980865
0.04426420074843357,0.014088079917380838,3.1419612188474066,0.002447320979418032,0.04931702981640526,0.4155353356841636,0.3938726914583968,0.13882762206161633
0.041379587830609604,0.013591921542006054,3.0444251537742706,0.1430655700262212,0.2412031551345505,0.38132332454629464,0.19721527754312304,0.03719267274981045
0.041411453067345644,0.009590676881625595,4.317886378456169,0.22252502772439228,0.14396295860942498,0.17950829369462418,0.09002608600976512,0.3639776339617934
0.041893378940376605,0.009687746775671913,4.3243676688144035,0.1994784494668732,0.10259814083249352,0.2097932764944469,0.1866289866176845,0.3015011465885018
0.040478239863620084,0.012744950111185907,3.176021836922955,0.28385015878096365,0.038798593147542144,0.26245095173985405,0.20926779786719824,0.20563249846444187
0.0441151345303845,0.006112369472435118,7.217354044013539,0.16185569799697838,0.14871324500905095,0.0024386336214000906,0.4247263545829663,0.2622660687896041
0.04191328754518549,0.007974943251988309,5.255622042794561,0.22556663369028354,0.304865464116574,0.02272159153228382,0.09735787884097984,0.34948843181987876
0.04235439381985325,0.008389942994618201,5.048233801710194,0.1522934969861214,0.23308438146296587,0.1950800966731199,0.1781091942491285,0.24143283062866433
0.04272156536470324,0.012518368865992707,3.4127102198402444,0.03508672209495803,0.3551106095961292,0.36780823679073604,0.1414319919996068,0.10056243951857002
0.04224820731207101,0.010976997854113883,3.8487943491979024,0.12356502859389415,0.11448678068087528,0.3026439663977225,0.07836556021279789,0.38093866411471017
0.044157444040127905,0.0074087470923842064,5.960177002872642,0.06439487188576348,0.01647871748310392,0.19566991747265713,0.11757696076645764,0.6058795323920178
0.042795133653404954,0.007361995529664221,5.812980119448243,0.1780726420585463,0.13050832113899588,0.11564273978435466,0.2197154696740769,0.35606082734402633
0.04102076989069126,0.010725353161472781,3.8246544680733274,0.2521551871333584,0.11756550606254361,0.20185789805226312,0.15545065331193672,0.2729707554398982
0.041873585717169634,0.010593367839215146,3.9528114526675413,0.1998021812049505,0.10178688222827512,0.24704384510082034,0.28794137796686853,0.16342571349908555
0.041168375649585254,0.009881304571464846,4.166289516919756,0.28606486616300636,0.25474010783792084,0.05707249676045163,0.22798201251671302,0.1741405167219081
0.04169673792193904,0.010997486212919691,3.7914789902581827,0.1753054448007211,0.16846359246688541,0.27973907917914176,0.20023759111733422,0.17625429243591753
0.04338244781141615,0.01419141814483385,3.0569494442814937,0.022537948434836516,0.2067917773941129,0.41885863604720514,0.3283077428817574,0.02350389524208809
0.03940405233644248,0.01210466167732502,3.2552791136869086,0.31102627416527207,0.29085686722718646,0.19234687553572677,0.007883200450152845,0.1978867826216619
0.044553262309072625,0.009559434625770342,4.6606587160464334,0.023999550483465602,0.1408515265611491,0.276494061881204,0.40135345226150027,0.157301408812681
0.04055292664347365,0.01067663128331755,3.798288576925796,0.3128816885630317,0.33410511355998673,0.007655886944576922,0.08710524947791995,0.25825206145448465
0.04123935541163292,0.01054431689203118,3.9110504581666525,0.23966291487396216,0.12426323664944258,0.20796878070466604,0.19384695405964059,0.2342581137122887
0.04020173780942493,0.012190015447491098,3.297923450761426,0.35437039836408,0.04234288184327544,0.07803314828836333,0.06544774295013614,0.45980582855414504
0.04005334115137603,0.011952552839053013,3.351028160319717,0.35283147937221176,0.30797921833063513,0.045079430618527,0.22179703668819864,0.07231283499042734
0.04119468323113944,0.013366168090025847,3.082011460104253,0.16336050190858262,0.11844209412612398,0.36759089465389944,0.0640572259562727,0.2865492833551213
0.04140439228959232,0.010177011333971664,4.068423521489183,0.2980494720885118,0.20812823097221708,0.024002060829987078,0.2750132455818522,0.1948069905274318
0.04176001772756203,0.011014406299035056,3.7913997898570817,0.15192658946148166,0.21964150072579344,0.2926736657305635,0.1588572612017602,0.17690098288040126
0.03974072020384381,0.01632257006669727,2.434709732686416,0.2468221554113538,0.03960056426572684,0.4293678017022178,0.06896098660068968,0.21524849202001187
0.04219290256133959,0.009381952477954866,4.497241129762902,0.19353071647489123,0.14010675881771015,0.20137769354913082,0.3091951452154141,0.15578968594285367
0.04260032843773806,0.01190397274517261,3.5786648163331582,0.06164849153710366,0.3106752861815172,0.3469346481015122,0.16387851972735937,0.11686305445250757
0.04554170250475917,0.006754902000418927,6.742022682480775,0.02220691652363281,0.017235115319025374,0.18374717554875014,0.4350653512609534,0.3417454413476382
0.04206557155374678,0.007781648432468449,5.405740431324394,0.14260436241629873,0.3952468661550378,0.17505897774392487,0.11301262189967516,0.17407717178506332
0.04357655994794044,0.006043377108263654,7.210630607240161,0.08443587285913758,0.35349599070601495,0.14415958456033476,0.2626233163945581,0.15528523547995482
0.04015605969043109,0.011121813039765586,3.6105677686591875,0.29406615280143067,0.2094885822180101,0.15922518846824302,0.04309351298267308,0.2941265635296433
0.039185427375244185,0.01638554209921543,2.391463592597309,0.26310598293087556,0.1371558687928169,0.4224226266883929,0.026194514090343905,0.1511210074975705
0.03952454900317173,0.013514022271128313,2.924706516698063,0.3071493704194958,0.19442667180329298,0.27276616898271056,0.15123002120100482,0.07442776759349586
0.0436149914271255,0.014540365154729892,2.999580200565858,0.016662430625925012,0.07127489747007258,0.43084456118301545,0.260150288434073,0.221067822286914
0.042404787023549106,0.006736514699146806,6.294766495339164,0.17743192502680302,0.3270584267077336,0.06521568056661312,0.1274816937286999,0.30281227397015015
0.04195839600590475,0.010810565521243688,3.88123969309958,0.15189841375136684,0.2441756134604699,0.2844493816102008,0.26106928379830396,0.058407307379658574
0.04450306144964089,0.009404706494140899,4.731998970660717,0.031719511057823016,0.058757616307302994,0.27170817144148435,0.316892978149129,0.3209217230442607
0.04339259412897728,0.007030219800114121,6.17229551318906,0.09790569404817946,0.2758881614736349,0.1760487341748989,0.27012656553086956,0.18003084477241718
0.04235738261421942,0.016548471206403483,2.5595949067385204,0.07448642601028628,0.040445890758378816,0.48871245312947614,0.21739537082429355,0.1789598592775653
0.03962024374115175,0.017985180229249522,2.202938376826319,0.1913550197117518,0.20350932921195733,0.5075170391714414,0.033675929486701874,0.06394268241814761
0.03780585769520878,0.015385831438511343,2.457186525557483,0.4574263225446369,0.31825983774815647,0.07445828362655732,0.019961936793448633,0.1298936192872006
0.04429400121961657,0.006022030048222735,7.355327167902281,0.1250970667147652,0.006817235841313674,0.10364716088041968,0.3541324031501773,0.4103061334133242
0.041757946587140896,0.009542499637884285,4.375996664580357,0.26600484774911753,0.11546970121998008,0.09459163920207568,0.29610022655857454,0.2278335852702521
0.041591773420519854,0.009665448501623822,4.303139519447268,0.24752773659722643,0.11735880128486612,0.14800726438924755,0.23739923100919041,0.2497069667194695
0.044011700548673344,0.008575049806149667,5.132530019488632,0.005822398456050982,0.40837450433367295,0.24501031380151092,0.2507788040967254,0.09001397931203986
0.04153727518793007,0.00925748875111318,4.4868836792197415,0.2683602651749045,0.258635056375631,0.03338176074588002,0.2087261746889131,0.2308967430146713
0.03892489301687308,0.016048647379913718,2.4254313834317887,0.33729001953256915,0.08319189250846562,0.3542708623485545,0.18628397350048154,0.03896325210992906
0.04459167115683135,0.006036893858880583,7.386525620495166,0.05767449142236392,0.1080111657817163,0.15439608568944466,0.2710624995790294,0.40885575752744574
0.044321057849268805,0.003988388736786545,11.112522066988484,0.06507902151197048,0.3459659682426305,0.05629475696007759,0.208899414774986,0.3237608385103356
0.03815674809830524,0.015404162670558092,2.4770413630618213,0.35580915440608407,0.27690432860766084,0.3057978237502281,0.057358756501609334,0.004129936734417743
0.041852067668100776,0.009400634328647975,4.45204719223666,0.2147646213819269,0.04428320201307715,0.1769729555291023,0.11068103396565747,0.4532981871102363
0.03856460972271793,0.014259435315119178,2.704497679640101,0.33649227162196926,0.31312545990410584,0.27297892299541754,0.058909902865077086,0.018493442613430163
0.04116280045995454,0.009583354390922607,4.2952393056594165,0.2488719956556001,0.24444568346815043,0.14060416917991034,0.17990619122608287,0.18617196047025622
0.04383950239137862,0.00672956388224801,6.5144641106719146,0.09477771598496786,0.12410380381193697,0.16527451753592637,0.23827106113249874,0.3775729015346701
0.040887480732651575,0.011355704503836848,3.6006115445181384,0.18938836591275537,0.25715486681494915,0.28382727634313554,0.03992150793623317,0.2297079829929268
0.043664688017633534,0.006101446981137351,7.1564479954710905,0.1633189364969554,0.19391564795849997,0.013014050154207554,0.3069879679332142,0.32276339745712285
0.046098286458753635,0.004458031789128959,10.340501961238962,0.001960705713879162,0.11982505309496914,0.10146912396739317,0.43996031219191356,0.33678480503184505
0.04337264412074034,0.006439398155377963,6.735512088892501,0.08086560642849872,0.37117743858312996,0.16118744368337026,0.21015451936965754,0.17661499193534355
0.04226203480201741,0.007777192805147323,5.434098891575164,0.1998391082266948,0.18403315202053377,0.10524492788079062,0.16272750456742133,0.34815530730455957
0.04220191375336101,0.008360722399169395,5.047639634292081,0.16587223752882185,0.3022565850577143,0.18145131893073282,0.25358308127707024,0.09683677720566072
0.03601234495555339,0.020859929383092557,1.7263886322042012,0.6289761388013,0.21033546318609422,0.015557003811993665,0.12790099276751857,0.017230401433093505
0.04029893753686854,0.010873374157044226,3.706203516482619,0.2548372154367015,0.26907550579230716,0.20510220687667013,0.02909530894989858,0.24188976294442258
0.03992214447276737,0.013086187791165124,3.0507085111311025,0.328507316284389,0.14674408318059573,0.22184357680386463,0.29228253084075545,0.010622492890394993
0.04200913281615307,0.0077224337290959484,5.439882592695426,0.20910760401469572,0.30535784926903664,0.07847686117414433,0.18502973788524657,0.2220279476568768
0.04139967000581455,0.009991749795022632,4.143385378448698,0.195970278492847,0.25695100599170173,0.2259986694837055,0.16558574199391243,0.15549430403783324
0.04245032316257011,0.008067133800208829,5.262132030272167,0.23001661426582248,0.2078960742914299,0.022637184949602276,0.2662853379921274,0.2731647885010179
0.04057636206683572,0.011562936550664272,3.5091744981083264,0.21023422757316748,0.3570581028736438,0.27585297355386346,0.14877550405127501,0.008079191948050367
0.04263912030631148,0.012785293030110695,3.3350131440782715,0.048127672142507925,0.2861859396909118,0.3759201256736714,0.13574873258589357,0.15401752990701542
0.042071080423115,0.011603241587368997,3.625804057110432,0.09849389984395245,0.33393574975065304,0.32998870151484844,0.16383706814328997,0.07374458074725598
0.04176948564081692,0.014024113639470601,2.978404676018704,0.1145162872906528,0.08996366978133438,0.4040077500111633,0.0470239502192024,0.3444883426976471
0.03834093839739264,0.015422837062035634,2.4859847927571948,0.3575766087680782,0.18873167494905488,0.3059264865714939,0.048071638626157154,0.0996935910852158
0.04112348951377741,0.0108779225268902,3.78045434798053,0.27002376693929214,0.1094168475554618,0.18497250327160053,0.2784622259574143,0.15712465627623123
0.039986501194902255,0.010477257848054136,3.8165044494279248,0.30188257611972685,0.5259148537956336,0.054017479280889645,0.11109532369771008,0.007089767106039936
0.04004413447746379,0.011294548663478668,3.5454391025776846,0.3205915029726073,0.24338877811895615,0.108166593105063,0.08018736323976945,0.24766576256360415
0.0415153342756172,0.009980391686656435,4.159689877815346,0.27967606733466044,0.09098328136175972,0.09780233944308499,0.2598176787180229,0.2717206331424719
0.03899226733403047,0.01485340675589926,2.6251396716476565,0.4430047625852365,0.14208262013991654,0.058311715721507534,0.2132529780480816,0.14334792350525766
0.041555326163357276,0.010555639163214448,3.936789191143843,0.2571447610090336,0.010658262957955744,0.18441587175231,0.26363681251455706,0.28414429176614353
0.04013338267418859,0.010897067797219604,3.6829524621686445,0.31811355424390836,0.464804100041661,0.03702071644348265,0.1757974655109892,0.004264163759958998
0.038433809515441474,0.014341824997441415,2.679840921381907,0.4271467254045115,0.39299127265442674,0.012212347860065031,0.0078938344541713,0.15975581962682533
0.04401494101466973,0.0046798477223772535,9.405207952431232,0.09901633418572789,0.3243629182863763,0.061463225317369696,0.30280740733863193,0.21235011487189412
0.04186715863398133,0.013779285125648102,3.0384129693384314,0.14637964014570362,0.05652059186462628,0.3869763609290597,0.23969941278464837,0.17042399427596214
0.04289804475935663,0.00870107193096467,4.930202289983898,0.10527151612557475,0.2569127038743536,0.2329336777929628,0.23009543832919133,0.17478666387791736
0.03992846379334807,0.012880109801134888,3.100009581426853,0.30667968949737845,0.10336383560221946,0.24304384159648862,0.13968690640041553,0.20722572690349783
0.041106071566689564,0.009503388003357493,4.325412321602256,0.251646924356876,0.24821107872039117,0.1292377008151026,0.14467819327242823,0.22622610283520203
0.04055322721587825,0.010989161166188196,3.690293244643069,0.32330446699050736,0.2553959616384501,0.021381557271935796,0.10583105504158115,0.2940869590575257
0.040450326970548414,0.011254489651432602,3.594150265658597,0.2563726801626481,0.2476575273393006,0.2228629013820562,0.13855919684555612,0.13454769427043897
0.0413884003318181,0.010497744126841242,3.9425994605825676,0.24087493077153296,0.08747863205705292,0.2039216281426328,0.21624230759530186,0.2514825014334795
0.041929349480425884,0.006985686884830055,6.002179910393439,0.1855848150126434,0.4304144554986787,0.06178117588596498,0.08009788865836213,0.24212166494435092
0.043016147453663216,0.011050123775830223,3.8928204177904155,0.01977954306654728,0.3394255545261732,0.3230210275498188,0.017525985181859067,0.3002478896756017
0.04115114191643461,0.012197438732856258,3.3737527047859417,0.18232226603694318,0.25150316325438393,0.31777462649663457,0.20672162449120246,0.04167831972083589
0.04366488484614718,0.013420384679207411,3.253623937754813,0.00107698188154757,0.20754413649118744,0.3964560809004178,0.23916112336986053,0.15576167735698662
0.044870579566600025,0.004886667159301496,9.182245916051679,0.0115722963288419,0.3424231001434291,0.12243553890734313,0.26375682131433964,0.2598122433060462
0.04277974264484251,0.00908984271020326,4.70632375154552,0.1476023306257484,0.037078900957236066,0.22383112325130744,0.18437330189098244,0.4071143432747256
0.03714420675628249,0.01746473715255005,2.126811668096534,0.4491163629000768,0.12186632104449395,0.2893904396407749,0.022247209935452962,0.1173796664792014
0.04008628278925539,0.01189598319922406,3.3697326331017434,0.2518230970302062,0.2622815600684494,0.25666373202393367,0.04707059006352812,0.18216102081388247
0.04258917545301644,0.008457671716983733,5.035567337934588,0.13424356435166823,0.31487581022694855,0.20771923992343524,0.2970010954322098,0.046160290065738116
0.042510124490550166,0.007339021544290385,5.7923422399028395,0.16488028871360308,0.2821699388040337,0.13452225275216043,0.2313026512805449,0.18712486844965792
0.03917657720731105,0.015049484129250725,2.603184060719133,0.33390263102800266,0.05852886107808763,0.3148564680076978,0.13517655265918005,0.15753548722703178
0.04261204328042702,0.010131262559472278,4.205995356480685,0.14513982561137045,0.0728624999196367,0.2645943525461585,0.25026981192590997,0.2671335099969244
0.04006466487164595,0.012145224933685085,3.298799741495573,0.33308995803214997,0.22379306396732096,0.15091679111907916,0.28424652042680043,0.007953666454649554
0.03975147037580616,0.012847449021292222,3.0941138828358534,0.30368697322292765,0.1809905985901079,0.24502296415427707,0.1361365838705472,0.13416288016214023
0.04343196801797565,0.010463393351337585,4.150849209202628,0.0237408253546723,0.31721355680821134,0.30566002232615586,0.16825994194858068,0.1851256535623799
0.040065979651133975,0.013827888819401354,2.8974762651344874,0.24126105765106043,0.13124581330425492,0.3429102570563384,0.04600422499457208,0.23857864699377412
0.04359234378418155,0.008541724801277734,5.10345917228107,0.06926682337253567,0.22862077906077533,0.23914001442449184,0.2779842935187593,0.18498808962343777
0.04139348188875868,0.010450624892993301,3.9608618922406493,0.23236054094022987,0.0825286299485751,0.21117142866689917,0.17013120676467675,0.30380819367961914
0.04107807060471218,0.009519880740705942,4.314977437591939,0.20227884977921928,0.3625493489094058,0.1981713126511229,0.10968063255159588,0.1273198561086562
0.044016715200930694,0.010813685292961492,4.070463862082309,0.01726475989210347,0.20584127841679517,0.3167690771206309,0.2932198950439478,0.16690498952652266
0.04411390851722216,0.0041012318933320155,10.756258037723915,0.08267363450522709,0.3639978992161266,0.02393578398331896,0.16829050531369716,0.36110217698163033
0.04171229847976792,0.010398578445038732,4.011346233548807,0.2571350276746503,0.07708980060685515,0.1739292646849484,0.3924154001266232,0.099430506906923
0.04099266997185699,0.009899902606070491,4.140714469930322,0.26284232783298794,0.175845609855045,0.13419907462058847,0.09668956848044959,0.33042341921092905
0.041125957225837104,0.009466368067596865,4.344428288882005,0.18818606962095125,0.35034191526738584,0.2089088871843593,0.043582708009709835,0.2089804199175935
0.04265271381764621,0.009308234599695549,4.582255997183535,0.1459123786680846,0.13158647139783816,0.23459254778849967,0.26178389998095863,0.22612470216461902
0.04133960683215664,0.010106678308139836,4.090325779822443,0.20316430744134495,0.1887555290117058,0.22472037794724686,0.10034086956868928,0.28301891603101315
0.040774495831301535,0.012460346120866377,3.272340546224446,0.25964285572727736,0.08097236962318063,0.2735727330594858,0.25718370414544967,0.12862833744460642
0.03911487063643578,0.015419123191723285,2.5367765825641735,0.4612509048215583,0.061113952167953574,0.01420112528933224,0.17651688931779755,0.2869171284033584
0.04253914632367366,0.006322808635583942,6.727887680210483,0.1426157908319189,0.3822920991905209,0.10336168480297261,0.11411669746725321,0.2576137277073345
0.04534120060228772,0.005250894825907627,8.634947395742287,0.0013908583954929785,0.26189431897145976,0.1358754105774375,0.35195399603856137,0.24888541601704844
0.04635600685790543,0.003679620975756308,12.598038538025628,0.02792714507866947,0.049541941556339744,0.04715667205879221,0.5095095842794023,0.3658646570267962
0.04114070420097832,0.013391933696705152,3.072051066912037,0.17743255933912966,0.08318909501327616,0.3625115959742593,0.0836344286261008,0.2932323210472341
0.03911383747810907,0.013885814811400258,2.8168197552221854,0.352605035186744,0.13611149573231263,0.23323699286359484,0.10300620247330225,0.17504027374404638
0.0398065920505401,0.012881389750105573,3.0902404804740775,0.2938428291224135,0.21103137701669258,0.2577584157870546,0.16458983099684832,0.07277754707699101
0.040982525967143066,0.010161430783897179,4.03314521731409,0.2924555168554273,0.20535558737580664,0.0725513936799209,0.16919736952425982,0.26044013256458526
0.03952312430248062,0.01500244652347455,2.6344452713521225,0.2935177857067758,0.09708491315700685,0.34966634043430717,0.15150302478906025,0.10822793591284995
0.0430922541055608,0.006926069887131185,6.221746936978979,0.09473342777800596,0.39043606692124116,0.17195169459160367,0.23469677061075142,0.10818204009839773
0.04154804878390809,0.009323250881387038,4.456390728136976,0.24659667734389845,0.2807211043701042,0.12199712562344425,0.3396829459706207,0.011002146691932365
0.04284211217076375,0.010848385043693384,3.9491695766891723,0.05967217350594967,0.2642799892590689,0.31482996063465213,0.11252030738397632,0.24869756921635286
0.0433127819512904,0.008453839362661461,5.123445110938866,0.10755172705219702,0.18717283130523427,0.22272265556534682,0.32861716617291364,0.15393561990430818
0.0414865895924221,0.008807231205153586,4.7105144200309015,0.23277392795496218,0.20757349076724999,0.1140337409123431,0.09087515318986625,0.35474368717557847
0.04403609068895286,0.004802132491321022,9.170111563673027,0.09694107806393946,0.3703614294140446,0.06869798149386423,0.37695812874737217,0.08704138228077969
0.040914810886153494,0.01081169117876077,3.7843118351853557,0.31813730924006545,0.225649349135699,0.02964356987448819,0.22801425702430764,0.19855551472543956
0.04247460952587392,0.011153207665620286,3.808286440931403,0.14149262100237067,0.10929530419490842,0.30129011321955607,0.31076382805612757,0.1371581335270372
0.03913691654399264,0.01525029907299614,2.5663048545252978,0.4559272785639298,0.1398788747751834,0.03635255883900763,0.31212925348567905,0.055712034336200034
0.04266685180683489,0.00699489064976515,6.099716770878671,0.13913960976836112,0.2550736648638578,0.14401568998072548,0.10812574182795207,0.3536452935591035
0.04127124548776446,0.009852516890080175,4.188903804805212,0.20164359704503815,0.30956614741457383,0.21426578377748404,0.1782160002488257,0.09630847151407831
0.04169563526235536,0.009947533482790044,4.191555156310038,0.28147866294641793,0.06996260034207823,0.08608138715798302,0.2990776909025417,0.2633996586509792
0.04153477238476682,0.010478770727436316,3.963706570658838,0.3026015689188301,0.019216712569474995,0.06283246973849543,0.2468501486291237,0.3684991001440759
0.04248249536849776,0.00878336434223074,4.836699664642209,0.2381656144998608,0.008874372155027056,0.09456301604349682,0.30214118014257024,0.35625581715904503
0.04401818826194582,0.009477674832822327,4.644407941650999,0.034694016015285746,0.044972432844139425,0.27120415585231455,0.08666333781224088,0.5624660574760194
0.044318568370799616,0.007894874188523828,5.613587666187526,0.03566882232114791,0.18691066962717212,0.2241088734341222,0.2798434260431642,0.27346820857439363
0.04268198991574679,0.010347608300641502,4.12481693118406,0.19519552911663066,0.020999834617540916,0.23521576091933186,0.5058880092129712,0.042700866133525375
0.043368979565147486,0.006647639417787457,6.523966906072358,0.1604198157678148,0.13291344129900037,0.09782081819232383,0.31491070210071903,0.2939352226401421
0.04085921070980505,0.00902522423982091,4.527223880989779,0.25713428082816936,0.43733700255533176,0.04952535428063977,0.07187797496314131,0.18412538737271777
0.042204015543900554,0.008846614463258313,4.770640307564202,0.2544650503441235,0.22660746102754548,0.028726622630740797,0.3718437106850136,0.11835715531257665
0.04287812631933119,0.009639508808132326,4.448165064505907,0.10125511307256835,0.1759067499665035,0.2666020684254917,0.18692393237220029,0.26931213616323607
0.04274379434045415,0.011434321867757094,3.73820107871763,0.07484251310090399,0.24688423688355562,0.3306946496954383,0.20308355040252124,0.14449504991758097
0.041214335678571065,0.010782138160528205,3.822464066491986,0.29746250922463874,0.0425875448288235,0.124128021891024,0.2638169053678804,0.2720050186876333
0.04128977762041168,0.010224341206720926,4.038380252144757,0.2994337344747076,0.27025505521891957,0.01556357708407748,0.28397443683437273,0.13077319638792265
0.041604710760403854,0.01057533634273972,3.9341264818462927,0.19860219897813186,0.12016842985585281,0.24799188293473196,0.1755301822189158,0.2577073060123677
0.04208240274146688,0.010696942305872745,3.934059055208997,0.12775558068139628,0.12196131092559459,0.29034508312050894,0.0031327438505332596,0.4568052814219669
0.042579465621061345,0.006467211880475538,6.583898348778153,0.17243904543604718,0.32460380754155976,0.04077417714807917,0.09939327789880067,0.36278969197551314
0.04220755308927287,0.008214525021907742,5.1381611202969575,0.19261601890683236,0.13530893895563187,0.1442096547522572,0.13537033038222174,0.3924950570030568
0.04327950720606602,0.010287817301249617,4.206869731328632,0.07199407360236877,0.15571900055384438,0.29532720475739593,0.22053195826087257,0.25642776282551843
0.04318321065828361,0.006248777642617351,6.91066527376,0.08996979677752595,0.3344513084865134,0.14840811499560508,0.10289903897719521,0.32427174076316045
0.04055823208479825,0.011976133752599535,3.3865881028587124,0.21469490121531262,0.2011492985202859,0.2905240738084935,0.019179765229577334,0.27445196122633075
0.040676984762092395,0.010421438713361784,3.9032024157987557,0.2896746612466209,0.1538372517724245,0.10954770927048062,0.044787150857177785,0.40215322685329635
0.04328439729232483,0.012138439368752122,3.565894756104436,0.07227952735558153,0.1321387978931434,0.35199887197312496,0.3616991176687767,0.08188368510937336
0.03791534520776945,0.016743229617496566,2.264518021549926,0.35351042995042664,0.22157593348364205,0.3684151885216064,0.03790089015187442,0.01859755789245042
0.039764178438320884,0.012931152590081188,3.0750683793509563,0.30246438992268593,0.07123632881277356,0.24926340722089402,0.006699311941797058,0.37033656210184934
0.041172027904981284,0.010803990487569871,3.8108167488994207,0.22244237646562592,0.20744504335008013,0.23698846833274553,0.22332410018271576,0.10980001166883277
0.04307841149774812,0.008671577328156242,4.967771129466188,0.10052637419716895,0.226159156351882,0.23392046010202108,0.24550297578886093,0.19389103356006715
0.04338175012508695,0.009151201847652765,4.740552208037476,0.05583664126135031,0.26121773724693637,0.2618223904842378,0.18414155877103153,0.23698167223644398
0.042193435090310094,0.007937216445186012,5.3158982600129,0.2228033675229369,0.3748458682041079,0.03729548267597895,0.34301872590283466,0.022036555694141622
0.04238100962440694,0.009294164130839807,4.559959241926736,0.15861790606564316,0.06329880174482475,0.2241162623777388,0.10863353926615416,0.445333490545639
0.04115223728214694,0.008451765562813058,4.869069897444003,0.22048796863647446,0.35389107212704685,0.1096123879323489,0.010240516637076284,0.30576805466705353
0.04169317928950829,0.010276266314145268,4.057230322273536,0.20118518477892358,0.1562476197416374,0.23354227659414645,0.24062913639343972,0.1683957824918528
0.03872090438587508,0.01423063311346472,2.720954442233367,0.3543134733123563,0.26399865714108817,0.24828570784518234,0.13257368897777372,0.0008284727235994928
0.04263492311368204,0.009522869550508925,4.477108805024377,0.0901954502515374,0.285969077021159,0.26573606235774283,0.12391616193855731,0.2341832484310035
0.041962308148608726,0.015665031371139043,2.67872480778553,0.09459350317902064,0.12769620237832277,0.4589062790106993,0.20013673147370908,0.11866728395824809
0.042657550037344394,0.009360849978700566,4.5570167382669595,0.15426990150869985,0.12257009000472668,0.2310459194027637,0.3047075428335799,0.18740654625022987
0.03913758676945864,0.014598399044742002,2.6809506062622033,0.3210953921842327,0.19816802572623116,0.30669246940238587,0.17345092703497333,0.0005931856521769745
0.03972815864178872,0.01217021282431423,3.264376655962656,0.3198003566085422,0.15856942449801031,0.18170045998494994,0.03083216779679516,0.3090975911117023
0.04333908224146484,0.010345437228492028,4.189197738506992,0.06061474358971695,0.14612025554419925,0.29900996048392237,0.1629028577236808,0.3313521826584806
0.04298434288274069,0.010753642589611277,3.9971890942578265,0.06656852976478006,0.2274665283332274,0.311034280800108,0.17479441763181888,0.22013624347006566
0.04285643330417012,0.009089540650465295,4.7149173926601335,0.10649558040805823,0.20348087832472345,0.2461457477616877,0.1904049708840509,0.25347282262147974
0.04254657533602792,0.007480896087564153,5.687363497369667,0.19224465508127025,0.18848396893900687,0.09948649166387838,0.23175312608079685,0.2880317582350477
0.04217764716297701,0.009120509608082193,4.62448360622317,0.20723464748146397,0.07472162817163824,0.17446298889346842,0.24238355434499664,0.3011971811084326
0.04336374772881786,0.008504851891838795,5.098706982825822,0.08684935307780138,0.07071085064820869,0.22902160410939423,0.0696649043227744,0.5437532878418213
0.042927992881060036,0.006546333160038409,6.557563116877505,0.162021034514214,0.20375969467567256,0.08671368971814197,0.17149924623413854,0.376006334857833
0.04354517327104614,0.007151505938834364,6.088951563975579,0.180489806196344,0.00325899433592164,0.08957417196210113,0.3613786902949017,0.36529833721073146
0.04356422544508397,0.005384206551709069,8.091113338000694,0.13106440806911054,0.3830967732332434,0.04788729560769933,0.3595464684543455,0.07840505463560118
0.040035290812792605,0.011279689805376036,3.5493255136955364,0.3279922195304211,0.37643553128978413,0.06930620956652991,0.1853830756646088,0.04088296394865608
0.04322078470560456,0.008764995839249497,4.931067338567652,0.19907124480232444,0.038211625888260235,0.15528573905239743,0.5812497904376498,0.026181599819368125
0.04059860855089246,0.011736814797391125,3.459082319328816,0.3014884187327735,0.027185001342515967,0.18567209381033292,0.15868906523855544,0.3269654208758222
0.043555317878625995,0.010283817481729374,4.235325836539597,0.07798698449756841,0.07039873520652583,0.2933433530068032,0.28433414948662517,0.2739367778024775
0.044017377827244436,0.012231284638136422,3.598753453091988,0.011218000551745122,0.11161690750218704,0.36061938510219677,0.25798586776859805,0.258559839075273
0.04210339497808188,0.014068414651259315,2.992760451108331,0.1255338209972204,0.11037069677966373,0.4015477661822201,0.30872853782694776,0.053819178213948216
0.04034185422060631,0.011154969224570105,3.6164917543428743,0.31509145399659955,0.19568998548849198,0.11201754854466331,0.13344813819909745,0.24375287377114777
0.04212600203135618,0.00966340444849613,4.359333427042066,0.13413716706935064,0.20631631733537847,0.25328545472958547,0.06964909232007668,0.33661196854560876
0.04233480047826181,0.010417102878784277,4.0639706616013065,0.1411721978385924,0.16622285846269452,0.27686228831115983,0.24129730280580985,0.17444535258174357
0.04160246634708982,0.010045473102435733,4.141414338862989,0.1891247260192535,0.26279222479269404,0.23294386132948175,0.23992253811132658,0.0752166497472441
0.043007477152970174,0.007134990418784888,6.027685340647519,0.19870636570984737,0.26239034352710433,0.020936878754126868,0.3647147948884991,0.15325161712042215
0.04270410210034219,0.007755105669763523,5.506579009856917,0.15982976093023607,0.14664952236350104,0.1602727134737565,0.19117331772318286,0.3420746855093235
0.04143307770479626,0.010617004699638258,3.9025204261431634,0.29701262561524006,0.13014758843222843,0.10506213113574016,0.42058499112423825,0.04719266369255304
0.04262497016471659,0.008375809964287415,5.089056502769279,0.16452002771655622,0.16700248617869004,0.18419032028398707,0.28412771411467636,0.20015945170609012
0.03927040849171388,0.01257555671832141,3.122757057307894,0.3680082587039291,0.3293488188635588,0.08116623694354032,0.09116102286231983,0.13031566262665173
0.04138603775715815,0.008665956178591281,4.775703558183209,0.21985837912475054,0.3105392959537963,0.13056952343416142,0.12485990104825752,0.21417290043903423
0.04008901181744079,0.013359915589641093,3.000693496037108,0.22923893286906516,0.23473177949476534,0.3329706306866658,0.06904747345166896,0.13401118349783475
0.03941734268811936,0.013047500399390203,3.021064685306436,0.33704984225065815,0.24108299236154757,0.20693691289181987,0.18854758910060587,0.02638266339536848
0.0402369320810767,0.011614207220352175,3.4644579107015967,0.2956271817869604,0.20698652926853148,0.18917100888509014,0.17852657476126974,0.1296887052981482
0.0415538818262259,0.009878780318828278,4.206377759714633,0.13042416619246677,0.3868311685363722,0.2609702910430072,0.017381817542624665,0.204392556685529
0.04086170342529788,0.010789648628132396,3.787120863116626,0.29560493837433727,0.11902287937866604,0.13154559471235736,0.19862725250749608,0.2551993350271433
0.042862125305932766,0.006973044897779672,6.1468305359084585,0.19314098229017437,0.2456095073012481,0.032929949925602255,0.26714600032283287,0.2611735601601424
0.04113691720902227,0.009438977328292002,4.3581964208898105,0.2586232485197898,0.31122663375952714,0.1060166661195713,0.223153109861669,0.1009803417394426
0.044633034686210125,0.004908688038600624,9.092660673326101,0.010196173489963784,0.45509414258191,0.12023212609112714,0.27517511777331427,0.13930244006368495
0.04336805146453589,0.0065394778515953786,6.631730001800643,0.13717754551966896,0.14722280442628702,0.12401027282602177,0.23591968124103055,0.3556696959869918
0.04202464018429321,0.009214358220820965,4.560777774987455,0.14709500596245823,0.3340175608203866,0.22916868388385211,0.208351569863381,0.08136717946992206
0.04399248581978621,0.007487597334304503,5.8753808272026316,0.02317335561276887,0.31376296735172815,0.21139412089632748,0.15262638375656506,0.2990431723826104
0.043481715495933604,0.006215163424133868,6.996069536497043,0.11895030578664262,0.3001204114798223,0.12560805735619124,0.35269162143127897,0.10262960394606488
0.04500064420212715,0.003870311370224262,11.627137947694276,0.05283600654135675,0.26814640593258254,0.06255137017986886,0.3646604930455687,0.25180572430062326
0.04318118540868428,0.011205031880404169,3.8537315975156976,0.08057545949758417,0.07288241092364937,0.3224527530211409,0.21215581019565127,0.31193356636197417
0.04386725161732842,0.007228763053799596,6.068431250388105,0.04244386929855651,0.3563361524617246,0.2002527920719699,0.25738589003069606,0.14358129613705287
0.04351505048689476,0.010259902253642978,4.24127339726301,0.017812674670847205,0.28853497685687607,0.2995664525267934,0.10979910489179613,0.284286791053687
0.04300125418725551,0.00764183601829688,5.627084130606497,0.1998896944905437,0.1843469333723958,0.08713185797701672,0.4662997190071681,0.06233179515287567
0.04284146586806607,0.010033177851801795,4.269979711400456,0.14172069121841022,0.04969575551247514,0.2623312253462562,0.2992590374836589,0.24699329043919954
0.044156123694294364,0.004885011452882514,9.039103412590572,0.07881899957082358,0.301466185688113,0.0980844362987006,0.2985729542290262,0.2230574242133365
0.043026169543505986,0.01056943500736474,4.070810739980474,0.12718565904784326,0.02895737846867296,0.2870023184307853,0.3258966375531314,0.23095800649956702
0.040766730024787194,0.010463638572058835,3.896037668354393,0.30390953562362466,0.29432154858320175,0.061317573818487986,0.23039173528471912,0.11005960668996632
0.04139747365071263,0.013853931986074071,2.988138940794948,0.1866232377265563,0.06008687965112821,0.37314874843081947,0.27796776161321163,0.10217337257828428
0.04273887611424909,0.01008761017999922,4.236769200200437,0.13320958948361267,0.15150219716942656,0.268065274296712,0.3319546446101967,0.115268294440052
0.041199922128211615,0.009946995256946558,4.141946493785582,0.22837779244735745,0.2867204457888737,0.19011855211231465,0.24369057377848968,0.05109263587296462
0.042062912683806145,0.014958347542892197,2.8120026335257404,0.08050178315871825,0.1925718463771194,0.439269365646514,0.167729526409391,0.11992747840825753
0.04025063082031369,0.010269361936370115,3.919487020684459,0.26084833399488133,0.33327717525105033,0.16121647762866842,0.003021540550593043,0.24163647257480703
0.040372917060970195,0.009814234840602554,4.113710107480112,0.24225425102039982,0.39317973244103305,0.16209193032980873,0.0014055364285330881,0.20106854978022534
0.041279331424325195,0.009830538219069294,4.199091698178995,0.27819632243581577,0.15517005935163286,0.08651263065445479,0.1831532429942606,0.29696774456383584
0.043676574388186576,0.008321099810232853,5.2488944231236605,0.042358118384853066,0.24533665938922367,0.23668011874187625,0.13148583377702092,0.34413926970702613
0.03802584426921986,0.016971786913225366,2.240532741993596,0.5098080563065585,0.1801505703613486,0.017715877955307578,0.17567379378211495,0.11665170159467043
0.04107667822235617,0.011166056631025678,3.6787094656337054,0.1782138033563356,0.2991911648152729,0.2834273465034981,0.09959394496251252,0.139573740362381
0.04597181339878677,0.0031649772375197775,14.525163989745597,0.014917535471267637,0.2221425812346571,0.025868560567224155,0.38316497449390063,0.35390634823295053
0.04362570344160945,0.007629061860949382,5.718357543397944,0.07764397665844658,0.25352428783135966,0.2059099400312201,0.29049577027657,0.17242602520240385
0.04384897117772642,0.004880345512446038,8.98480877345695,0.11220059770595531,0.37435508266799916,0.04696984987797266,0.3420266360777692,0.12444783367030364
0.041564886831304416,0.008673584721352625,4.79212323008502,0.24849900656879495,0.3004189760288649,0.03973622214582431,0.1452198075304201,0.2661259877260957
0.04329469106695415,0.009125400676921169,4.744415352243076,0.06323409738282379,0.21883288307705936,0.2595133604182023,0.13704724458310713,0.32137241453880744
0.03847511862332717,0.013083250225820457,2.9407920783624983,0.37758439298155255,0.463604565585973,0.10416237512480428,0.017124802261741272,0.03752386404592907
0.039867327911014896,0.012067311352467419,3.303745693348931,0.2723286989789352,0.26591823696497846,0.243307250504215,0.060138167309147984,0.15830764624272348
0.0412428292092995,0.010336673524453641,3.98995180719703,0.3012706681740866,0.25531173101718924,0.043716115610436,0.33889523973178187,0.060806245466506356
0.04324481640861828,0.007258547730329396,5.957778059090591,0.06916174719318693,0.362729296593341,0.1950977557193484,0.1501193055821102,0.22289189491201336
0.03772304885022611,0.017549434610271235,2.1495307220978943,0.424966583956327,0.051802612662717865,0.3277754643703195,0.14477043583981877,0.050684903170816926
0.04236090066229871,0.007346340663791682,5.766258685917634,0.19026633279280425,0.24745423970320918,0.09287619717515574,0.18275192704481427,0.2866513032840165
0.04106387261350203,0.01137625344234534,3.6096130260821844,0.1942131292853335,0.24364257858913116,0.28179599223716784,0.13784490783459635,0.1425033920537712
0.04059138421519583,0.010369801600666221,3.914383879107965,0.2999538216353422,0.3420224490325558,0.06541637737641595,0.18880139781538746,0.10380595414029863
0.042334200412661296,0.008132761899806542,5.205390362364883,0.13136503429911364,0.3313820804393548,0.19839296120751607,0.1461845646745983,0.19267535937941718
0.040619882342802185,0.01155067576405621,3.5166671779675895,0.28914240844747596,0.18796577300195833,0.19347844433822353,0.3031115201872886,0.02630185402505362
0.042728640083015024,0.008685593489630754,4.919484216481736,0.14908808724755301,0.15108867345391966,0.2088998452387497,0.2712569849235947,0.21966640913618296
0.04280879269353323,0.008671884408975202,4.936504071621055,0.16636483665280608,0.055958094005602324,0.1942599296559993,0.27550840674493954,0.30790873294065263
0.04133887964201043,0.011011731798263457,3.7540761434572487,0.2510047632367985,0.05747173606164744,0.21671838930330511,0.2676848488695884,0.20712026252866061
0.039247994853521165,0.013955593192336581,2.812348734489722,0.31084621574653787,0.2267197830426282,0.2887365058370512,0.13344055445370406,0.04025694092007863
0.039652079589474434,0.012886358422850104,3.0770585675440567,0.27092666791330045,0.30870888405903246,0.2804540778310273,0.10929619121060574,0.030614178986034073
0.04337945263761247,0.007970612362718205,5.442424077793045,0.09071358578718679,0.27292446356407735,0.21236391806803484,0.3130320766955832,0.1109659558851179
0.042938877320982304,0.006757915868978629,6.353863847001687,0.17607723278100887,0.2522480080837492,0.07471031128007183,0.30782026623614894,0.18914418161902125
0.04432817047910222,0.012880625284440188,3.4414610704226223,0.0033988174715864706,0.010825034154442578,0.3796729559353293,0.2777051657425232,0.32839802669611856
0.040948077750492605,0.011915962207165518,3.436405473480688,0.2518691771360588,0.1350748680305507,0.25655797480148573,0.3011871251671943,0.05531085486471053
0.040993809177296024,0.010399098076625344,3.9420542892503523,0.28620457957021583,0.11528240532381709,0.12041406459493556,0.15459586623178492,0.3235030842792465
0.04349941553969286,0.011370340017628738,3.825691709504794,0.010818697383652598,0.21284466774263006,0.3335694266675579,0.05415976533095103,0.3886074428752085
0.04031408664015677,0.013544147283843783,2.9764949978243123,0.3994941037113756,0.03856866402470718,0.06487069827970618,0.41314898024098035,0.08391755374323069
0.043654453902491806,0.009802146552355069,4.45356062259683,0.02521300272872695,0.30412631930091266,0.2850999654820749,0.20943597735916553,0.1761247351291199
0.04125810676643685,0.01010516650631204,4.082872532646107,0.24643775217729602,0.17573884661337455,0.17651003213358807,0.22618426740325734,0.17512910167248402
0.04140304548862323,0.010392443254589443,3.9839568496406357,0.2209261468751757,0.17094226695910567,0.2206879750834419,0.22917310231618038,0.1582705087660963
0.04030386857979057,0.01037921341926163,3.8831332348359937,0.22688588509977062,0.4059940845509501,0.21088400390188072,0.012941111455828005,0.14329491499157057
0.043093978778753664,0.006930456278358644,6.218057952882679,0.09032543695262057,0.3093124423479172,0.17511981266443627,0.10925592741437597,0.3159863806206499
0.044162603623173584,0.011978819542885924,3.6867241772083643,0.008195764111813405,0.07431614340992898,0.3526874934346595,0.2348471440385423,0.32995345500505596
0.04191176350376614,0.008676203612871327,4.830656975545061,0.2500849651489699,0.2810518340615313,0.01892387568602172,0.23846613289260096,0.21147319221087618
0.04407974485820471,0.005540109026119162,7.956476063988673,0.06819802325249166,0.30691978487980953,0.13315149982297506,0.2923951588243024,0.1993355332204214
0.04013486237248476,0.01612193172455012,2.4894574085913215,0.24348672984495334,0.0737391787692796,0.4226435901773618,0.2573143157803444,0.0028161854280606222
0.045223318767782635,0.0037235562114168314,12.145195667819646,0.008171226868473188,0.347518289439126,0.07236816481320472,0.2675718014243015,0.3043705174548946
0.04430843760986436,0.0049423935569733604,8.96497559312094,0.09648521905484066,0.1966253858815303,0.08297878594115511,0.3268314123472059,0.297079196775268
0.04355968813992668,0.007495466750898547,5.8114710647879,0.1078189196854117,0.19794353065335266,0.18739470457405777,0.35935171301086277,0.14749113207631503
0.04138265356369613,0.008711865577181361,4.75014831175633,0.24339869610179674,0.40205424369300513,0.07048391214836598,0.2383153884212326,0.045747759635599516
0.0399236827443824,0.015133576054938357,2.6380865037748022,0.24676119873696303,0.14613211614797228,0.3866808913429964,0.16600331146269917,0.054422482309369004
0.040863796564438025,0.010732667170587849,3.8074223224234984,0.24797417519643403,0.2440692449496376,0.20660341619395098,0.22264508111354395,0.07870808254643351
0.042490842858912206,0.009036686831866682,4.702037776618956,0.25193603196913067,0.014918656282002903,0.07725792562897528,0.36581808922190573,0.29006929689798533
0.040471256907777364,0.019569112888126426,2.0681191395412375,0.13893987785947254,0.06708883851997478,0.5715580675666457,0.06757345522309056,0.15483976083081652
0.044640628087213696,0.00716189489769285,6.233075006670977,0.10033099578124098,0.004100291090099846,0.17257167834503637,0.5351705597152446,0.18782647506837816
0.042531700201376164,0.007939664206913003,5.356863853806833,0.15727344710915225,0.23262890532262454,0.1718608540506899,0.2318978149393405,0.20633897857819275
0.04206232975517167,0.00946452442662988,4.444209540716373,0.1709762419796854,0.18251935225031468,0.22452583247479557,0.19952880996780584,0.22244976332739855
0.04325591835857898,0.009388956079621388,4.607106263119647,0.053238140320307555,0.2477930940278937,0.2694939042288459,0.10968347572746913,0.31979138569548365
0.041268026033050145,0.014704944079562925,2.806404826143124,0.14662547016390204,0.11733061280611483,0.4172419982351405,0.11886452472127126,0.19993739407357128
0.04321988372178877,0.006441474374613339,6.709625965776371,0.11463312315118805,0.279807674594155,0.14183706524752468,0.21632471528757877,0.24739742171955353
0.04177802542974332,0.009203367223940407,4.539428278061921,0.1685591049820282,0.25333236645159407,0.21543108690631538,0.10743444222515544,0.25524299943490697
0.040794813154213426,0.01228065321255945,3.3218764871963393,0.3308138676088392,0.014237990559092539,0.16397278942114643,0.39208279972565724,0.09889255268526452
0.04045691741668325,0.011282531903166129,3.5858012867953994,0.25063557357183724,0.15516912543993266,0.2293157663288311,0.0008045356635776817,0.36407499899582124
0.04244504711345126,0.009266261995828754,4.5806008002534435,0.17538720370758942,0.0679200462369488,0.21221174029879067,0.23559898070515534,0.3088820290515157
0.039753575712155195,0.01700304892654065,2.338026308334763,0.2658576639107015,0.022058532909074086,0.4416980938654017,0.2313669237884158,0.03901878552640692
0.04039668321050968,0.011441031791068543,3.5308601486489537,0.2646824786056002,0.22609332781456068,0.2224230317575447,0.1462118628561996,0.14058929896609487
0.04290627223752326,0.008324120935598705,5.15445085066358,0.21149187696734129,0.019950655466790333,0.11788660073846595,0.38955163554712996,0.2611192312802724
0.04002056876919024,0.015600928675986897,2.565268363209063,0.2315619040544518,0.12290910543678071,0.4119074379835386,0.14387301084037213,0.08974854168485678
0.04142247884599873,0.01302862900998767,3.1793428774619725,0.0902837023960181,0.42611158383185344,0.37559671984587734,0.04078799579524656,0.06721999813100459
0.04073110026881416,0.011086792330506188,3.67383992182656,0.2267310762359101,0.20429188042495974,0.24538624905463385,0.06368565561206943,0.25990513867242687
0.040385924239933736,0.011621051731733235,3.4752383151047495,0.3396696804631401,0.2180956508282941,0.07116726045475981,0.2465776255339041,0.12448978271990185
0.0436895426627307,0.012127544895409731,3.6025051269253323,0.019458125198267628,0.11935916364303663,0.357512558061214,0.1623121557091998,0.34135799738828193
0.0416687327937835,0.009855312908120788,4.228047671570978,0.2864441303044922,0.29112865480561584,0.0029374955357636327,0.3587759165551079,0.06071380279902055
0.040571152461596136,0.012184454970900612,3.329747006205016,0.2844630676293576,0.1546752512283719,0.23314638486989078,0.31912099854932124,0.008594297723058355
0.042751829922519934,0.005681143649730303,7.52521544223749,0.1442821928735865,0.5017273952771242,0.029101017167644357,0.16193060868484793,0.162958785996797
0.04274041285995749,0.0066079443849916845,6.468034591367293,0.15696279907013466,0.2833134383170149,0.10249869051001977,0.19042658305333823,0.2667984890494926
0.04127844220164546,0.012740323110055197,3.23998393487107,0.11875132527149711,0.34955101087484736,0.3609353462649576,0.04409066768980629,0.12667164989889174
0.04319425445770859,0.00961971182493049,4.4901817480401185,0.11090538574033566,0.09960939546747803,0.261825101862496,0.30067240748598706,0.2269877094437031
0.0425727616541188,0.013586533081162611,3.1334529125126758,0.10718350270138545,0.10956926184185858,0.39015912545170717,0.3632405290912824,0.029847580913766335
0.04178662271340818,0.009676210888835244,4.31849028441733,0.19965319875012197,0.1389337981682335,0.20946432302195273,0.1815322458776638,0.270416434182028
0.04171405107303739,0.019361194130017047,2.1545185071185826,0.03913556576571351,0.20424028017634183,0.5757402702317086,0.10649380178146069,0.07439008204477543
0.04180820509046566,0.009125473254099067,4.581483494205175,0.19979509475006213,0.2130777727802022,0.18425530205547166,0.21273809950881686,0.1901337309054471
0.04362448150959527,0.010215366085489985,4.270476568780041,0.05157243543500544,0.2310328268886318,0.29509627466500993,0.3287661116891356,0.09353235132221717
0.04341569200209494,0.005489691298181579,7.908585318171912,0.06301551156019429,0.3862553555720753,0.1268651704131391,0.015789377662205804,0.4080745847923855
0.040944565001231115,0.01042792298861963,3.926435307003648,0.30262553651869334,0.19535426678618822,0.006835572545662531,0.021128802846915977,0.4740558213025399
0.03844432541321354,0.01557816825694635,2.4678334948700473,0.3837458736920154,0.11732597132736401,0.2809340450585952,0.1295372798554904,0.08845683006653503
0.04275905921033867,0.006582523215708012,6.495846320496347,0.14875853906490655,0.295844281659287,0.11306330778442232,0.18502555536084686,0.25730831613053723
0.038939926927346866,0.014482907126384536,2.6886816705747734,0.431613858573043,0.13217526170043387,0.03993752192918807,0.03643665324336959,0.3598367045539655
0.03986557607876891,0.01490039171203858,2.675471682167928,0.3050094260365903,0.0556955864834736,0.33393942611152166,0.3036822191125763,0.001673342255838149
0.04595304116546684,0.004064581807832715,11.30572426341926,0.03150988775669161,0.22975564205055998,0.06611230766676177,0.6259399249698541,0.04668223755613254
0.041081795451139234,0.010955429601359434,3.749902737364265,0.2446323685876828,0.15024618934209152,0.22186771862866853,0.22880096606356967,0.1544527573779875
0.03931696926152393,0.011958156464349093,3.2878788113150876,0.3348008107876126,0.35827395119198596,0.12996562884758062,0.045538261028084254,0.13142134814473652
0.043552647396072744,0.006535405319436886,6.664108080112986,0.09398896911484567,0.22345110565984969,0.15922829663133342,0.20217666118340347,0.3211549674105678
0.04378558247654632,0.006043574145288145,7.244981433823166,0.106575073726361,0.20904023314385206,0.13035438224079676,0.3052951041643357,0.2487352067246545
0.04549194253091482,0.0038631642191942423,11.775824155982496,0.003991836945768642,0.30980609276692306,0.07986837322110356,0.3400438424668973,0.26628985459930743
0.04259036676963339,0.009733116542889213,4.375820075918942,0.12254278294359967,0.21184682802536484,0.26145418202461,0.23769250129962524,0.16646370570680025
0.040828102286758705,0.012251414056593166,3.3325216255169203,0.2498959671769053,0.14312493539651697,0.27283242755395165,0.2866726892533581,0.047473980619267934
0.04249795494176299,0.007885113673189857,5.389643916771944,0.1889632626940024,0.21433290465240257,0.131845415436944,0.3116173253452097,0.15324109187144128
0.041339919571569114,0.010767284307066178,3.839400761846627,0.29320450877103155,0.05002878142836471,0.13289049306915676,0.32765872964468024,0.19621748708676667
0.04142086134707988,0.01256723724427678,3.295940113324691,0.14798372050479172,0.2801669896092021,0.34568104856733906,0.1984062281178783,0.027762013200788863
0.044034428373145744,0.007569499488680816,5.817350069049268,0.03237091361148873,0.30466809576702764,0.21367171209943053,0.2367095121270295,0.21257976639502363
0.04336861304984878,0.01095862905440323,3.9574852688733966,0.07100187194510932,0.17723515082860208,0.315476904818711,0.3424686198471741,0.09381745256040361
0.04058133279354219,0.01385750856345761,2.928472503387483,0.22153231170925458,0.0583982869755431,0.35621292207871247,0.09374996857654923,0.2701065106599407
0.04292972494509057,0.00896985645145231,4.785999104605494,0.0870910576431564,0.2321496514616018,0.24843275636100973,0.12376265200245257,0.3085638825317795
0.04127496285398287,0.00944980083578082,4.36781299111606,0.2623266723425172,0.253348794124231,0.09801225260597601,0.22054068371104738,0.16577159721622828
0.03990660149994482,0.012562169416495962,3.1767284914611666,0.2675745245530169,0.2155597107296859,0.2710207808799796,0.06124850153115638,0.18459648230616116
0.04372502880268045,0.00536770079000153,8.14595122070282,0.11244929444395667,0.1772801089782833,0.08089442139432826,0.1344894687388694,0.4948867064445623
0.0424967222308616,0.010227219070006174,4.155256863079589,0.1744459403229496,0.00750122322680926,0.2501741963414569,0.28854592307968585,0.27933271702909845
0.04221914805834965,0.007984684425751305,5.28751617561606,0.19081939968318604,0.2300489211230473,0.13595938486479117,0.22317937485609005,0.21999291947288535
0.04330645255505838,0.008039130304095199,5.386957409186131,0.08602565242229197,0.2371272928758113,0.21763904473740697,0.213059846932345,0.2461481630321448
0.043064599131895545,0.008356097336189491,5.153673706670064,0.12630189149784393,0.13151747205806494,0.21041623994010333,0.24255213898188935,0.2892122575220985
0.0404620022023098,0.011660680285841923,3.4699521134661113,0.2378045986164126,0.19585408039191818,0.2598101486430311,0.04850023860142328,0.2580309337472148
0.04505423322368325,0.0035742697322042553,12.605157584427257,0.038481310246738426,0.3330824793673386,0.054070991601710146,0.3405034601880854,0.2338617585961274
0.04311505115644838,0.010746604941168894,4.011969491060384,0.03503232757486635,0.2782158851298834,0.31387999368829334,0.07477224576083832,0.2980995478461186
0.04463252574635606,0.0050155744582712335,8.89878639380024,0.09721986736423044,0.07460400682572832,0.08001582425501144,0.3252897320836862,0.4228705694713436
0.04261294213235681,0.007630133556736733,5.584822574269798,0.15826149213642607,0.21459293053550746,0.15682538839252458,0.21140321971211795,0.2589169692234239
0.042830456795379564,0.007886904686231907,5.430578725028626,0.21470932961091385,0.0823460203126332,0.07435792140298306,0.32812583703259973,0.30046089164087014
0.04192616073712928,0.013216553944108624,3.172246026795674,0.07419310647800638,0.3552309439039143,0.38529045905906956,0.10197202795322052,0.08331346260578923
0.04222869413179739,0.013925927415240437,3.0323793075054093,0.10099778470199407,0.18291126326089993,0.4028296016661468,0.2813677084619117,0.03189364190904747
0.04159125097217502,0.010288964852430969,4.042316362111809,0.2339861608925776,0.04468773436571576,0.2009570486666162,0.19962432145605535,0.32074473461903513
0.04198661277639988,0.008611476494915402,4.875657827225173,0.24560541495870347,0.3910145785114144,0.0072749915960666316,0.34597675748671075,0.010128257447104787
0.04185861507003533,0.010045601935026958,4.166859819926062,0.11993379385156774,0.3467133226290051,0.27212211250287044,0.06779133653467359,0.19343943448188303
0.03994686184216793,0.011328635715043145,3.5261846922240623,0.2561809871376922,0.3326335318107907,0.22510055386843583,0.008756523961881273,0.1773284032212001
0.04333550942184909,0.012960992012666294,3.3435333791965087,0.09487556544782856,0.0296356125151656,0.37123055950346867,0.4818914415996735,0.022366820933863604
0.03986903924590998,0.012442862952244876,3.2041692815331557,0.27205241528154595,0.24524905578599693,0.2610804623883865,0.08496663667075452,0.13665142987331616
0.042975014934318934,0.009539579069337905,4.504917315738714,0.10359892797379439,0.20666952307649575,0.2619496340707377,0.27635127191478354,0.15143064296418876
0.04319205058630987,0.008746459231281922,4.938232654401733,0.059602038266795145,0.2847170861280211,0.2475820680258809,0.10879856731487486,0.299300240264428
0.04202229542724498,0.013272898286922167,3.1660225610746746,0.11181436259029581,0.19038947431821548,0.3807248506683241,0.20726810191249137,0.10980321051067328
0.041861859605730176,0.010374084723323827,4.0352340203674135,0.1583864560299042,0.21519621062462635,0.26673596714383996,0.17431857081770458,0.18536279538392494
0.04423625474500043,0.005020436743687163,8.811236353216547,0.10022006400638721,0.20327273671670287,0.08332809254805294,0.3294019210513016,0.28377718567755533
0.04222268240538311,0.007504296276547733,5.62646793908398,0.21047577621946706,0.383332721290298,0.0035889634231707655,0.17672520061325311,0.22587733845381106
0.041225079566806655,0.01225668531337432,3.363477034188227,0.1613355399452612,0.25712511915262076,0.3306418681499698,0.1304964601482395,0.1204010126039087
0.04291345838018476,0.007812433712068784,5.4929692797125815,0.21771535672307002,0.1002976310457488,0.05040683181952783,0.3428943366336383,0.28868584377801504
0.040442132264192236,0.012622608487940265,3.2039441215998226,0.37368226103451774,0.08492469545493334,0.006943130746508299,0.170471539365672,0.3639783733983687
0.04546367440430155,0.004115568221165502,11.046755140758313,0.07375745741193104,0.062485342745344376,0.036766814301187306,0.40792079698353784,0.4190695885579993
0.0392181511976991,0.01584273092198204,2.4754665966890403,0.3345599832493797,0.025639822749499476,0.34798916578156835,0.21584471513176567,0.07596631308778691
0.0438570442551755,0.006177940368745988,7.098975004201553,0.11481647012540391,0.19496726527465963,0.1282483314686423,0.3772733651584357,0.18469456797285844
0.041183447520125774,0.010834100666204778,3.8012797544507655,0.1606330674908176,0.29056154648463217,0.2807978093405073,0.0010528780242780634,0.266954698659765
0.042631888559322595,0.01114845650064618,3.824017123523027,0.10827473861751791,0.16666733123821909,0.3137386190738671,0.24757394761216187,0.16374536345823404
0.0445186972050454,0.005506880818022547,8.084194787609643,0.06862393378667733,0.2072044874607472,0.13091276979212907,0.3742223631258121,0.21903644583463439
0.03819820924652411,0.016090582872367924,2.373948137834163,0.35515973158386177,0.16002580970825978,0.3393586372779524,0.02318760495262236,0.12226821647730376
0.04386573451831591,0.013144830446952978,3.3371091924950735,0.03297634273657787,0.013350748322140765,0.38759647821729654,0.30239113870182244,0.2636852920221624
0.042377130248663214,0.008862339873619481,4.781708990286773,0.1682864138758035,0.17999906208929162,0.20184857327785546,0.2612282212649135,0.18863772949213603
0.038626427594705415,0.016658548379469593,2.3187150953866773,0.30871927803404275,0.11587706441160428,0.4028225054259273,0.01315460354479124,0.15942654858363436
0.039011541323111264,0.014849330944828388,2.6271581843017584,0.44156877202164985,0.09037281728578304,0.07075621548721471,0.18294075964761372,0.2143614355577388
0.04160644205114699,0.009134448457142653,4.554893735112486,0.24251202998064325,0.21723841431447982,0.12057856898030576,0.2527958734472091,0.166875113277362
0.035757719274329886,0.01985456090263326,1.8009826281067456,0.530365341963555,0.14937193416744776,0.2968316906599392,0.018040202022859598,0.005390831186198481
0.03988722302504019,0.014021093922082782,2.844801072348504,0.3359625577596213,0.056335738204255116,0.26088626579158003,0.3314641524093031,0.015351285835240338
0.04203388365280706,0.010153722175855624,4.139751208946683,0.13614433832621975,0.20756590087936178,0.2699368430468959,0.09078387715343177,0.2955690405940908
0.04154445599128048,0.00919536930752121,4.5179757986772575,0.2473465568721607,0.19055587549524022,0.11478586286969622,0.20826768510474253,0.23904401965816036
0.04267777316566593,0.009525416524108949,4.480410180242297,0.08886396326273922,0.2908897158201617,0.26621678734252646,0.1422472797747687,0.21178225379980378
0.03931917931870065,0.014638988147561384,2.685921931376834,0.23665019124782943,0.3436475268893048,0.37347743276123613,0.010487650449474648,0.035737198652155
0.043412409970956405,0.006207141855230874,6.993945197880722,0.11206985669694026,0.3056368119459834,0.1326561244355665,0.2956106953634538,0.15402651155805605
0.04173233969760006,0.009927487646295004,4.203716104665697,0.13403473564460125,0.4179211305572121,0.26016478633696977,0.16727342460745795,0.020605922853758986
0.04415476879570167,0.008592133040520537,5.138976385429275,0.0725051816570439,0.09105233386486952,0.23845465216308825,0.3969489124730659,0.20103891984193226
0.045139281232464606,0.007002723768122079,6.445960561510141,0.03084705992638922,0.12465841538516241,0.19238642770720524,0.4671099533789586,0.18499814360228456
0.044005382299904104,0.009826776884728832,4.478109436705545,0.027761962545895753,0.18087125931849288,0.286236822591155,0.24485805250444048,0.26027190304001574
0.039710806292927024,0.01308379063335718,3.0351147771872893,0.27079367998097553,0.18569926011320315,0.2902494707266853,0.00970925454299034,0.24354833463614584
0.04089930373720675,0.010155621790565806,4.027257471836996,0.26494148073465024,0.28339432349645755,0.1478242087916452,0.24353164818575504,0.06030833879149199
0.041293286464808676,0.01091495361602789,3.7831847864357577,0.23371902649007273,0.1389786025745999,0.23102328391945195,0.2617864890149116,0.1344925980009639
0.043536867104466276,0.009078950731618117,4.795363295985947,0.08253135136206077,0.12277814762966793,0.2534115781617251,0.25834158605239455,0.2829373367941515
0.0420236031183142,0.011865442338531682,3.541680277847485,0.0632903063229454,0.4094010179678303,0.3441935551004085,0.015257842532156679,0.16785727807665907
0.03894939932950596,0.013589041938207095,2.8662358617052623,0.39664296219324646,0.30647726575161804,0.09978885608842225,0.17621697236783582,0.020873943598877523
0.04330825115158929,0.013054763968985975,3.3174288906698055,0.04368829215746611,0.12499518867629486,0.3848753013624488,0.24719161028199274,0.19924960752179738
0.039390599177661675,0.012654314249474649,3.1128197388726138,0.37193204079880615,0.304162486972983,0.07387040247112768,0.1250459011518005,0.12498916860528256
0.04220865396719843,0.0081794456668243,5.1603318472297035,0.2016025758672635,0.15512004592103215,0.13024055293928127,0.18704795583396794,0.3259888694384551
0.043367339322155904,0.007202273728494163,6.021340059679051,0.1137684552536123,0.18836111883865347,0.1739404611287174,0.2594941718820856,0.2644357928969313
0.041137316304011476,0.011073420271624052,3.714960264754603,0.2834217219913197,0.07833948708090978,0.1745821719397519,0.3153391310539366,0.14831748793408206
0.039515745579055114,0.013196596204002967,2.9943892325104766,0.35727460232194247,0.13241387910176794,0.18064799938962312,0.17224796721551966,0.15741555197114684
0.04098132533348424,0.011128123577591362,3.682680646718203,0.2783152261671517,0.05110437535235747,0.18683049975625124,0.20359490477647252,0.28015499394776716
0.041610108805537845,0.009774642406767228,4.256944353967377,0.16690257063677288,0.2630167791302354,0.23894779216801015,0.09554428526556233,0.23558857279941914
0.0393747826201038,0.01355076288396082,2.905724419892937,0.34762030225338997,0.09328015782638341,0.22131025537715718,0.10220451610266419,0.23558476844040527
0.043610846577315315,0.008105898059250638,5.380137556448247,0.050323401865877866,0.3945507511052596,0.2256100941002764,0.31561736445439686,0.013898388474189302
0.03945602327045433,0.013509004339952477,2.920720304587091,0.30526293298163865,0.21771462480773088,0.2744529464364337,0.13856195999528714,0.06400753577890975
0.04219698345640584,0.007386010872658465,5.7130952260862,0.18664829516607087,0.4046402906815194,0.0976447879854619,0.2897009988008997,0.021365627366048075
0.038866334883421984,0.014744952686214776,2.635907738093901,0.3802190691022991,0.1262475871251453,0.23906899827353267,0.19471770419156087,0.05974664130746211
0.04335004284102205,0.008070703696500028,5.371284149586781,0.12990915801581474,0.1316169383314081,0.1962669157595918,0.36552073400105073,0.1766862538921347
0.03880760130730932,0.01445199226169772,2.6852769226953956,0.43108954978306363,0.21759294832396864,0.05069932970616757,0.1085013889799904,0.19211678320680983
0.042658323056774715,0.008713926258695427,4.895419331120338,0.11069293135690408,0.2945617092160645,0.2308803957240588,0.19674493402357696,0.16712002967939554
0.04102787209185253,0.008897805269928467,4.611010338753163,0.24833763196305716,0.3826873013371098,0.07789312113077072,0.1016010377284502,0.18948090784061206
0.04395237303862624,0.0043392756424351295,10.128965445016279,0.08842923946656106,0.3497704759046633,0.012794629973749156,0.08274326315398185,0.46626239150104465
0.03963734932892682,0.013193268031827458,3.0043617118446786,0.35753055250631155,0.174757847061953,0.17754614045339567,0.2771947130941422,0.012970746884197552
0.04341452640622834,0.007612073091602086,5.70337750094975,0.16021932170274028,0.03745562270125584,0.15042838780848775,0.36913194006141725,0.28276472772609884
0.04098421612734292,0.01027958866702141,3.9869509816892714,0.2625027028342809,0.1988128528004886,0.1620539118129253,0.20099064628802352,0.1756398862642817
0.040905318417449016,0.01141747618227342,3.5826935624317677,0.22951293497200184,0.1446845134237204,0.25726423701192563,0.12784300518347833,0.24069530940887385
0.04349751098270849,0.005924334790678016,7.342176382596091,0.08353217814039345,0.3231844044171925,0.14020613845568783,0.16782876324409976,0.2852485157426264
0.04254264040559591,0.008482926052402046,5.015090328831692,0.08320486655117756,0.4926877246030638,0.22881190839447796,0.1803483790766616,0.014947121374619137
0.04032431510364489,0.010888131353906405,3.703511079445003,0.2931871984192479,0.21759329133765368,0.14477797696138836,0.085368160198303,0.2590733730834071
0.03583651403812855,0.019992664659082934,1.792483125647163,0.5996475804715701,0.24152063363015003,0.08554234047349199,0.06925449682339449,0.004034948601393291
0.04108832398109337,0.011273647389464453,3.644634479120891,0.2030141544058149,0.26780791360289374,0.2709249042459699,0.21399553488397874,0.04425749286134256
0.03914736126639051,0.014378296510706897,2.722670327269935,0.4115755272335423,0.13799599648114644,0.14044015411930658,0.2893406288165627,0.020647693349442064
0.04123338629719471,0.010030599678424715,4.110759836810707,0.21902968830450822,0.2645261792782094,0.2055818780476285,0.20733426283774048,0.10352799153191335
0.04419014897134042,0.008460946666125407,5.222837433577252,0.026569971941473612,0.31948889125388874,0.24068779269678592,0.36651387077920494,0.04673947332864679
0.04349793993146632,0.008273397135079533,5.257567021294473,0.0984959165326166,0.1164223970941092,0.2205675980661327,0.25428979719586137,0.3102242911112802
0.04232217910136665,0.007303910497880265,5.794454780579439,0.2044346020352154,0.3416178650084977,0.020042223246476525,0.17507861513691408,0.25882669457289625
0.04220217671502433,0.008228624705642599,5.128703547031999,0.2060524680144474,0.16338474563490885,0.1264738980015107,0.2165568561319804,0.2875320322171527
0.04361364935381387,0.00879722347550967,4.957660729573214,0.08354522196739646,0.11852659364138389,0.24368059705709785,0.26892136427058716,0.2853262230635347
0.042368177376040705,0.012555535678854283,3.3744619472824344,0.08473429008966302,0.21828757015136258,0.36431164882229716,0.1586559507821665,0.1740105401545107
0.03969144428126013,0.014219699616545699,2.7912997708528335,0.35116372541783913,0.0403118028423213,0.2516003763074131,0.30315482309975567,0.05376927233267069
0.042053245479260766,0.00975282453940737,4.311904239570799,0.187175680992602,0.12306413794753661,0.22344420055190564,0.23773845062457602,0.22857752988337976
0.04368053647220968,0.0106141296702317,4.1153196568453225,0.02171510983068976,0.2552638090087975,0.3108026674365509,0.20956155627902553,0.20265685744493622
0.044969587538114836,0.0032988058703285307,13.632080609107282,0.020580339335384782,0.3914520260308357,0.021219704649723725,0.14336359394542883,0.42338433603862685
0.03970370725139434,0.011456967584405326,3.4654638724331486,0.30801659393515596,0.3216882216652165,0.154504406240692,0.05754306295547271,0.1582477152034628
0.04295052604895551,0.009710317109015426,4.423184697961987,0.05066443816959515,0.4320720154151093,0.27757298477718767,0.20030767472374741,0.03938288691436066
0.040429720855955635,0.012224419830376474,3.307291586590619,0.18277129079013857,0.3906689712905677,0.31724952005860735,0.037189014406536415,0.07212120345415
0.04123156995849509,0.015483555651174312,2.662926454839718,0.1803850052152223,0.04661266644016385,0.4294758570865557,0.2999264779112713,0.04359999334678677
0.03934683715830099,0.013783085011516231,2.8547191811866055,0.39706806675612966,0.18562381148918755,0.12337972556515638,0.2871907567405702,0.006737639448956251
0.04168460768696003,0.010786032732704218,3.8646839593364635,0.14443244236889044,0.2618681323161337,0.28801525391676785,0.10630911335638533,0.19937505804182282
0.043148646582166286,0.006728375060012898,6.4129371798253425,0.12713300222346652,0.3139956351569889,0.1423808214270198,0.32024145654476077,0.09624908464776386
0.04042981851696213,0.01101746513556262,3.6696116592609966,0.3098978060922814,0.29201473976785625,0.11092925503552045,0.25571376980356003,0.03144442930078205
0.04110076547966075,0.010990626245072663,3.7396199782598485,0.3209944933761708,0.12246436048067903,0.058809508045055435,0.2940398984379061,0.20369173966018855
0.0405634632677701,0.010322876535325142,3.929472868241804,0.30076024958451814,0.2953083815705935,0.0337261918882142,0.02914918351767577,0.34105599343899823
0.041476497642614796,0.010508664914757231,3.946885544363461,0.2690219175302707,0.020342537131806514,0.16319000600667927,0.26427275276533346,0.28317278656591005
0.04016117320148231,0.012202732355243016,3.2911623423607,0.3081530365335048,0.15652991084913057,0.20397470066143833,0.2152485263090922,0.11609382564683404
0.04294190964510644,0.016326306249219238,2.6302281109764203,0.03120922476932453,0.0024502906585186814,0.48480503374396566,0.11609908466270165,0.3654363661654894
0.04076279966707071,0.013270223936257394,3.0717491929956875,0.22796334720127384,0.15787555998027095,0.3292726015678662,0.27590444692544547,0.008984044325143473
0.04155405933717206,0.009412652078022546,4.4147025718921435,0.2551840362983823,0.16657524399157325,0.1140137229048857,0.23881907553429993,0.2254079212708587
0.042291275892219315,0.009357705776153911,4.519406455371731,0.11863588667814212,0.3754929322482588,0.24778821968511733,0.23139064702418513,0.026692314364296515
0.04300058762726646,0.008894945901963443,4.834271967609679,0.10609533311220541,0.16977682492666998,0.2395343559973941,0.19476609536609085,0.28982739059763957
0.043342347686004076,0.008822821624967787,4.9125268001961135,0.07915297925838814,0.21167042040830075,0.24616922053178478,0.23062997456837211,0.2323774052331542
0.041092373146401,0.011655734585040252,3.525506937944666,0.2766033844489068,0.026205835460470863,0.21704447553355438,0.30156166648390825,0.17858463807315983
0.04279699356088735,0.005613154725009991,7.624410096910553,0.11447537702513971,0.52611199512491,0.09201448695165432,0.17676120844271245,0.09063693245558355
0.042777951727723806,0.008272784454880226,5.1709254557561355,0.16703462720785162,0.15062402533636718,0.17664578430020575,0.3336944392960061,0.17200112385956934
0.04016037188957412,0.012999420599682477,3.089397068247417,0.20820622463096378,0.3587316161600246,0.3308464723293909,0.09698613642551049,0.005229550454110472
0.04114288895332085,0.009436264388628853,4.3600822591299995,0.2112605058178763,0.2835321949927017,0.18553688656569464,0.07087112285952886,0.24879928976419846
0.04178096729484898,0.01026572576620417,4.069947731547266,0.1885971726811724,0.15915950235587883,0.2431862711007981,0.2209069643894291,0.18815008947272172
0.041426010979601254,0.009381057966411116,4.415921011033842,0.21970785614982252,0.21886306700177424,0.17357098990619804,0.1533296739341046,0.23452841300810068
0.0422381769209882,0.00835049428022884,5.058164882645808,0.23707936544534639,0.190279002213112,0.049187657420524035,0.27258695508753383,0.25086701983348375
0.044070565181862004,0.005651242951131004,7.7983844550590415,0.12367099646250646,0.1287568844272945,0.08915279305908093,0.34758675055633137,0.3108325754947869
0.042041760011749044,0.009688013856775937,4.339564397128151,0.17515777361434917,0.12539487144303993,0.23003457089495674,0.1647551061635934,0.30465767788406084
0.043425307592385505,0.013160643111728376,3.299634161014985,0.03761088319454785,0.023393606488721127,0.3879707629672868,0.13870008253288063,0.4123246648165637
0.04138262438203582,0.010397440766694063,3.980077916346111,0.2710759734484184,0.04791033356864746,0.15284717613661206,0.23889889753440574,0.2892676193119164
0.041826714994880165,0.010191404180034086,4.104116984862853,0.1973739642600991,0.08197811057063224,0.23294630409940428,0.18074121860010825,0.3069604024697562
0.0405123955520468,0.01354288502327684,2.9914154541234086,0.24317399044489843,0.12230254795157051,0.3301955366186667,0.22661632725936687,0.0777115977254975
0.04152864725162433,0.009403808332326132,4.416152029478017,0.17451029234069332,0.29390826733018754,0.21865725571510478,0.0926066862413767,0.2203174983726375
0.041779708275478916,0.010294794220110754,4.058333501592753,0.14513747040726435,0.27870745285086823,0.2704425701332531,0.12705196228548551,0.1786605443231288
0.0402714571231544,0.012758028666995,3.1565579741434973,0.2950026502266593,0.07846390099268362,0.2508063596178804,0.2089577212402164,0.1667693679225602
0.0449268486950533,0.004589874174785152,9.788252789556324,0.06607350575504359,0.09829269270173457,0.08599563878668678,0.28194444715777256,0.4676937155987624
0.039646757873424136,0.013242540634943081,2.9938936165170804,0.3798965403338975,0.010935560421129443,0.11853983518883324,0.06810179061399116,0.42252627344214866
0.04244435040692325,0.01208648307412013,3.511720501872552,0.1280604002949623,0.10941904584377864,0.3374621597619414,0.3023021332365125,0.12275626086280524
0.037560457800578234,0.018077363310235572,2.07776195875375,0.543234798034813,0.07861046367931067,0.015695856435850117,0.06678539486903028,0.2956734869809959
0.039971437184224516,0.012255630749238574,3.2614753171074358,0.2938722051460722,0.1649415273385304,0.22747621535516793,0.0968995728095271,0.2168104793507024
0.04057116379870765,0.012360659577752746,3.282281462692282,0.26042599632543034,0.09643143178426619,0.26928804781630694,0.17207802002832578,0.20177650404567077
0.044088585129110014,0.006240480955227743,7.064933848115722,0.07717809843427777,0.19682383370832826,0.15639815447891905,0.2927158097642895,0.2768841036141853
0.041732390361068294,0.011231268185641307,3.7157326912041295,0.13674326073068435,0.3264103889793672,0.30501767433986476,0.20352051793086134,0.02830815801922227
0.045285086156822155,0.005272732554500981,8.588542219567971,0.1047645436417379,0.05008820888642816,0.07036403034320383,0.6365434198193787,0.13823979730925143
0.04038926696275366,0.011293710371611714,3.5762619753626415,0.2517161134110677,0.23192206174181254,0.22996059726764992,0.07531357355776933,0.2110876540217004
0.04117545832443644,0.010123666950715584,4.067247423773258,0.2871536489709657,0.2618448064387436,0.08545796083504441,0.3319212787111953,0.03362230504405093
0.041653028294864225,0.009593164657212425,4.341948646065222,0.2614740482529544,0.19294738066735045,0.11069595301346509,0.35708941687223067,0.0777932011939993
0.03914350683150739,0.012666126985787129,3.090408526255182,0.3559947472842692,0.337520536037218,0.1375881911559139,0.1164361889732348,0.05246033654936396
0.03924764281545028,0.014139984887763935,2.7756495588204846,0.4217962903107815,0.28886017154647053,0.014630350413635917,0.23521893984347111,0.039494247885641
0.04211698278230423,0.008899428870966066,4.732548952630966,0.2557121822427762,0.22683669942903048,0.03692325541611618,0.3636169823290463,0.1169108805830308
0.04195022614149639,0.010394188108479181,4.03593101295473,0.152361053437679,0.179810614810449,0.27077002064316236,0.13894707715669996,0.25811123395200974
0.042706389823697614,0.006749472714561053,6.327366837347826,0.15812109468888913,0.38206595483403305,0.10508194932726937,0.3152463299242066,0.039484671225601835
0.04060982281280649,0.010314474989232639,3.9371681888995225,0.28141425519128394,0.27224907901255047,0.12620574687213418,0.14952871132778486,0.17060220759624645
0.0421810581619328,0.010889756550672976,3.8734619975802906,0.11850530690032583,0.29060919721174,0.30098906478323584,0.22623946685449892,0.06365696425019932
0.036642423599666296,0.0190148054139758,1.927046993220045,0.48059685665388413,0.06015138211829572,0.32896300099649767,0.053899927230992684,0.07638883300032988
0.044305293825255804,0.009879305245409437,4.484656838176237,0.009253292057197026,0.1637093476272128,0.2881562846385975,0.2349755183973279,0.30390555727966495
0.04155217013606341,0.010710258923829437,3.879660653545292,0.3137998944271329,0.06516337337610659,0.026654768012326687,0.2907138301207607,0.3036681340636731
0.040088112325133526,0.013976648150251809,2.8682207560910293,0.23983143481129368,0.10587600046595884,0.34928270282657414,0.032606006652706805,0.27240385524346666
0.0437829230411664,0.007776851857030583,5.629903185256756,0.061344309176137916,0.3334119340252934,0.21281266526457637,0.36584149127728505,0.026589600256707285
0.0379609599432779,0.018296153570817923,2.074805493752798,0.3522365088416507,0.09193451496241954,0.43301583475683053,0.07611970401902814,0.04669343742007101
0.04201944196293904,0.009636815159372,4.360303821130602,0.27057229776310115,0.02410521941138267,0.0851912454364089,0.3129201561088519,0.30721108128025537
0.04014617643206247,0.012673147271014392,3.1678142432609055,0.32617567531236663,0.12453183941232605,0.20165229862927342,0.29532781641282085,0.05231237023321293
0.04065693258585459,0.01342034192017776,3.0295005021240224,0.25277591018568063,0.03401782298196887,0.31867843790802136,0.22238913558574094,0.17213869333858822
0.04237954952970835,0.00883666031072941,4.795878537760629,0.21259346746727523,0.07954210777888747,0.15171309129629343,0.3189032636237928,0.23724806983375113
0.0400577958492319,0.014402209137804276,2.7813646827335967,0.26602290050561966,0.09812822667952473,0.34696775364245774,0.19703150019590285,0.09184961897649493
0.040992590857962155,0.010828172992440974,3.785734757523603,0.2837257287718535,0.1523566083811956,0.15874126211542292,0.29502538576827414,0.11015101496325373
0.03839577468976192,0.014596822087500369,2.630420132519201,0.3687685407133553,0.27175078503133476,0.24757224994234722,0.09166935205025882,0.020239072262703835
0.042878738532545924,0.00844136100409113,5.079600139333529,0.23808697953236557,0.005531436770225037,0.038614429885655985,0.323766061472917,0.39400109233883657
0.0435498247652998,0.00972651041888909,4.4774356773139425,0.04971730520162938,0.2168401803099854,0.28114485114368487,0.2200004703867746,0.23229719295792578
0.04211411670801417,0.009200402231608895,4.577421252662948,0.24189048124402213,0.07758080724671595,0.1245815249253386,0.3276930497886862,0.22825413679523712
0.04089601856891653,0.009440369550928274,4.332035769181855,0.2669552136552446,0.3277439449217241,0.07830336604927383,0.10883807479396347,0.2181594005797941
0.04374879983893,0.011902365280186084,3.675639153148728,0.010543897249721795,0.24727011150236738,0.3500661544894444,0.26424957971631463,0.1278702570421519
0.039970533422233334,0.0138946462594596,2.8766859318221965,0.26530612720610175,0.05350485611813684,0.32783806820611083,0.036974485682883605,0.316376462786767
0.04064044648802228,0.011219483744227089,3.6223098508372593,0.238756365657975,0.20558509943920864,0.24012438439042627,0.09602174375374081,0.21951240675864933
0.04169953011934549,0.008863736020867232,4.704509477851709,0.25410419602950796,0.23952140937701888,0.04875879789491694,0.20138296534360042,0.2562326313549558
0.041496606732491184,0.010661868872651494,3.8920575021263994,0.31282303275701273,0.16242119547118983,0.018352211504627403,0.3553339348241734,0.15106962544299662
0.04289402424169499,0.006890494927729629,6.225100619271232,0.15727025313865137,0.3309053696346174,0.11500737961199296,0.36368286374792635,0.033134133866811945
0.04210574697916849,0.009274516353059134,4.5399399145250525,0.16471829503226917,0.21477088245971152,0.22143763764993937,0.2054342893505751,0.1936388955075049
0.042478041600109914,0.010532165993115104,4.033172438402309,0.08967569235415675,0.31083186823443937,0.29837099294208985,0.17183084471367152,0.12929060175564244
0.043126358476002366,0.010873910835290804,3.9660393697580862,0.04943160699684988,0.2671979999794782,0.3169212264692241,0.18276473213692296,0.18368443441752483
0.03900932139487654,0.018467484113587573,2.1123246217482965,0.2881312222797765,0.013963555658112503,0.48139819995929817,0.1456989815387837,0.07080804056402927
0.042396137072809696,0.014837834187982365,2.857299558391593,0.002781561079513669,0.43427917782047215,0.4374800909396604,0.04830211508901017,0.07715705507134359
0.04017940086509216,0.014385498877626255,2.7930488338908512,0.22653627748598398,0.09392391719487883,0.37215751474694814,0.029354861442609608,0.2780274291295794
0.040418769258919185,0.011519174846647048,3.508825050145333,0.23256773266999328,0.28248153663735287,0.258064202037767,0.09305294856503676,0.13383358008985013
0.04231301907219959,0.018834447360432594,2.246576088082668,0.037143330056964755,0.06607378824017376,0.5604622716246291,0.16035461938060042,0.17596599069763183
0.04367031762906423,0.00991538187549241,4.4043001245371105,0.039612046277888384,0.23534311244950096,0.2880044419507955,0.24612176841166752,0.19091863091014769
0.04015012613768606,0.01357288056021199,2.9581138623869956,0.28264694346036284,0.14049411626060485,0.2987265956191986,0.2775329279143383,0.0005994167454954178
0.04199644410443794,0.010036732013930912,4.184274726688645,0.2881599731506878,0.1563198488868885,0.050941315375639826,0.49988265849003877,0.004696204096745044
0.04108513071463659,0.00926281433792159,4.435491117039421,0.22979551551241173,0.3110017375979918,0.1517002431176486,0.11683603565071761,0.1906664681212303
0.041442282558817115,0.01000894202515511,4.140525787307163,0.283074280005385,0.08451515316824285,0.08819102539572214,0.21359132989729884,0.33062821153335115
0.040262280842568755,0.01795220658912446,2.242748301869468,0.15529850540106913,0.19605093437496962,0.5168985042626709,0.09170031194893828,0.040051744012352085
0.04180497892142228,0.010058223779286155,4.15629835235076,0.28405826070222384,0.011688304010005727,0.08690647656829775,0.29968984759738815,0.3176571111220845
0.042342777881275814,0.00889214249896699,4.761819537439354,0.17496862811151717,0.13154496027691442,0.19751472118015553,0.22054614780996296,0.2754255426214498
0.040805477646553845,0.011921377869201255,3.422882664593187,0.2385608193476554,0.20005707932507266,0.26909950787952175,0.2521851558114417,0.04009743763630846
0.03931318529137599,0.012040579628034348,3.2650575392435623,0.34246510124623575,0.3192193797186406,0.11488316177341114,0.0072254703752109295,0.2162068868865017
0.04034182331203761,0.011205083799946417,3.6003142887901047,0.21556977028830493,0.36856166767854764,0.2579455220220042,0.03761032044872655,0.12031271956241658
0.038789314231948334,0.015679051338343984,2.473957983483792,0.36749368814021843,0.0156944503613119,0.30675826216444413,0.12156884811413846,0.18848475121988717
0.040980687257969654,0.01260008485702981,3.252413592683529,0.24010566744059347,0.1130797306433022,0.29479810921571975,0.31355499699594735,0.038461495704437
0.04266199831509057,0.008722683333509458,4.890925955227366,0.11824827769005623,0.2353970586879655,0.2282059900941098,0.17222183575341982,0.24592683777444868
0.04424553724151048,0.00954578634099109,4.63508564522477,0.0450169850438858,0.049435832265691454,0.274961358241121,0.2899515200400812,0.34063430440922055
0.042465553587394206,0.01099982695893303,3.860565602162283,0.08623812700549906,0.24616763472179917,0.3147914062181506,0.10656078748278304,0.2462420445717682
0.04090695146353068,0.010539670310412638,3.8812363440929243,0.2719402986125539,0.09134296918395043,0.15996808187025613,0.09214770008732422,0.3846009502459154
0.03961652116083229,0.012729211828275007,3.1122524862720353,0.37627228361333614,0.19200563908355434,0.05586162080514961,0.07143085128910609,0.30442960520885387
0.038067413050015105,0.016060727313146637,2.3702172577735454,0.44251755902088946,0.012841614743114387,0.20862782958254847,0.04232079999819224,0.2936921966552554
0.04396181518802845,0.010275021811088704,4.278513077274958,0.021118266555144757,0.26412290646200576,0.299285785578717,0.31794192045704694,0.09753112094708571
0.04093879589880177,0.010480266296300262,3.90627439621968,0.3075467157998138,0.24443963066002306,0.020060547663739454,0.15608097687492228,0.2718721290015016
0.042075606357801235,0.010104083988768223,4.164217795949915,0.132607199932247,0.16274824391457415,0.26854818775392925,0.02366454771104784,0.41243182068820183
0.04482117405552481,0.005170465856656275,8.66869162240451,0.11707905466114196,0.017897262823008714,0.003571791010911843,0.2681062446118395,0.593345646893098
0.040525303465022706,0.010511081387554235,3.855483748133389,0.26442254206959387,0.29418958813897983,0.17217688078888171,0.14474763216496958,0.12446335683757487
0.04400575048176292,0.00729356317412055,6.033505082660655,0.01916241221507992,0.37547056689844743,0.20483250650834445,0.18786193849723937,0.2126725758808889
0.04135666253132175,0.010760816352471173,3.843264411981567,0.24146884363189672,0.06825217552084914,0.21585081006332849,0.2161150550652484,0.25831311571867743
0.04546361763689909,0.006908676203239901,6.580655439544035,0.0035216390123133587,0.0691040235310161,0.19103335762129517,0.34493720805896766,0.3914037717764076
0.040944811831197615,0.011326103130097477,3.6150837901513286,0.32310493164227955,0.11522129750449137,0.10025781164934314,0.347316180318491,0.11409977888539495
0.04050957916128552,0.010338380799863033,3.9183678707039116,0.25228274867036937,0.3807872661689064,0.17781053798431778,0.17263456045792366,0.016484886718482725
0.04130039010723117,0.009486823952406022,4.353447509348656,0.1611461343661876,0.44280867206799013,0.2285682050149098,0.1003967212563364,0.06708026729457611
0.0436898114347595,0.008928680349043754,4.893199188101589,0.03984371106217169,0.2762902547127497,0.25679374753866596,0.21734946751834192,0.20972281916807076
0.04489223219299196,0.00446820688355357,10.047035279013114,0.09020972081599825,0.294895490943398,0.03530809206633365,0.5454038763348167,0.03418281983945337
0.04136002327876881,0.012901534915595914,3.2058219079631436,0.1840365100446667,0.0002481410504977122,0.3416058285053083,0.0722059063090445,0.4019036140904828
0.042943595103920144,0.01138475647222011,3.772025796836903,0.02228348134860568,0.4158921306959214,0.3327177303635021,0.12654084178022612,0.10256581581174472
0.041252021806453126,0.012116371865633873,3.404651348103454,0.13880859546552077,0.32148877513209756,0.33451036997754896,0.06802521225642788,0.13716704716840486
0.0415660492703739,0.014521601160565268,2.8623599292377135,0.150516897479311,0.07772838164133938,0.4097056263241203,0.2192055664926099,0.14284352806261938
0.040154541964592595,0.011511656882294273,3.488163552403396,0.25909434719960894,0.22388619432724116,0.23149844704472664,0.011726859063357284,0.273794152365066
0.042814789690723644,0.007998156723174858,5.353082112865671,0.22710834932870472,0.19907809839036378,0.004182808309958223,0.3547119710101993,0.21491877296077402
0.04153838241879573,0.009837820122433378,4.222315706309259,0.21205337112682618,0.16845752381727758,0.20473957174098834,0.1780741643205367,0.2366753689943712
0.04287590651883415,0.011210116655279986,3.824751145532417,0.10063195226150877,0.09019580672899996,0.31800211629042974,0.22376885251058676,0.2674012722084747
0.04100533810840078,0.010918683286602539,3.7555204260494683,0.21994029165084156,0.16992844118928882,0.24450972827205822,0.09898034671445556,0.26664119217335586
0.042422048800096875,0.013656583558124599,3.1063441760189776,0.04869277137744907,0.286705575214785,0.402530523248552,0.11427186252160045,0.1477992676376134
0.042417676746228,0.007769898013915681,5.459232112218084,0.1338586164313932,0.24728627541842327,0.18093939299263856,0.0473127173095073,0.39060299784803765
0.04062410985683511,0.014302266962771443,2.8403965582924005,0.1392333672331365,0.3633133817354159,0.40462210487108036,0.02772185781702899,0.06510928834333822
0.0409778303825231,0.011090850280725907,3.694742003120888,0.3268920720632259,0.22355265621469575,0.011291866277996384,0.26718141201216355,0.1710819934319183
0.043764080256507944,0.007603875629721121,5.755496589850593,0.03216508417232759,0.29117783424811855,0.2135875567297333,0.0876502680684282,0.3754192567813924
0.04385077190163707,0.006174413481460188,7.102014148114161,0.125471213975928,0.12253306286682678,0.11745915674367478,0.33047448298562937,0.304062083427941
0.039644298384729784,0.014049832025137541,2.821691982779537,0.32248584182889234,0.08189005658981811,0.28078686822933646,0.2046171377730081,0.11022009557894487
0.044892247446543826,0.004477142217690606,10.026987141297488,0.01557681175300306,0.3598054994803683,0.10591497007781546,0.27755699217841107,0.24114572651040211
0.043920941486750256,0.009427554609948086,4.658784096610193,0.0014931662603428102,0.33367961878160207,0.2732708299469025,0.16324894457671876,0.22830744043443396
0.04182579061969465,0.008013740902023937,5.2192591613651,0.22297878503554458,0.34836120409579513,0.06284678588760845,0.20882921985930114,0.1569840051217507
0.04264926163109466,0.008215896411692132,5.191066134962465,0.22474802866324545,0.22025820901656532,0.06996566139885387,0.47745323127569744,0.007574869645637969
0.043499119501148056,0.01225947607451417,3.548203792458715,0.005867491566068025,0.2175296129025542,0.36136929801234635,0.10464802619912528,0.31058557131990605
0.04011989858532146,0.014464287129695939,2.773721112252619,0.2599552203154095,0.03383023613233102,0.3540615232771986,0.12109917780850075,0.2310538424665601
0.041661175120267166,0.01508873568179341,2.7610779324961587,0.05852585939353608,0.3750302909344455,0.4442602329899651,0.05565310087271717,0.06653051580933607
0.04246156546190629,0.01379361101514644,3.078350217015707,0.11309718473488138,0.00480312946272172,0.3968000404375705,0.24079764055074143,0.24450200481408493
0.03964788355956113,0.012649223472863284,3.134412451848826,0.2924021633915106,0.25369838526206434,0.2482750645188432,0.10351944068017058,0.10210494614741127
0.04122909916383595,0.010434795208417329,3.951117232332274,0.19398837490842946,0.2305320413490901,0.24570132791994914,0.09309411817362394,0.23668413764890733
0.04165815194285034,0.009089342635982735,4.58318644276152,0.25158082039676566,0.1742056491249183,0.0931133787522649,0.2102820766722437,0.27081807505380756
0.0389560891615864,0.01263429512164351,3.083360708810075,0.36490431527220507,0.3600992178854158,0.10262436292897047,0.01855860282782964,0.15381350108557898
0.041683064286936564,0.01633280309677049,2.552107194335712,0.07732263107710591,0.1947570715146588,0.48191039452025614,0.08910044577984544,0.15690945710813373
0.04087960172939753,0.010453773283382867,3.910511603918082,0.3052901051454429,0.2143778736946852,0.01849477698693288,0.06807528348907056,0.39376196068386854
0.04315377810335583,0.010763286651918788,4.009349513669482,0.040920618974856576,0.25191093673441745,0.3142776936188275,0.10528698212858476,0.2876037685433139
0.044522495734707054,0.006519628153329163,6.828993109365022,0.08591521953254268,0.1439969192413111,0.15768698318238303,0.5038926439991847,0.10850823404457846
0.044838960574090043,0.003737946115530159,11.995614486735441,0.047043274363860105,0.3370359165641788,0.058957507439094135,0.32013790084854854,0.23682540078431852
0.041370479293951566,0.009828357964440504,4.209297162723626,0.1823092894856222,0.2374504575591463,0.22944217023959484,0.034930310186766574,0.3158677725288702
0.04055947651162296,0.010663100309600913,3.8037226823331816,0.2675944158936412,0.25472515078974883,0.17679468481105967,0.14852698464987962,0.15235876385567065
0.04427879428087164,0.010053719753350706,4.404220066519598,0.007015872273546723,0.23460047628469283,0.2929841303521641,0.30939384628766947,0.15600567480192679
0.043153487129073714,0.006924248754927304,6.232226578856752,0.14711594007187445,0.19863131521594488,0.13370024942128558,0.3003410252612608,0.22021147002963423
0.04440242524083775,0.011955502668810609,3.7139739307385486,0.0006475678779784603,0.011835202194599003,0.350946067645419,0.20978723979673458,0.426783922485269
0.04458998897394076,0.006702406282810189,6.652832892016962,0.07579364701090475,0.006057219099971218,0.17000899944705003,0.32245094853072254,0.4256891859113514
0.039139412052087805,0.013971714432176022,2.8013320943600224,0.3130029661317919,0.17146621873792106,0.28791162072471876,0.024912063915949495,0.20270713048961883
0.03818021003563271,0.016750769217296062,2.2793108507643702,0.35453082552809395,0.15204045748455403,0.36826339202984043,0.08464762940569076,0.040517695551820825
0.04218249432130054,0.0077627715680754755,5.433947650189365,0.19345035575725156,0.3344508896253875,0.11475113868811422,0.29497410124049694,0.06237351468874978
0.041817230421483664,0.008983395155110504,4.65494723313986,0.25625751569921357,0.19145387336073177,0.060154501252079884,0.2468113749998346,0.24532273468814014
0.043170402455979175,0.007534385448385623,5.729784167762376,0.20731312421565692,0.0906853038487569,0.05320990604685124,0.385017405770264,0.26377426011847094
0.039770412845248126,0.01275926564409174,3.1169829012584334,0.27018605843921784,0.23270151606767522,0.2769410920307979,0.05425173450903278,0.16591959895327626
0.04193286909223186,0.009626529897730742,4.355969340739977,0.27531189252181804,0.04266738437303449,0.06188487272825756,0.26163463802686054,0.35850121235002924
0.03831808191421035,0.018898488426475128,2.0275739016529,0.3238726475590014,0.017755090142084345,0.47590699343578907,0.06841514606996393,0.11405012279316142
0.0410329027250977,0.0108346601712387,3.787188714420612,0.23544638924493164,0.18619797650653547,0.22617538222956782,0.19479186398386802,0.15738838803509705
0.04281519295752803,0.011959729124289949,3.5799467122186996,0.10240060070601156,0.11763311623292196,0.3408894908813505,0.30970884309586066,0.12936794908385535
0.042523356888174185,0.00904676063411877,4.700395932639409,0.19979347855022886,0.15934259185340005,0.17456298776482784,0.46067708791979634,0.005623853911747001
0.04182202825053633,0.008788539630515927,4.758700536016265,0.16244288383062228,0.3512364998066165,0.20214857138788542,0.16780477772190758,0.11636726725296823
0.043167156353227265,0.0061574945951328695,7.010506576383894,0.10884334430483313,0.3305775895862377,0.13320857174778128,0.1865769040759058,0.24079359028524214
0.04035706160268089,0.018687967117350233,2.1595212228949556,0.1706228700753659,0.006223557573738767,0.5367565525840641,0.06994804717170082,0.21644897259513035
0.0408845159642674,0.011607961891257595,3.5221097680428386,0.30630127076178165,0.03711299814473067,0.16841836872755184,0.2942014568930063,0.19396590547292958
0.04192466879948824,0.011811264932564439,3.5495494376643055,0.10332865942815679,0.3613098545964589,0.3347002721806537,0.17791929491386793,0.02274191888086265
0.04395906864051923,0.006548783220146426,6.712555166780485,0.004342406996695304,0.4557321239702119,0.17754456375533473,0.07606822132140424,0.2863126839563538
0.03951919115115215,0.014845004283924382,2.6621205622653394,0.4430345121356093,0.0040803429823962345,0.027011975206169003,0.20065010583806725,0.32522306383775823
0.041737602920098496,0.00797399359459994,5.2342157571287204,0.22572323394992477,0.4255352676655255,0.020900858757696514,0.16126364862860157,0.16657699099825185
0.04215034943311368,0.010762960962021563,3.9162410401604535,0.12687735294895175,0.1819210368157815,0.29490824354215006,0.11857946625918177,0.2777139004339348
0.04330759317816971,0.008064848445606294,5.369920274417996,0.08469938470312324,0.3242610688047506,0.2169093145704477,0.3118197263892477,0.06231050553243072
0.0406850995717062,0.011244864409472933,3.6181049490852137,0.2559258075153041,0.24324343671297818,0.2218189646526176,0.23963824682586263,0.03937354429323747
0.03969702382271947,0.01589256822962629,2.49783567068272,0.23778407961131218,0.1500704173690248,0.41889443858681347,0.08942489165557073,0.10382617277727886
0.04007812112480433,0.013559080219903374,2.9558141462998098,0.28178172884361763,0.03647848010116901,0.3005145549946081,0.11002152372374942,0.2712037123368558
0.037017685119643026,0.016593853950682625,2.2308069740556093,0.4879725785723472,0.3407339732276132,0.11887667564155334,0.027480400790264335,0.024936371768222002
0.04309315498553899,0.00840620124207102,5.126353003526503,0.0600379993685894,0.39196452854431146,0.2353998454590424,0.16434351152577198,0.14825411510228495
0.03752480207804363,0.01777209970085069,2.111444495005137,0.5143762884271791,0.06442928441625484,0.16528816975573615,0.2556624981183116,0.00024375928251822677
0.040608046649651536,0.012062454352630798,3.366482928144304,0.2932550066585733,0.031555521266899915,0.2173160626079917,0.20024682274905908,0.257626586717476
0.041638066141990296,0.008649145794262337,4.814124669931235,0.21480998640461818,0.2537230790168826,0.13891635301256866,0.16116147250718504,0.23138910905874568
0.040430271357874484,0.010633172098064773,3.8022775315780653,0.2988370754511757,0.26892944803598695,0.10806753205713131,0.13569439111870396,0.18847155333700213
0.046099434091935516,0.0031279416442533676,14.737945695575577,0.005466353405270697,0.24573043984936319,0.0016299912411180417,0.33266327401278073,0.4145099414914673
0.04097563643722691,0.009672080236610195,4.236486405698778,0.2791778345991734,0.34442030716028194,6.53985227401193e-06,0.02952045144739781,0.34687486694087283
0.04149030569283143,0.00958948380242558,4.32664641263973,0.22114887957538867,0.19768198906874737,0.182618492422271,0.194839774199921,0.20371086473367198
0.03926737959244775,0.012491286662515491,3.143581654425029,0.3694301003810776,0.3763818542250511,0.0377498031098318,0.032268279553963865,0.1841699627300757
0.04180186595638307,0.00797833724392939,5.2394207813400655,0.19675513121823127,0.28440133891321906,0.12482162794041222,0.10259862319218564,0.29142327873595186
0.04298254285265897,0.005652910361442883,7.603613024864567,0.12418034046905672,0.40881386385324125,0.0882200299893718,0.17903307994627438,0.19975268574205604
0.04161864924793775,0.01067614188077521,3.898285514815185,0.2517624261442565,0.0028217539392993464,0.1979643203150382,0.28382475450771555,0.26362674509369044
0.039481314705100565,0.013252004894470317,2.9792710627185923,0.3586954105828235,0.021628769841982583,0.17759930920748115,0.017130071398666357,0.4249464389690463
0.040801279949505956,0.010860886856171266,3.7567171530124406,0.21415309189037737,0.2661736665700454,0.2466608000932061,0.08558779285303468,0.18742464859333652
0.043105165917520324,0.006318772722268719,6.821762359897582,0.10587352599008384,0.30675842903766104,0.1418602994717917,0.1298189815849363,0.31568876391552714
0.03976234906988507,0.011750616802684364,3.383852076667293,0.3466430208290234,0.40036379084988993,0.027544545390810454,0.10080992276406099,0.12463872016621512
0.042534621233722196,0.008010282017725155,5.310002961144385,0.1926553169335211,0.21480046249310836,0.13232812603817326,0.3588635258389273,0.10135256869627012
0.04021448667078029,0.011354689136494156,3.541663376897768,0.2585406509180598,0.3161683572537273,0.22408708689683154,0.13146044969803825,0.06974345523334304
0.04328727589775977,0.007288236081612086,5.939335034298868,0.0564999230432353,0.31296618173119584,0.19729566496644058,0.019479904793503203,0.4137583254656252
0.041864634161513786,0.00874620465986454,4.786605823852534,0.215947682791951,0.2715602583952631,0.14095840835324092,0.3073495872532075,0.0641840632063374
0.04243967069570358,0.011881427141340497,3.5719337576912844,0.07142614523709316,0.3434941656218694,0.3440274729373931,0.19252341294396352,0.04852880325968083
0.041329120645580426,0.013011897633325104,3.176256208758618,0.13188573941562207,0.32587344509271193,0.3655578371598729,0.1502235617882065,0.026459416543586554
0.04213582753946804,0.007934274535547408,5.310608720518765,0.19581881088386463,0.21751784225393334,0.12472092815744881,0.17151405238329748,0.2904283663214558
0.043377051692882876,0.007953876494968606,5.4535737033787175,0.08604976224395589,0.20124439262665442,0.21458489340323483,0.19286046445917127,0.3052604872669835
0.04131722518873636,0.010108691947284613,4.087296893030255,0.2921007240209207,0.245211894787775,0.05939228266964323,0.3395129901923667,0.06378210832929442
0.04503660099721904,0.007266542061815655,6.197803661507461,0.009492884813963416,0.17454229098403196,0.2045231027578549,0.3569417836021371,0.25449993784201275
0.04125405849406976,0.010656937220587545,3.871098950866797,0.2741322737342576,0.11189868476037543,0.16440199204131895,0.31473205299736245,0.1348349964666856
0.040179169469241875,0.011864431258811254,3.3865230109030606,0.34269340964593004,0.2232814841581206,0.09507142432692778,0.24638672241966889,0.09256695944935274
0.04551360752796443,0.004822186376288771,9.438375868622565,0.0017894400938761742,0.13945265937511034,0.11417921158936012,0.21927434626318523,0.5253043426784682
0.040300311012419446,0.011425022163432092,3.527372676913318,0.19539147083601607,0.42578611569479496,0.27990507903382855,0.003836113103922701,0.09508122133143773
0.04011824104100603,0.012427696972444082,3.228131578196681,0.2667134002989755,0.17303227004535107,0.266217597056805,0.08881683138728359,0.20521990121158487
0.04207457332891791,0.008641775324803298,4.868741866981551,0.24826125997018872,0.313757148484579,0.005845038280816693,0.3062123141795807,0.12592423908483485
0.04068651023898282,0.010709013147815864,3.7992772702198954,0.2672846953806555,0.1737407468355475,0.18009970027395308,0.11462658696181982,0.264248270548024
0.04327868609192634,0.00836195459183819,5.175666241260045,0.10432902999738154,0.19451676738285786,0.2213615834224581,0.2934186495945986,0.1863739696027039
0.04164593131384032,0.009855394632016996,4.225699007378775,0.21202635919994872,0.15125345729757567,0.20549297128914729,0.2101128619911631,0.22111435022216522
0.04011758847750875,0.012212855146007734,3.2848656598226182,0.35578160970138006,0.23366839707093306,0.08352342217812311,0.2937006840682515,0.0333258869813121
0.04372811768133008,0.006015929452270336,7.268721820670227,0.07468728553647214,0.27021118249864523,0.14840585857643113,0.16988679474450222,0.3368088786439492
0.043253158630933514,0.007029705033410554,6.152912309316153,0.17595885848382944,0.01462960038094567,0.08333031462581403,0.1829392072282294,0.5431420192811813
0.03959010274437041,0.012725424740922428,3.111102658684274,0.3637137178894578,0.26510730735980653,0.11956849648560539,0.24459821507204574,0.007012263193084453
0.042483310161470986,0.008231020499723702,5.161366098273849,0.23523897847678082,0.2119485620452746,0.00752037044393619,0.2818901677174856,0.26340192131652285
0.04092885140279858,0.011994625393516586,3.4122659157760538,0.16381522694319373,0.33769095247941827,0.3196823986843357,0.07609767343555018,0.10271374845750214
0.0416339221461312,0.008839183025785846,4.710155002410954,0.2004985265205517,0.2739666984569824,0.16912049091786216,0.16663447967872766,0.18977980442587608
0.0432508774650616,0.007869380155010737,5.4960971020725315,0.16968466830948603,0.020863862858102877,0.15270979911564758,0.34672383457599776,0.3100178351407658
0.03915262573837351,0.014590431085867639,2.683445438174677,0.38953193685840115,0.06419157910889405,0.2125099164454655,0.24559467582799321,0.08817189175924633
0.04306357968655605,0.00931493655370658,4.623067418469993,0.07822805989670004,0.30440785321500524,0.26151967674443477,0.2519190183508486,0.10392539179301148
0.04101582332392299,0.011788592175211698,3.4792808771660164,0.3406375649768087,0.015507038121738414,0.0873464436058112,0.34835509699545414,0.20815385630018762
0.03877743067785486,0.014313386705495194,2.709172292743787,0.4265667076871652,0.20826963327003659,0.03691291645329756,0.007881526030772603,0.32036921655872824
0.04302922547687545,0.00932485480018184,4.6144660049866255,0.10308357326824862,0.11288402030791765,0.25472796802814945,0.1587127677821766,0.37059167061350773
0.04129960237543749,0.012644976802941871,3.2660876345640335,0.200817456295249,0.046081061491281335,0.32446385024331664,0.17607826065325347,0.25255937131689965
0.04473808196569882,0.0061236172232822,7.305826006825365,0.002311833997561502,0.3673289559841297,0.16586675788222144,0.2899052989766857,0.1745871531594017
0.04048045331342165,0.012812598551513498,3.1594257129549934,0.2863698781575492,0.06635440158922756,0.26239666097383135,0.26386464981537405,0.12101440946401772
0.04246086266456513,0.012215048564703295,3.476110834897569,0.10712051446056724,0.13426416285666717,0.3486099536674494,0.21804306217240008,0.19196230684291607
0.04366847532719713,0.004153816974536671,10.51285494639976,0.027856343960921653,0.6575501170689673,0.06499586043803042,0.03642972146388986,0.21316795706819078
0.04097080567598786,0.011276304889547046,3.633353840402732,0.17422614296904237,0.3278404330962805,0.2893141625137809,0.07236971608387062,0.1362495453370257
0.040666320226219764,0.010736798763121714,3.787564722354549,0.3116204905491106,0.21051567637986818,0.0696904108082281,0.15818065554901226,0.24999276671378093
0.04021624464634951,0.012583131661372305,3.1960441747427093,0.3732973203901366,0.25384931067330785,0.0062119309228576705,0.2704179588886056,0.09622347912509223
0.039405271839735065,0.013548213694577465,2.908521575468405,0.3975264331059169,0.17700493888838728,0.09203901118986818,0.21576228334307931,0.11766733347274826
0.04326147114578314,0.009704090186100394,4.458065652331683,0.08395050607392306,0.2040764757882607,0.27316894733473845,0.2972368748321091,0.14156719597096873
0.04396146895440839,0.007467747275318572,5.886844765047703,0.03215299379105963,0.23293964715191576,0.20878124804048295,0.09480697731885887,0.43131913369768266
0.03927497103210328,0.015127825313059895,2.5962073344538874,0.3569884812163794,0.018963386738995478,0.29161094391728465,0.23663069004233234,0.09580649808500825
0.04267811481317953,0.008995503522938172,4.7443830914358545,0.25787227795175327,0.05222891180216986,0.02817892150317526,0.40335483439338105,0.25836505434952056
0.04280902759022787,0.011066797784473524,3.8682397947388183,0.08461868308925517,0.150386565040229,0.3174882613783043,0.14660750631412467,0.3008989841780868
0.04098443668404132,0.01104665664235534,3.710121352636043,0.26006918518902467,0.10301968822574656,0.20834320699611653,0.19771350038304633,0.23085441920606603
0.043334269748221584,0.007209783067908423,6.0104817773377155,0.18473258581006013,0.026370632306775145,0.08634600455788817,0.31125575148594975,0.39129502583932685
0.03997065804994647,0.011566455852981045,3.4557394726617794,0.33996234555719884,0.26245634430136283,0.038112069390897174,0.007773947311158118,0.35169529343938294
0.04234822515896517,0.0071615470287644265,5.913278931056809,0.19471287664409456,0.2774129278620087,0.05769634015310493,0.14440105664396077,0.32577679869683096
0.04385770849801194,0.009488594982855697,4.622149915478053,0.07052477146332585,0.02528683930790123,0.26856746728208836,0.2443474964027819,0.39127342554390265
0.04118540555368764,0.010162978762537864,4.052493517501257,0.29705229144265566,0.24559048006627385,0.006277881586679507,0.1574241820562225,0.2936551648481685
0.041272095027199286,0.009889332080132662,4.173395603744924,0.16259798019862204,0.36075765737390264,0.24465112774854184,0.04104107736518124,0.19095215731375229
0.040303096687381454,0.012992543738104163,3.1020173954990566,0.35135939438746067,0.03301816663349195,0.17408405379777864,0.3622009222180706,0.07933746296319821
0.04284427996931439,0.008785863558822608,4.876501858066181,0.10590541391572224,0.20975271172893023,0.23578688696953634,0.15764259683689438,0.2909123905489167
0.0403366083086763,0.01221147035441262,3.30317374877798,0.35933595642271754,0.183850949046175,0.06223974689679004,0.30015437193787686,0.09441897569644048
0.04070394401271425,0.010645826511937179,3.8234649012054507,0.2893061299276437,0.20154266987942912,0.13527603201276825,0.19098368102229313,0.18289148715786577
0.038999897831164615,0.014991341042478687,2.601494937688131,0.32245389301021243,0.07474829105468891,0.32364840038137255,0.010928605893618965,0.26822080966010714
0.04151099600062313,0.010349372631179675,4.010967377439138,0.3030887191428472,0.12986507833987065,0.024080251754110243,0.2651887602841757,0.27777719047899607
0.04167590362178831,0.011783759607182772,3.536723847997105,0.13529641589134478,0.2086610298091908,0.3256977172511704,0.07727035136529532,0.25307448568299873
0.041869756804833055,0.011586751046676376,3.6135890584136843,0.15975355662199908,0.06470402452265825,0.3084442022224233,0.12044873388543154,0.3466494827474879
0.04177317130976309,0.008780109609156967,4.7577049910854115,0.20875342773171315,0.18878419428652154,0.1553195749498775,0.14701431235990772,0.3001284906719801
0.03958937820834248,0.011915581675208873,3.322488090590718,0.30510118382489304,0.3484184191037341,0.18962821328524526,0.1177338844861959,0.03911829929993184
0.040280294893047325,0.011798524157155096,3.414011308238052,0.29852587385872104,0.15962119768853503,0.195731984019414,0.18040303716675846,0.16571790726657146
0.04015400221536093,0.013189248818718195,3.0444495184876894,0.22971922885843452,0.20447144045830465,0.3265091199366662,0.04665728656743856,0.19264292417915602
0.043951140585525045,0.007955741388278233,5.524455665474676,0.02326644593085065,0.2972381662872947,0.22674473847315127,0.15760320694945443,0.29514744235924895
0.04125698041534487,0.010333379478694768,3.9925931782925415,0.2142214618458472,0.10724481445936003,0.22245983183238235,0.033348580288632385,0.42272531157377785
0.041405467627141354,0.010575884543247486,3.9150831741613525,0.20365537524127303,0.21183476665102216,0.24364624324956133,0.2205433553783478,0.12032025947979558
0.044065404318269594,0.01021119278173147,4.315402251253707,0.03774566272452697,0.11879069895216843,0.29719079584144087,0.3019650724098403,0.2443077700720234
0.04178226130992817,0.015045819018460105,2.777001455265707,0.10197537647612276,0.09699672732277641,0.4388532757043507,0.0707914122221247,0.2913832082746254
0.043305619350775815,0.0085415127211564,5.070017544259168,0.12221981164291336,0.09758510070516631,0.21887411865482445,0.3100537480762296,0.25126722092086634
0.04166857098851411,0.01178007844869046,3.5372065788871065,0.16710727601454722,0.15148450474993932,0.31198881238241494,0.19871109756575356,0.17070830928734507
0.04213186542604805,0.00961956595556923,4.379809403110946,0.27915307623847607,0.09695187459738124,0.02605597950543527,0.34958179525923894,0.24825727439946843
0.043188645719604374,0.012408891116010004,3.480459721649278,0.06054103160635399,0.10943987251363974,0.36349253855488983,0.23295327792286658,0.23357327940225003
0.043291934182648456,0.010943840063648479,3.955826650505317,0.025854829214337502,0.3471707876929609,0.31986664906769274,0.19625973601651192,0.11084799800849701
0.042134498121520585,0.009002166556213713,4.680484176604953,0.17755651300877637,0.21197613812783211,0.19995692411397345,0.24852062898561691,0.161989795763801
0.04112168695398385,0.013698685929288426,3.001870921506695,0.15065296857713897,0.2335253241976175,0.3828482821407832,0.12444422055857543,0.10852920452588481
0.03921554479436702,0.014555432788796249,2.694220457982699,0.29402519849048997,0.180279564251688,0.3312373319978425,0.05828446391339932,0.13617344134658022
0.042510052276108656,0.010216446512465732,4.1609430660885325,0.10081485678755034,0.26242261065559064,0.2855341013347294,0.17147281797015523,0.1797556132519744
0.04320252159962883,0.011988150553443612,3.6037686886755735,0.0467003865762816,0.24824036890779597,0.3509880804287163,0.27515513621054855,0.07891602787665744
0.03782056064949275,0.016859239263485103,2.2433135954958012,0.5063270072665779,0.23967123927105582,0.024520375773274736,0.14611755045504732,0.08336382723404423
0.04436201765634448,0.004686255439876184,9.466410490316031,0.0655233299196374,0.26606426570141783,0.09792827266179288,0.25316762102453855,0.3173165106926133
0.039915267824492784,0.013348450013506217,2.9902548823350843,0.2459296375756064,0.20787399244765736,0.32123827424300544,0.04157837497451816,0.18337972075921258
0.042592122690170736,0.00876043968460044,4.861870433859775,0.13517432366445137,0.22520300713892602,0.220641328947319,0.22986776809054638,0.18911357215875713
0.04216467946994323,0.009308818021795805,4.529541706714882,0.14347628815564326,0.2238804108043246,0.23615860528837862,0.12993571069639773,0.26654898505525587
0.04009510788409561,0.012042826242589465,3.329376931662372,0.3562737660713967,0.2078911547119802,0.0282176967205979,0.09142543590889325,0.31619194658713184
0.04449183330010238,0.0074120394445393355,6.002643892145071,0.038180712764318885,0.16137304924818124,0.20776251342215787,0.3017060152888427,0.29097770927649913
0.04042120639089751,0.01202840134515152,3.360480352377894,0.35298922503727614,0.18829756922971327,0.06569920793053163,0.30928407626876525,0.08372992153371371
0.042255259449336,0.00785890447019546,5.376736618899894,0.1643464212974838,0.2871312864646771,0.1611243695508,0.18901162185233727,0.19838630083470185
0.03961255116515689,0.012508634283757295,3.1668166377359483,0.32519221822448097,0.17034479143516146,0.19483214909803187,0.06891321274512456,0.2407176284972012
0.04124028824976306,0.012749553795508062,3.2346456127972796,0.13747072479262737,0.23594810845413253,0.3563020129072261,0.008166634476569021,0.262112519369445
0.044151106378076115,0.00485845833823447,9.087472466445048,0.1055253416526642,0.16997906794833303,0.021119838424088964,0.10310250443221407,0.6002732475426997
0.04127945289679528,0.00978073495153102,4.220485791850809,0.24939446628394554,0.17979168303670987,0.15281946458041396,0.19406791902706147,0.22392646707186922
0.04198805880809881,0.011704926609189816,3.587212479840155,0.20717174768720792,0.01407621144857898,0.28300662441949415,0.39279767715386443,0.10294773929085457
0.04225215247518749,0.008836394093922163,4.781605712249673,0.20020008389481697,0.1560572581644944,0.16866760106599288,0.31161827341342985,0.16345678346126608
0.04162967625462275,0.009642567355608095,4.317281354577319,0.2809377499660289,0.23573330294340153,0.008253346126315104,0.24435783681259057,0.23071776415166398
0.04058777304576401,0.013368829091770533,3.036000592658386,0.2122793030468734,0.20419231624250372,0.34340217315080485,0.1745870669344027,0.06553914062541519
0.041667991401823715,0.011997097241206824,3.4731727653840543,0.1502294620753353,0.12732938002585745,0.32699109400466253,0.08588094404690401,0.3095691198472407
0.04325996880555763,0.006533877600435881,6.620872237133998,0.12868816817416062,0.23189290040405136,0.1339442640683625,0.2567880958155817,0.2486865715378439
0.04446882091623299,0.004523165739839301,9.831348987404755,0.07280151349845032,0.2696022539907183,0.08432840801188056,0.32348525385891674,0.24978257064003392
0.04374636416571823,0.00707602525771002,6.1823357849171465,0.11445588474274956,0.09694644644416772,0.1671701211109615,0.311601300820291,0.30982624688183025
0.04435759782213937,0.009774139726031797,4.538261071099718,0.02234581016679612,0.20238515950954386,0.28310413180150323,0.39205465243448834,0.10011024608766836
0.04311149168063309,0.006949869363815816,6.203208927219718,0.11457382138646949,0.3026286111801161,0.1628471062980994,0.2542906375996959,0.16565982353561925
0.04231638482345563,0.00720686151847423,5.871680025345411,0.17984738862202593,0.24055026420456424,0.10031780239944883,0.09661922298317813,0.3826653217907828
0.037844762424999345,0.015013668084991723,2.5206872971189846,0.44574467001027984,0.3784273150267974,0.07034753674307274,0.015503599306700571,0.08997687891314937
0.04088219245378116,0.010571083321972263,3.867360724402436,0.276416263974121,0.2406188738056856,0.15418784557520435,0.28556880577930294,0.04320821086568617
0.042974417589787255,0.007722913628397303,5.564534275220882,0.19569773272227667,0.06412613163712218,0.10724731469549727,0.32903898217791167,0.3038898387671922
0.04246695426071784,0.013028231215545784,3.2596101157649584,0.06536929496125868,0.16024260535546878,0.3817583274205984,0.03939721311540597,0.3532325591472682
0.04137393668350159,0.009466474392008763,4.370575038836834,0.25049591063054416,0.12470001198899175,0.12562392421273882,0.0981766652563262,0.40100348791139917
0.042326796637498734,0.008106005324183608,5.221659121197487,0.1869734547646014,0.28140370226631534,0.1450003204557092,0.337848461081482,0.04877406143189212
0.042935513888084795,0.011469534420791919,3.7434399961563822,0.03312687255856864,0.3441549723688849,0.33600946891526157,0.1225359632271235,0.16417272293016133
0.03830766760046046,0.016470655382949673,2.3258131938159754,0.48917812115241255,0.05331474307571005,0.09359159579146474,0.21975769302939352,0.14415784695101902
0.04140013319924119,0.009605439495800165,4.310071727310633,0.2229797539830629,0.23726991363590996,0.1808510622745973,0.2099889503599343,0.1489103197464955
0.04033010917364428,0.012808538600470872,3.1486893572824655,0.3570811499480863,0.019769637047948728,0.14693512779773465,0.3214113138312019,0.15480277137502835
0.0430143237172254,0.012212647448751451,3.522112948705723,0.039631062810716024,0.1741032664171861,0.3590398331961901,0.0615569184899368,0.365668919085971
0.041096717295967596,0.01023412450430201,4.015655396677284,0.2899194271629815,0.23751972422666795,0.09131172026723722,0.3010755659286978,0.08017356241441544
0.04124504620611522,0.01038431629205361,3.9718595857559893,0.30469196647080443,0.23769517270893095,0.018406200491680486,0.2688570664831967,0.17034959384538745
0.04281992830230941,0.008297761897438338,5.160419017991907,0.14599951186304347,0.13563366522485668,0.19566532538403936,0.23370897020282422,0.2889925273252362
0.043002928199589174,0.009095406579997798,4.727983056212049,0.09896973232415755,0.22871934517563075,0.2488676879629803,0.2446813023361205,0.178761932201111
0.0418606545683718,0.00768766590873682,5.445170883505528,0.17715022659727478,0.3453907730304113,0.13591749379001392,0.09425713435821634,0.24728437222408373
0.044610283053725566,0.005453053939766681,8.180788883895453,0.13244284779441828,0.0164473697225965,0.025525266016260352,0.3439665122929174,0.4816180041738075
0.04170871906785792,0.011655708225704112,3.5783942305520715,0.16985663252510225,0.05493720197548855,0.3056089934774209,0.09766385656699464,0.37193331545499375
0.04129748986650268,0.010385176817658713,3.9765803309464496,0.23403471753042504,0.09665818650242718,0.20608862266060496,0.13934999948451485,0.3238684738220278
0.04420277181852622,0.007751210996116951,5.702692371639742,0.030350061617481248,0.24580510827521262,0.2200871999930865,0.24705595311935621,0.25670167699486346
0.04157009170507449,0.014451964163623212,2.876431966923212,0.11271899201425144,0.2555827567350962,0.41693482304164814,0.18513010207154715,0.029633326137457002
0.042423620678380666,0.012039549375010027,3.52368841697992,0.11432122948792542,0.09483322806738513,0.34106622237728623,0.18182866239539328,0.26795065767201
0.036702521370942987,0.018646345453295788,1.9683493187913519,0.44762493397192415,0.13919683722339268,0.3541473026359392,0.010590983866200927,0.04843994230254294
0.043148753621026964,0.009220353697501767,4.679728678165352,0.10118984797941963,0.1953081051230503,0.2519271761178747,0.2982061509741644,0.15336871980549102
0.04564201742593544,0.0031673734681036164,14.410052330602626,0.02642244736793478,0.2703576504668708,0.009441785860042863,0.32300977132442027,0.3707683449807313
0.04185363657599227,0.009156458775726947,4.570941408805658,0.20025763016212958,0.1680051569892287,0.1852178088398184,0.18386564907838152,0.2626537549304419
0.039685796981357296,0.013430733047398946,2.9548496602010133,0.3429323597120394,0.15174980744958125,0.21944947586363103,0.28549916116309965,0.0003691958116487319
0.04087928100480419,0.011538594594307136,3.542830166246853,0.20574250573946376,0.2548773382417862,0.27999087247159393,0.1439722307365756,0.1154170528105805
0.04339155967956006,0.010894399749185438,3.9829233990431088,0.062480178056314645,0.1913468964674908,0.315347714799434,0.307346467367004,0.12347874330975647
0.042606172705959997,0.00977589609266525,4.3582882123641795,0.09671989112519377,0.2958717544557268,0.27193558541948704,0.1895498901459003,0.14592287885369212
0.04368015589075799,0.00778040578069097,5.614123108997896,0.04386775585497185,0.2782136603016405,0.2187983692835643,0.13354792781459662,0.3255722867452267
0.04191695007430405,0.008023455746965606,5.224301273195984,0.19092275575733927,0.2689407087639439,0.13730465640504103,0.13157568434019715,0.27125619473347873
0.039864018533350566,0.012221029929980075,3.2619197204940944,0.28128545665438914,0.28157146029531804,0.239993732617393,0.13551707150035808,0.06163227893254165
0.04345699172765072,0.005721862826523336,7.594902751986392,0.11394925265699545,0.27883906789510055,0.10803944557655175,0.2248779133088558,0.2742943205624965
0.04111326667269567,0.009493741023714189,4.330565429370764,0.24550453882610287,0.2397569903029842,0.14042689622111298,0.12444328747084726,0.24986828717895268
0.04294147691370057,0.012782202383097616,3.3594740269864367,0.08409651382006117,0.07228297157737373,0.3712557004203695,0.2656480573835694,0.20671675679862622
0.04310510210624253,0.012383647546336803,3.480808214619562,0.050846441826626586,0.19762575845956995,0.3635771395090458,0.23214635889104696,0.15580430131371062
0.04149967401716105,0.010611113817909504,3.9109630458508176,0.16410442087030747,0.26387141047230056,0.2718230539111433,0.1191360535997489,0.1810650611464998
0.04335605015862904,0.006163582388474603,7.0342290288357825,0.13554295097473604,0.2189858884024422,0.1067452097647436,0.2580109048489129,0.2807150460091651
0.04206335823357822,0.007960259994336593,5.284168891908633,0.20957803391024274,0.16880940507538084,0.09368918866084884,0.08656633243340829,0.4413570399201194
0.04242010825382423,0.013742436548548925,3.0867967338953006,0.08885239931531451,0.04729577608721258,0.4004374015875233,0.1041978561538101,0.3592165668561395
0.04121493555182852,0.00953237533447391,4.323679471870394,0.20912394410081744,0.24547232691508838,0.19255462863365783,0.06206963574199764,0.2907794646084387
0.04105347765887209,0.011007249350897901,3.7296763569295543,0.243980779888407,0.10304267966905475,0.2250857711414189,0.16001901403575972,0.2678717552653597
0.04151517268198322,0.011510556622529132,3.6067041797724455,0.2337992868924539,0.011938827579130598,0.25606359576016186,0.28206684540921856,0.216131444359035
0.04356552030784331,0.008165677506189324,5.335199715494768,0.04286245940437922,0.28859225525060306,0.23144154465461142,0.12111168086980136,0.31599205982060485
0.04182300063484386,0.008836919366850347,4.73275797804981,0.16871793959034634,0.25444257251824587,0.19990606459075047,0.08606914719264014,0.29086427610801724
0.040793395530777765,0.010092962924574027,4.041766113244634,0.24677965304670607,0.2233335205729014,0.17439054037332055,0.05892582874519266,0.29657045726187947
0.04212859499547665,0.010640846799081085,3.959139323302236,0.12895691191247877,0.2797701196477311,0.2888955019802295,0.22978825081853446,0.07258921564102622
0.04107930837096281,0.012093250627194227,3.3968789399425257,0.23920526953175206,0.006822805974634799,0.27609631993115347,0.16491552142119553,0.31296008314126417
0.04234722549614368,0.011751175574203689,3.603658649191216,0.12467943681788225,0.08686026366686143,0.32841764704042414,0.17514985947056608,0.2848927930042661
0.040937643680625524,0.010348885170042347,3.9557539781319275,0.27726552732348914,0.15778757549702677,0.13868916996389608,0.16826190699508234,0.2579958202205056
0.03940805933402061,0.013632640863961027,2.8907135255208662,0.3294671857909261,0.11213415652833197,0.25226962340187814,0.09746595003015315,0.20866308424871072
0.04007623531388042,0.011094909360521656,3.6121282303108546,0.29125281028408706,0.32081880421393816,0.1623900850663564,0.13381433264345238,0.09172396779216596
0.04259884736842122,0.014061215425901462,3.029528108214032,0.06333849508019827,0.17324104201706583,0.4139629233849696,0.19882571635196042,0.1506318231658059
0.040921394398297686,0.011755011293819765,3.481187161411937,0.3316722583757043,0.09673964178753712,0.1150040783575092,0.4199721190643115,0.03661190241493785
0.04106517226500983,0.009271666412665927,4.42910372712624,0.24043546239408523,0.33444527627751736,0.13352310262216174,0.16295293215965784,0.12864322654657778
0.04232610785162832,0.00767393702309758,5.515566224251266,0.13920521156564658,0.3623462098429571,0.17404901233244496,0.16850060185363777,0.15589896440531348
0.04000116761409645,0.013220437885108868,3.0257067096962538,0.2978457444225265,0.036237494032182516,0.2693498057730611,0.10107036846398924,0.2954965873082405
0.042038383607348614,0.010719700400684614,3.9216006078550323,0.16599654066681124,0.04364108044099828,0.2738505469722038,0.11999247639033972,0.39651935552964696
0.04157111834155889,0.00911335335633913,4.561561119831106,0.2570385770621596,0.26844294439210103,0.07566383344702934,0.2771090188040636,0.12174562629464657
0.04106270295484666,0.010243861799719124,4.0085178575888785,0.2643895396060155,0.19372859421860217,0.15630588383784508,0.22956126222319198,0.15601472011434528
0.03949162308715819,0.01526288846170169,2.587427876856488,0.2930953612072777,0.12583648862752536,0.35956857189004876,0.19865503480376479,0.022844543471383396
0.03836856878859946,0.01624824451279977,2.361397796443432,0.3832129733604068,0.02435902589425035,0.3157041907981775,0.07359427813037976,0.20312953181678553
0.040869841985138156,0.011614756927393811,3.518785820540523,0.2770539164399057,0.030449959105430784,0.21515365270944728,0.19756730286193264,0.2797751688832835
0.04315030863616225,0.007580688737202208,5.6921356531105465,0.07805208512056089,0.3613924733997662,0.20339204060719326,0.1936873017467645,0.16347609912571515
0.04274375961352264,0.006812142123030298,6.274642959813734,0.1845399212305705,0.24885825320568075,0.05111554056251688,0.2034410836879655,0.31204520131326635
0.04172750216646319,0.009657789321644992,4.320605966516966,0.2329187999392768,0.07752989505448982,0.1697367816137897,0.20709691932105312,0.31271760407139065
0.04001384740840416,0.01179701912426677,3.3918608579767966,0.28512783004123143,0.1742154115730303,0.2140970103499018,0.024433540478326018,0.3021262075575106
0.04218589581849493,0.0076001593289214105,5.55065939972627,0.1783802902123721,0.20049785130574585,0.12610933993517198,0.04791578543347228,0.44709673311323783
0.04470349721296007,0.004892456311307002,9.137229720303356,0.09772467443628445,0.11487195940788848,0.07387407338811967,0.3961508348037981,0.3173784579639093
0.03980985791781381,0.012801593244611647,3.109758071290875,0.2777896800552564,0.25742332351119934,0.2707387813147431,0.14310223259200303,0.050945982526798154
0.0393946655328804,0.01732964721016871,2.2732525974195457,0.21731455417961928,0.19442580159171158,0.47676046499326946,0.017067555900658518,0.09443162333474109
0.039510848893471937,0.013886800565573048,2.845208923891642,0.4127419481056715,0.07460967602768771,0.02918803173975217,0.06601063409828138,0.41744971002860726
0.04451937380802666,0.006636675352407054,6.7080837081898155,0.09496038913415725,0.09971715914907434,0.15696648544104053,0.5118007530018661,0.13655521327386191
0.042669203166153614,0.013128341071560702,3.2501595543237274,0.015599551952791044,0.3994601837996265,0.38643170261776333,0.08149996532405163,0.11700859630576756
0.044638670066670966,0.004426758906081224,10.083826793763029,0.06463667317722026,0.24665314937243096,0.08570190215655689,0.3192967171125802,0.28371155818121174
0.041801234269215365,0.011779282248941843,3.5487080949240735,0.19635114833547407,0.002982711290624243,0.2948830220898817,0.24285615427251508,0.26292696401150484
0.044259922543043506,0.008925252056747395,4.958954913725207,0.02300555686884424,0.22695126854281591,0.25770937934441834,0.3064095566446935,0.185924238599228
0.042547690382263983,0.00924339167649427,4.603038783963009,0.16101208159931668,0.13481964604119498,0.22225686499591119,0.291832955237143,0.19007845212643418
0.04305465902026555,0.012405628383509993,3.4705746205887764,0.12665259656720954,0.009792990044638464,0.3449974818998447,0.48179256006913473,0.036764371419172624
0.04149282573581598,0.008990000725901167,4.615441867125845,0.16472058304466947,0.3894775936062576,0.20785339932818317,0.09142249600854663,0.14652592801234318
0.0422581151718691,0.010698236491688282,3.9500075741175147,0.16822807426354014,0.04834471042737576,0.2723671407487188,0.24407990055842868,0.2669801740019366
0.036540812658197024,0.01957902628733451,1.8663243065276915,0.5732709964229474,0.015647912790839942,0.16374569777671355,0.15540100977547183,0.09193438323402728
0.03767434945626749,0.01784789445304117,2.110856804727911,0.40399490438294033,0.0659910553749628,0.36703724398552606,0.09798932706917424,0.06498746918739652
0.04344240794439731,0.010055049441483471,4.320456920397603,0.07201463368892858,0.22526596774270888,0.28600364606928297,0.35975176207632503,0.056963990422754365
0.0392711461999541,0.011862822645784449,3.3104386175670784,0.317934551166962,0.3992788659571459,0.161192038626245,0.0411309348257227,0.08046360942392426
0.04427460951257557,0.005501795991739209,8.047301204743441,0.03458294095550003,0.33511195985406694,0.14228532095931454,0.19767585468760174,0.2903439235435169
0.04200726242337079,0.007921116901228736,5.303199403212262,0.22182909916133414,0.3875921095903937,0.045787065975052194,0.2871583302366593,0.057633395036560627
0.04331381189581483,0.00960085910798467,4.51145167413116,0.09262975104440134,0.10943948234826076,0.2677158876335577,0.25149452873988926,0.278720350233891
0.04533195909680161,0.0031386826166495568,14.44298918798997,0.023076457709979285,0.3714031534363769,0.02033552798155113,0.3085631837511441,0.2766216771209485
0.04111539753885006,0.011968217959025132,3.4353817485288434,0.22206716374703903,0.16468749337941646,0.28412485728774817,0.27764233275601896,0.051478152829777496
0.041141630560071425,0.01098629765576284,3.744813025204234,0.2792428094831049,0.027675470557436646,0.17634138869150495,0.2272610166023428,0.28947931466561067
0.04093033029103113,0.01134647306507004,3.6073174506565024,0.23513367868894783,0.12025930098112013,0.2491212585234618,0.12703747649348834,0.26844828531298187
0.04138691666833893,0.008269608510855717,5.0047008409175975,0.2143948021035507,0.36180139173031994,0.11129332245063285,0.09270275760343785,0.21980772611205868
0.044328807304738774,0.008859520927960489,5.0035219359139225,0.03631797214169791,0.16492013161644692,0.2543511867005387,0.350657260007687,0.19375344953362944
0.04026275808243505,0.011161793506017913,3.6071943152081487,0.2404514956285097,0.37674343772182717,0.23319937701474036,0.12302265845673152,0.02658303117819122
0.04140995277164278,0.014479710413253737,2.8598605628009617,0.08452834945717448,0.3471139278796861,0.4228751168817611,0.03071971029939763,0.11476289548198075
0.04013213425138941,0.01800513568720158,2.228927065510323,0.17122205994951611,0.17159330694304162,0.5142903652403723,0.1093452507032658,0.03354901716380408
0.041815570615515996,0.009549867592051665,4.378654490489377,0.2658483288274599,0.1012455295210535,0.09532631803768532,0.3068428528870649,0.23073697072673635
0.04338373560731702,0.008311737246719927,5.219574960028676,0.04291162375619954,0.28270525232731214,0.23470520278151843,0.03606876993215514,0.4036091512028147
0.042021510548378604,0.011553994218660416,3.6369682858687313,0.10024062772501319,0.3384790777457105,0.32797237282986585,0.15283499316363047,0.0804729285357799
0.040421825414321086,0.011858574561707401,3.4086580308604257,0.3477539545251924,0.150491911031097,0.06812626944088336,0.22976958886709148,0.20385827613573568
0.04121242987467495,0.010586903917153797,3.892774525694815,0.2218026231718474,0.19029778915291728,0.22861876354410338,0.19171247720917936,0.16756834692195252
0.042601786256549146,0.008994909289387005,4.736210770553798,0.12286142567200067,0.24257846349489035,0.23560523945289913,0.20850869941306532,0.19044617196714456
0.03848208447650773,0.017670028810245555,2.1778167364500725,0.2960313532559715,0.13313802674300995,0.44871113260747514,0.005543869969010038,0.11657561742453337
0.04022000767484815,0.01251968023529585,3.21254272624781,0.22045222479153512,0.3200625823416118,0.30625998856033204,0.09600167277140446,0.057223531535116674
0.044174180407740654,0.005649495379604003,7.819137363528035,0.14576320797515913,0.22862032516748113,0.009213873594239112,0.45398762491535066,0.16241496834776997
0.042675531632562505,0.009513314151311876,4.485874318223539,0.15919918473899106,0.15172283148260413,0.23187779820123766,0.3895210206813509,0.06767916489581602
0.04417991544045202,0.004880603800397512,9.052141343014503,0.11877027646072635,0.24122662864608102,0.015418136624778572,0.2893130253705528,0.33527193289786117
0.04070766690791036,0.009880280004235891,4.120092435685841,0.24320196538739278,0.3828348803458524,0.16532471731066853,0.16611315463332013,0.042525282322766214
0.0440894780671453,0.01101212573695367,4.0037209091422845,0.023896740040951676,0.1648338884416682,0.32233298097422763,0.3422567880099676,0.14667960253318477
0.04040331361398733,0.011459635732002637,3.5257066244396777,0.30448521911588944,0.09003590010118077,0.1620847760226087,0.0972423348533945,0.3461517699069266
0.04266618360411612,0.00692781430766417,6.1586788717640655,0.1911643830770613,0.2724037966534695,0.021185430598968154,0.1574107765284559,0.35783561314204515
0.04447926941144113,0.0036318038066943258,12.247156448664622,0.04780728666234917,0.37302743341202027,0.036019147880310076,0.13075644928961758,0.41238968275570287
0.0414185003470131,0.016447157066706762,2.5182771818270466,0.08261504563560339,0.27208481143343255,0.4839684826961513,0.1051128336359703,0.056218826598842454
0.040101764599915345,0.01283652026511562,3.1240370265215445,0.26606265852975436,0.14838737083450312,0.28454686128744083,0.09869173725333884,0.20231137209496286
0.040656991511915944,0.012083660243344386,3.3646255102471616,0.27642451506695803,0.05140282830280501,0.23972463382027173,0.1890654702503874,0.2433825525595778
0.04467994102223505,0.005012940907435651,8.912919950036052,0.09718414472008777,0.24714684902245873,0.07335339207910453,0.5466221225628258,0.0356934916155231
0.04430126612227081,0.005466281772933412,8.104460758249038,0.03047302353272506,0.4179614317320739,0.13996115502035694,0.2778262287491338,0.1337781609657102
0.040492522073344105,0.012113481486797244,3.342765010825155,0.2993487985582986,0.08880883332646893,0.2117306321169839,0.2461628975599582,0.15394883843829046
0.04086775862167191,0.015967734273678584,2.5593962124632075,0.16150590621006258,0.08996483880103386,0.45310371069639804,0.10798008161024471,0.18744546268226064
0.04263418180841537,0.009420934026969271,4.525472918753773,0.12063117665057421,0.16268737149951543,0.25155679461487435,0.15322701739126554,0.31189763984377056
0.04114856331205523,0.009836376688878878,4.183304951972637,0.202245803342411,0.24946160652085342,0.2131253919632152,0.044220053644466115,0.2909471445290542
0.03993964245234651,0.011652144568346704,3.4276645142940803,0.3402850875056259,0.2477651665652051,0.0714805579179379,0.07470337605605797,0.2657658119551731
0.04179036002514158,0.008729089469758148,4.787482150334684,0.19221332962147317,0.3121338294987585,0.17199919790407572,0.23684852722301433,0.08680511575267821
0.04362141357144762,0.011068834491302651,3.940922019000573,0.06079137647298279,0.029629609556865107,0.321047900663731,0.21754153206356802,0.37098958124285303
0.042171037207038985,0.008141992526034264,5.179449265299107,0.19802401176788126,0.20311721358776103,0.13449985125963823,0.21545352321839506,0.2489054001663245
0.03708429472467996,0.018949661608686445,1.956989812824978,0.43063140447947856,0.06300038520026637,0.3884355838921312,0.07185732424586026,0.04607530218226364
0.040953160908269205,0.0092076719708825,4.447721534582872,0.2617485310443918,0.31534670629441264,0.060003611717266044,0.028010214845885745,0.3348909360980438
0.04402444196514998,0.011067043328863782,3.977976832378574,0.05874564044645548,0.015590086862643971,0.32039190010330065,0.3766722855980454,0.2286000869895545
0.04278648214593655,0.00753400959484209,5.679111714329233,0.19851904776320453,0.12385645781001454,0.08767785482034073,0.27768279600101037,0.3122638436054299
0.04009618615732575,0.011586727258929208,3.4605273138215953,0.2689307137783689,0.22922829700135475,0.22418239193230016,0.042356058851768415,0.23530253843620774
0.04502126653491992,0.004594866457718988,9.79816648627252,0.011136454062693996,0.34229050294405133,0.11111171496746618,0.2996337936623663,0.23582753436342224
0.04029885946638839,0.010226845981913512,3.9404973476336838,0.27886447259702507,0.3197935979152702,0.12230331992593914,0.02941634151680495,0.2496222680449607
0.046668482824924966,0.003982538326091441,11.718275884296771,0.01773772197412861,0.18565397978429637,0.04434001918293956,0.7478575794186902,0.0044106996399451955
0.041708162447857515,0.010009289775110184,4.1669452463622365,0.1802984292087097,0.15514478370298376,0.2388446657264609,0.1060197558695431,0.31969236549230245
0.04194746574893149,0.008924148146515149,4.700444799912005,0.23706811541285103,0.13955718549244128,0.11558126293139512,0.26339240261027336,0.2444010335530392
0.03833105069187681,0.014626960773203234,2.6205752026148694,0.4361201587387236,0.37313064977421523,0.04250584901828652,0.08930870092583423,0.05893464154294037
0.044523916643842386,0.010929998464674528,4.073551957737463,0.009116505516405422,0.0570810630280604,0.32004843146850714,0.2980249361309263,0.3157290638561009
0.04163187783072249,0.009235964714120736,4.507583032130049,0.2653580985414219,0.26546986528938077,0.05271925867288068,0.29733249394892486,0.11912028354739174
0.04150607286913495,0.010253743804157504,4.047894472680877,0.15666418534262214,0.28804984074773876,0.2626738119403134,0.07035693129349083,0.22225523067583486
0.044681595379906715,0.004950315379050908,9.026009851613379,0.10163103531562172,0.026110547903097133,0.027508503075146497,0.16622347765484757,0.678526436051287
0.041530803757262494,0.015253704359672972,2.722670033323819,0.15833567642148696,0.006948020670881582,0.4305992126077824,0.2324565380993719,0.17166055220047727
0.04248865864604301,0.007937975926572952,5.3525809399105295,0.1725110448007822,0.17288376808338687,0.15634772983855233,0.203797778370554,0.29445967890672475
0.04400627592658835,0.005882099122580102,7.481389723212553,0.15408929416602982,0.24870151188288253,0.001861038516476489,0.43911887064225075,0.15622928479236037
0.04162664023230865,0.009778539590855255,4.256938354193224,0.12101769850669518,0.44497247530890693,0.2606807851703018,0.054886032816905184,0.11844300819719099
0.042172712922730456,0.007508602080109462,5.616586479452331,0.1374543787279922,0.38371480452192736,0.16757185662356217,0.08955419958684933,0.2217047605396688
0.04093984728618201,0.01413852653377674,2.895623330223082,0.18111584843337028,0.024592859318850784,0.3852315391091453,0.007019622032927603,0.402040131105706
0.04099007939267561,0.011970335774103457,3.4243048955529947,0.2671099856730542,0.025576705140326398,0.2440886786346466,0.2600542505049573,0.2031703800470155
0.04092275773780963,0.012890982790476875,3.1745258218823342,0.3801195952774688,0.03269511338086744,0.03914987008455629,0.4785713024627966,0.0694641187943109
0.04438134150985196,0.004695914415763929,9.451054167611362,0.09665791866887018,0.19937020077803788,0.06561135444728475,0.31567546110110983,0.32268506500469735
0.040597911183248854,0.012384939992606262,3.278006288886791,0.33289956721397596,0.019594299084597592,0.16913844141055773,0.3347869138437155,0.14358077844715322
0.0407286411995022,0.010153703366071923,4.011210464902378,0.2716538529986366,0.23004632405659645,0.13555302698974014,0.10791066078117315,0.2548361351738537
0.04295539781213897,0.008583109082791038,5.00464311915407,0.05602169490292776,0.3606049208192634,0.24167294404540743,0.04674765715891116,0.2949527830734903
0.04216424431666845,0.012080707874764526,3.4902130532222895,0.14820442720084917,0.07015747807501133,0.33038872122164464,0.24739476453077444,0.20385460897172028
0.03838899937101474,0.014454443853813127,2.655861391781435,0.3899171732461481,0.2498202025199932,0.202784342560246,0.08702019082073674,0.07045809085287592
0.04183761219018253,0.010693181569255172,3.91255043405166,0.16260840089603895,0.17164482368252998,0.2760445460204634,0.16641630277351505,0.2232859266274528
0.04209959846929939,0.00795747684249738,5.290571283156487,0.21588061564191635,0.2575819028690486,0.08363413135127451,0.2338860689336708,0.2090172812040896
0.04512263178255572,0.004911127154971507,9.187836184790761,0.03694224903033978,0.18152011781945612,0.11898740451155192,0.3609034512393367,0.30164677739931545
0.042304293652879854,0.007281862745482641,5.80954285071133,0.17423659474647224,0.2688500901057605,0.11735768137455449,0.1347667267950844,0.30478890697812827
0.03818919386585873,0.014453623763424656,2.6421881799979925,0.42501037259632285,0.33939213607456975,0.09489468050442941,0.049246752834927285,0.09145605798975075
0.04188803505121352,0.012517985369094237,3.346228152225777,0.1596559963822903,0.0893887259630007,0.34027854524759765,0.2532987686145399,0.15737796379257143
0.04270027204188659,0.0096163048211531,4.440403339540391,0.1416008373345726,0.1968575871649496,0.2461880001016351,0.36915088232293647,0.046202693075906257
0.0407674330034898,0.012260785410972995,3.3250262227902874,0.35037495676103714,0.05265328228518802,0.10833219566842865,0.4101266579688595,0.0785129073164867
0.041708819594118804,0.011284996279658774,3.6959533313536865,0.0823462835850152,0.5197663327693974,0.3200713708440803,0.07476906401710805,0.0030469487843990143
0.045178446175171014,0.004265980720919265,10.590400925542774,0.032077131328464965,0.21181813926397416,0.09356033144274567,0.3150725777248799,0.34747182023993545
0.043177055932888696,0.006329728890808482,6.821312046332175,0.1254699725726488,0.2919629419074532,0.1269783077951615,0.24836412458046084,0.20722465314427554
0.04143235434912742,0.00994870295609014,4.164598594610208,0.25187244026581906,0.11058672138001313,0.15862839354109048,0.21571124153143656,0.26320120328164087
0.04190493137836056,0.013769826783435558,3.043243174908357,0.12145044112135439,0.08435981250484657,0.3945219373429708,0.12908661049947992,0.2705811985313482
0.039821833820825395,0.011636114912237261,3.422261993901958,0.33084920620851277,0.2508939763729163,0.11150351109361956,0.0690443225275857,0.23770898379736555
0.04295258685998516,0.007727014018182939,5.558756171389186,0.13178369234578508,0.1994739380331427,0.1830868358025424,0.23524215896850476,0.250413374850025
0.04087739315715503,0.011485235674672998,3.5591253253337243,0.3022038099666498,0.03176746413658392,0.16820508821755167,0.25277469320999896,0.2450489444692157
0.04362380210494986,0.006200578669835987,7.035440468994769,0.07933692954576933,0.2548946204897916,0.15289902429185612,0.14819694754187182,0.36467247813071113
0.0416940549061427,0.01027731150862067,4.056902904146622,0.18438553583551828,0.23047296376183793,0.24597643479052483,0.2460305875325613,0.09313447807955764
0.041066533034880726,0.010829858049431363,3.7919733432735976,0.21966765559819457,0.12262168869722447,0.24002996951643285,0.05339039191132482,0.36429029427682347
0.04072405887792524,0.01065626404505129,3.821607526404835,0.2969789191739551,0.160502501753081,0.11591985572760855,0.14917431500098272,0.27742440834437265
0.04126053934310131,0.010892701728212809,3.7879068363943005,0.19434946860190136,0.20819298565439537,0.26361682197410546,0.1353061938158552,0.19853452995374257
0.04195102382782234,0.009377563412783337,4.47355266834404,0.18897310272275927,0.2731171031215131,0.20323279550229,0.3324255741740719,0.0022514244793655318
0.04235365328527853,0.013938624926160261,3.0385818909430893,0.09262189943934525,0.12728429025489937,0.4059331829850815,0.21771533660205195,0.15644529071862193
0.043103010986927405,0.009184850091968956,4.692837722481261,0.11452091491575134,0.1279781121559551,0.24581190231387828,0.2725804633053254,0.23910860730908992
0.04069232318441005,0.011513198423854459,3.534406486046371,0.32857495890893584,0.07769364513726167,0.10488941600184339,0.23269204683156133,0.25614993312039785
0.042787095193212325,0.006034299482767375,7.090648270839525,0.11793719261677926,0.4341985980747974,0.1163419580649935,0.15302375442617577,0.17849849681725402
0.041717751984227745,0.008988503817600248,4.641234273332662,0.2261139566891257,0.195669108838723,0.14183995403487734,0.21910004484842951,0.21727693558884442
0.04199072392488834,0.007656732095078188,5.484157392927504,0.19501564168366028,0.39091728136633896,0.10317381192747804,0.2517423433456059,0.05915092167691674
0.04264037936125169,0.007176374574643261,5.941771700701861,0.1993098326865615,0.24300692255766324,0.03732127542081572,0.21603669975184847,0.30432526958311107
0.04128715793088629,0.010784153669722895,3.828502374442443,0.3136585845103328,0.0277624005378135,0.0486967657702423,0.1794626513418937,0.43041959783971767
0.04109294658942836,0.010830068682429772,3.794338502773833,0.2514418854766867,0.08950744687973844,0.20782790842226678,0.16692057349724698,0.2843021857240611
0.04244798208009215,0.012758745040130184,3.326971574914317,0.05953630094758665,0.3446475527507931,0.3727392383991368,0.19354069574165983,0.029536212160823683
0.0438546566864326,0.01137190011569359,3.8564053711579613,0.025058184423499448,0.21815461379582676,0.3330254400171057,0.3367294946190788,0.08703226714448928
0.03982863419047278,0.013475407851420042,2.95565333751851,0.27201660396954436,0.11957782467963932,0.3057489505011823,0.037462035125133304,0.2651945857245007
0.04049592076356313,0.011149885902686438,3.6319583103362607,0.2513034049561983,0.22760374003379202,0.22377627993042404,0.09996105172024401,0.19735552335934167
0.040388674059443505,0.014071647098885351,2.870216526581511,0.21453020337478035,0.15718328153948732,0.3677461240429848,0.10755446465116646,0.15298592639158112
0.03991442600436228,0.012681995609496313,3.1473300601424468,0.3740317715870948,0.11972858963149012,0.06325181364193863,0.12842480821000446,0.3145630169294721
0.04041083448137723,0.012365825386606575,3.267944776670242,0.3036104346448406,0.04040999058314549,0.21952384381006373,0.2003063566983709,0.2361493742635792
0.04110365190288097,0.00894997418092056,4.592600053585094,0.23479557204160859,0.33570758468214923,0.12124692830955694,0.10488529562713184,0.20336461933955335
0.04224869939635766,0.007542148471275286,5.601679621829815,0.20885432865139777,0.2304177390627335,0.03369394039329509,0.07209988224622849,0.4549341096463451
0.041786006535268407,0.015491401503387703,2.6973677317788534,0.04144845064340716,0.3581798288430405,0.4579777568365724,0.007200386886070994,0.13519357679090904
0.04238107461581905,0.008243510899484769,5.141143759325645,0.17948276579189543,0.24124037242053142,0.16259617067364196,0.3089175868787969,0.10776310423513435
0.045105388571482975,0.007437530908866622,6.064564856827791,0.015142879717944193,0.0009335750468893755,0.20531569635358632,0.21491307651723082,0.5636947723643493
0.044478644575778686,0.008100700131798928,5.490716092696704,0.017979393461272964,0.21282038046931562,0.23199123773694344,0.28075793950049216,0.2564510488319759
0.04503215110564198,0.006215762573306404,7.2448312776669725,0.004231343005852627,0.32847332251254746,0.16759444752773892,0.4017785116560609,0.09792237529780005
0.0403848481430585,0.011303081839790442,3.5729059309197417,0.2522638270675843,0.22031360162226968,0.22975160087015717,0.06197275431416239,0.2356982161258265
0.03900896662098549,0.013240960436469131,2.946082862202685,0.36425119138104795,0.2418907645591529,0.16822556004307107,0.0823196467794844,0.14331283723724356
0.04138573588067307,0.010488947487390769,3.9456519284155736,0.23215228926487436,0.12443019937744108,0.213577415876092,0.22493783133662135,0.20490226414497123
0.04094301666280762,0.009985098755707977,4.100411790058918,0.23687877366136073,0.21481699231336057,0.18232540006449144,0.06957075134534628,0.2964080826154408
0.0410033118669241,0.01154955734623886,3.5502063531704895,0.250576847468537,0.12122207781592093,0.2425144810490664,0.25934213070302303,0.12634446296345267
0.039370232637867944,0.012060477615057836,3.264400788631549,0.3439720571596569,0.30571442561559836,0.11266909835828093,0.022361196486778603,0.2152832223796851
0.04107097979632529,0.011334742064899577,3.6234595865670607,0.2424316484580236,0.1001301217693209,0.2415797319912545,0.20165605108761153,0.21420244669378963
0.04123265644732584,0.00899911485170384,4.581856896683465,0.22430003115030467,0.3689763940068899,0.14263330752985043,0.193560048208059,0.07053021910489597
0.04298539761474726,0.012289330260166762,3.4977819543246587,0.0779821682498392,0.12949322764862867,0.35691966649614826,0.2714023450460296,0.16420259255935424
0.03971415357120059,0.01404959842596445,2.82671093985196,0.2909043604438002,0.17740743829537212,0.31184843746607593,0.21450633645006864,0.005333427344683061
0.04049620220532025,0.010885043999018457,3.7203526424855915,0.2691514282082831,0.25264764427186875,0.1871797559505758,0.1575685786809826,0.1334525928882897
0.04001307655867339,0.011719187697843645,3.414321674021475,0.24123948157544223,0.38485290189458243,0.25673262554982595,0.08806786051212807,0.029107130468021325
0.04454628511595335,0.007340449237851884,6.068604750543772,0.06723248237435116,0.13396868832006084,0.1959300057480593,0.4754823232355859,0.1273865003219428
0.04275662573814871,0.009521115672161875,4.490715921366424,0.1428329304587212,0.09966822258083775,0.2438994209700125,0.2757844144532511,0.2378150115371775
0.04088757024933806,0.01065785644735409,3.8363783985370508,0.24061212447936275,0.2516135377964916,0.2116785420157702,0.20356428250973588,0.09253151319863961
0.039332040534468385,0.015250968493985117,2.578986413222261,0.2755474912649426,0.16704052850914647,0.37277239413529745,0.08166434331907906,0.10297524277153458
0.042693555705056965,0.012642612803924046,3.3769566755857325,0.020912096154884943,0.3290996453707245,0.3721184654458352,0.0018171376489826,0.2760526553795728
0.041853054980631146,0.007296975978655542,5.735671201749319,0.20079404931565825,0.4221705887027299,0.02072050396736003,0.02587519272239395,0.33043966529185786
0.04218369643479838,0.008646519148316717,4.878691148565905,0.1804463991662454,0.25347760863255586,0.18063794604860797,0.28955256431643867,0.0958854818361521
0.04276848974103947,0.006579220959862976,6.500540109832427,0.1737197541478885,0.42682147772851436,0.046941644311743906,0.34746659314355766,0.005050530668295601
0.04134485114202828,0.012396237518175314,3.3352741976271933,0.23503174035428392,0.0741077830262399,0.28930662963722537,0.38559130159151694,0.015962545390733954
0.04414406614667345,0.005472757561393347,8.066146846715883,0.07808851794774548,0.16336014826899534,0.12196757391741649,0.18272317904107685,0.45386058082476577
0.04297570240005627,0.01030560428348479,4.170129302260017,0.06569999582467266,0.27478210534654346,0.2967300692721845,0.1819896887718757,0.18079814078472367
0.040819576925344006,0.011358654497150988,3.593698262024124,0.22638710983355054,0.1956928420109726,0.25745244516251503,0.12830091466016644,0.19216668833279543
0.04075276976231629,0.010867749930540828,3.749881072234816,0.22799476553094186,0.21721241191778412,0.23473959434575778,0.06862769815651117,0.2514255300490051
0.041618115599644206,0.009541148965219537,4.361960572186349,0.22043100145070355,0.21460368057750115,0.18025090311337763,0.2654892471811733,0.11922516767724445
0.04093415750775481,0.011113007277063519,3.6834455775296835,0.23808032211468677,0.22436196634916383,0.23504615540150042,0.241267029092399,0.061244527042249836
0.04301626332396391,0.009194227784484107,4.6786162288209585,0.11486038845175196,0.12907679881917786,0.24614005856737223,0.23569166114396137,0.2742310930177366
0.04177446146474529,0.009002358479367655,4.640390799865106,0.25878404991825926,0.19561231918519173,0.04592968446073949,0.20855001921066726,0.2911239272251423
0.04126625625696691,0.010938444353238845,3.772589129161504,0.17765550862503454,0.24738698829416408,0.2759551409124471,0.0992176601547405,0.19978470201361384
0.039831910934842285,0.011774799308291901,3.382810177222499,0.3241662311900729,0.27314406146821724,0.14400511852513903,0.1476357686786166,0.11104882013795422
0.04074304966133216,0.011684274725939928,3.486998604276196,0.29147758651119077,0.065568290129272,0.19911761080345391,0.24155802638433335,0.2022784861717501
0.04215026221040198,0.009182268169081279,4.590397648407961,0.26566165378714296,0.1377108909858898,0.02573932757816574,0.3083170797598297,0.26257104788897173
0.041615898912170615,0.009139709020220899,4.553306765029244,0.26210699672524124,0.3003403823924815,0.05090525103839451,0.30414909148952535,0.08249827835435745
0.03982615475426168,0.015416094703318717,2.5834139917217858,0.2546901655414007,0.09270486499211435,0.3926196101139952,0.12809815643664874,0.131887202915841
0.043965040937796,0.005860363513114711,7.502101335421959,0.05526895796181626,0.36464302606110316,0.14970401717796103,0.2622613085611429,0.16812269023797674
0.03867926435203547,0.016894545027528678,2.289452855286121,0.32726328791333154,0.09567531385652274,0.39744429011974797,0.13574623188333337,0.04387087622706443
0.042886767546424794,0.009333158761717785,4.5950967557023965,0.12520578686563497,0.03852530424321452,0.24422606599459307,0.13038792637902397,0.4616549165175336
0.03918456225484708,0.014290317439748805,2.7420358169129564,0.3280250916937058,0.14803030387344193,0.28624985266276776,0.12432311145906898,0.11337164031101553
0.04426452966654322,0.005974736590814683,7.408616094405518,0.13650970073443103,0.049173066317673444,0.0856532999158917,0.42590966976575884,0.3027542632662451
0.03850120026408678,0.016217426186217933,2.3740635426357777,0.3624346920238685,0.10106391591437157,0.33721687792705723,0.14254679569367862,0.05673771844102399
0.041194492239736424,0.01110160266201301,3.7106797544370758,0.29741073496721826,0.022046020916305423,0.14962907669210967,0.30280952874679473,0.228104638677572
0.042663112053956266,0.008631447922938464,4.942752645309614,0.24523806433643877,0.1674005809752244,0.03552936765543083,0.4690989073877679,0.08273307964513796
0.042892421250381146,0.012090363367159178,3.547653610386021,0.09743914584813818,0.09003786651322386,0.34651820765414554,0.29146366836471316,0.17454111161977934
0.037530596790080695,0.018168470132310315,2.0656993415938363,0.40596961630470096,0.022428231352664238,0.37973024395988186,0.025676230750025456,0.16619567763272736
0.04332356006656306,0.011282371567020744,3.839933812603834,0.019496297406281272,0.3606377265991488,0.33010369103421844,0.21111823037317579,0.07864405458717573
0.0418641335124036,0.008412227256819104,4.976581377835195,0.16029556016998572,0.2603526191691019,0.1869378402017948,0.012343928358636444,0.3800700521004811
0.04120903456290644,0.009170182519696478,4.4938074541476425,0.21517604197991483,0.31721086787911656,0.16726915138248416,0.12091577435561386,0.17942816440287057
0.04176407067763311,0.012927070011555755,3.2307452996154122,0.0944152799181176,0.3033491881114288,0.37341931520818444,0.07441963739494192,0.15439657936732723
0.04099175172411734,0.010564728459301571,3.880057294612879,0.2707250027636187,0.15770906843861032,0.16591532052279626,0.22536729710367742,0.1802833111712973
0.0417292616906165,0.01584632658168607,2.6333713037849336,0.03530346997514442,0.40791510149632065,0.46822970577335377,0.02703186928209423,0.0615198534730869
0.04147948675496835,0.009178789714196634,4.51905839947645,0.23945503228020154,0.20619578094444493,0.13048270088240613,0.18394638761171853,0.23992009828122893
0.04241471397751837,0.00851387811818215,4.981832413942824,0.24070321435133335,0.06688871117696164,0.04267303098927051,0.20939472143486618,0.44034032204756823
0.04088594523407768,0.012961814473493039,3.154338099630233,0.2048787667404684,0.13157839031982202,0.33377832623138576,0.14274910302135643,0.18701541368696734
0.04376743406517425,0.009125788125821887,4.7960168986755285,0.04357332859477313,0.2758042774306805,0.2619288085419397,0.29706483546740764,0.12162874996519912
0.04054545512306922,0.015215418910052514,2.6647610139923046,0.1892599935017758,0.07306528156802587,0.4186236417962209,0.03736011454279169,0.2816909685911857
0.03876881792642717,0.01429649245448006,2.7117712998392323,0.3857972496208067,0.08628664962378936,0.19984290716859945,0.023591543982055055,0.3044816496047495
0.03853437303423157,0.01568147526528511,2.457318101922279,0.33916290522996806,0.146542809643101,0.3374823516870228,0.043028787027336785,0.13378314641257139
0.04155211531233406,0.008875889927108178,4.681459059719549,0.24596655732877137,0.23907554795325256,0.08824367800552002,0.18505764037310038,0.2416565763393557
0.039741712535212456,0.011736567562972585,3.3861444005650023,0.3430368556010184,0.2811277002275065,0.06824957228513136,0.03265530050769573,0.27493057137864807
0.0412727144254152,0.01009008340050442,4.090423516554076,0.26073812166409904,0.12406206378255744,0.1525883660810278,0.2043514828394744,0.25825996563284137
0.04362423390699263,0.0062596036956029735,6.969168661210333,0.16480336250813463,0.16355029579526528,0.04887307651425034,0.36553217935392435,0.2572410858284255
0.04402044643194287,0.0070507207123789665,6.243396700518299,0.0665255057881011,0.19300504724756673,0.1897455325067988,0.27348398545323527,0.27723992900429806
0.03945630238453626,0.012400063659846645,3.181943534072488,0.36479005334397036,0.3945743317318215,0.0584334074109761,0.17239424910835907,0.009807958404872884
0.04105501271117426,0.011866877884217041,3.4596305036371415,0.18810080488257805,0.17766996883114258,0.3038162660986641,0.06914201921996876,0.26127094096764647
0.040661435276588234,0.014249776211282893,2.8534788668746067,0.1683072142374404,0.20958759044161404,0.3947292412453776,0.03926403831834485,0.18811191575722314
0.0439353416145914,0.0051731026534719985,8.493034945885638,0.12035264081870248,0.220130861678658,0.06127207030557162,0.29137972641161175,0.3068647007854562
0.03980417678784515,0.01270102704020852,3.133933709599571,0.29920901781457454,0.10950735461628232,0.242560055888518,0.030380184170927752,0.3183433875096973
0.04287832164850993,0.007823081697637124,5.481001388680481,0.19176059114643967,0.06557082610895362,0.12167918688360263,0.2975833787474622,0.32340601711354183
0.042502257834085136,0.009199176199911948,4.620224345142118,0.15551918077832275,0.14372854908997798,0.22465007771777182,0.24722921612532908,0.22887297628859848
0.040964955024257343,0.012909021678625537,3.173358604865168,0.15861788216186465,0.2648633593453423,0.3537530958460846,0.06261757005889125,0.16014809258781734
0.042984723596347904,0.01321730477999009,3.2521549825667355,0.028643223598664534,0.206849070782826,0.39069382680975806,0.09967575081078975,0.27413812799796167
0.043857223581628635,0.009458386953402162,4.636860787964832,0.01225884086071999,0.30077703399109856,0.27476029915613637,0.17571463591819322,0.23648919007385188
0.04327496076429241,0.009023869143251652,4.795610405837373,0.037582103430314054,0.30567670346549464,0.25867999338108444,0.04338715846256773,0.3546740412605391
0.04518455899979183,0.004639287240582528,9.739547619413683,0.013972713318712197,0.38978379743585034,0.10651735529604414,0.44606226325355036,0.043663870695842946
0.042868525837772786,0.013819776560586236,3.1019695325634338,0.03336871772284735,0.1918543537614157,0.4089822465804417,0.11377178678238306,0.25202289515291215
0.04270553288343055,0.006645575531929294,6.4261601840574665,0.1643801669369289,0.2669263576728002,0.09147414686013144,0.17590052595473107,0.30131880257540833
0.041496637734665415,0.013317774127217725,3.115883881065241,0.14009645529929973,0.18509257712548827,0.3743984008450734,0.14005982853768462,0.16035273819245388
0.0427510115026508,0.01002930196374606,4.262610863366887,0.09219168426059804,0.24540429192273397,0.2820408975535224,0.19131361509132502,0.1890495111718206
0.03800805466823336,0.016682530306955042,2.2783147381658035,0.46443083142571967,0.014866113799314587,0.20713136892738548,0.17557508224344678,0.13799660360413346
0.03936368331808645,0.014563430227550724,2.7029128922950614,0.4338235584021336,0.09043900380194346,0.0568002116936844,0.25376278822916964,0.16517443787306885
0.044470151268417274,0.005893926482068216,7.545080754521461,0.07913700851885505,0.07928204904559034,0.13900505521802464,0.29126919903132265,0.41130668818620736
0.04146350483805993,0.00968241469449653,4.282351680477777,0.23301378099907807,0.2053183745864833,0.17165379478403928,0.24800050072780302,0.1420135489025964
0.03955608371304298,0.012712360041900673,3.111623929991272,0.34191321347143655,0.22221044443942717,0.17673604663689454,0.17907225934285825,0.08006803610938337
0.04101806052462817,0.0119662119769072,3.427823324857207,0.275778692154265,0.01916819346840308,0.23357313944344077,0.29927241336747146,0.17220756156641964
0.045250948332082055,0.0053276775601947875,8.493559871222315,0.027872391748354538,0.17009809590911795,0.13627407107211947,0.39129675297522026,0.27445868829518766
0.04053019925019001,0.012240290704456725,3.3112121459201007,0.26370011824192396,0.18856556549469436,0.25933330569098445,0.26414287395041064,0.024258136621986674
0.044007048026099976,0.00858563202232648,5.125662026006005,0.09979062377375301,0.005813129009169663,0.22853777157500016,0.39260580533421524,0.2732526703078621
0.04186911111789408,0.007250956298100957,5.774288162357246,0.19310780794312732,0.357474098492635,0.06648588296221088,0.028801394642310334,0.35413081595971657
0.04186439627641483,0.008941034417133457,4.6822766050638664,0.2531038112876448,0.1914781045620948,0.06896269567327597,0.2718829543962098,0.21457243408077473
0.04212045673134805,0.009216246798626999,4.570239670407155,0.21789624276214617,0.0720758723326329,0.1659016193691533,0.2659707864256862,0.2781554791103814
0.04129523400273319,0.01091072101114813,3.784830898025841,0.2058150754105566,0.19165137626379553,0.25576442320150033,0.19365112890772618,0.15311799621642136
0.04019593743850722,0.0243927608146354,1.647863386353138,0.08145125635586023,0.1201946063186512,0.7249602989880002,0.023518406698806383,0.049875431638682126
0.040473357584843134,0.011424130843931582,3.542795345900848,0.33652200232959245,0.2618827171195511,0.001567107364875121,0.11607826960283044,0.2839499035831508
0.041702660380974435,0.009197758102500465,4.534002733735444,0.1840686162806584,0.2066350605017462,0.20222784133127208,0.08909609347643647,0.3179723884098869
0.042158757037135716,0.007286184066790834,5.786122976125189,0.10619319274331417,0.5229446981358267,0.1752140072546045,0.04797246529706936,0.1476756365691853
0.03916072415258437,0.013759002920540973,2.84618910096464,0.3956032854725132,0.08015851198975926,0.12667588642748442,0.0628420067395441,0.33472030937069897
0.04234289911606421,0.008389042210503931,5.047405657709841,0.13742370277602467,0.29111699069611424,0.20494806287307077,0.1639367175031838,0.20257452615160654
0.043208445042255204,0.011428378067818448,3.7808029088508466,0.014174643536259619,0.3333368601980404,0.33535980908023105,0.09682491276887853,0.22030377441659046
0.04353366753818527,0.00969856479028387,4.488671105419411,0.07213281204992625,0.19558047848628005,0.27535907728368336,0.33574475332265,0.12118287885746039
0.041799608891472606,0.008530715052941179,4.899895100477086,0.23786555756344863,0.2457275295360761,0.07585188706822528,0.21575190075201262,0.2248031250802373
0.03950172116045162,0.01204632708068464,3.2791506403465993,0.35511348892155786,0.46473742128955886,0.018698473824737317,0.0940236833609745,0.06742693260317159
0.04307091967653551,0.011555129580789273,3.727428530800911,0.059296840867488175,0.17441432197734316,0.33732484239832644,0.17229278039642282,0.25667121436041945
0.04204654217630924,0.012040668638826324,3.4920437923792713,0.14841262243552947,0.1260084434799218,0.3288481101880047,0.2584110137779331,0.13831981011861097
0.040482705132939924,0.011343663431263947,3.5687505520806178,0.3313534039961576,0.18069425136444703,0.06824348098332864,0.17515223074298325,0.24455663291308355
0.042829777364607205,0.007296208511801819,5.870141635251906,0.11956049367572875,0.27480212495446915,0.17363326507179597,0.1523406977853856,0.2796634185126205
0.04146771411888532,0.00927324495831609,4.471758732276103,0.2659553732268823,0.2380867670360346,0.05958710649140613,0.20825870508000627,0.2281120481656707
0.04334491842998119,0.005214869080790482,8.311794171333418,0.10643190128974546,0.3463754714764804,0.0847590990961624,0.1318094552347292,0.33062407290288254
0.04140043983824879,0.012482298249370503,3.3167321442857416,0.13531428347708047,0.32179014036262743,0.347368025657243,0.15156649467217406,0.04396105583087513
0.04227428889690137,0.009751591225763984,4.335116999696571,0.20025576344433962,0.03800873293849466,0.21080504275603903,0.2971269047349586,0.253803556126168
0.043557482744513286,0.005491379658326356,7.9319743770527396,0.14114203546158952,0.2978140477596093,0.03203624410848356,0.27707822844181285,0.25192944422850466
0.04299178280011373,0.008266519605210632,5.2007114061659925,0.22279319324732466,0.08114042159494922,0.08273258773218882,0.4892856139439962,0.12404818348154101
0.040011627772890176,0.012232879035703656,3.2708267331107996,0.3269316091795604,0.18823951410615908,0.17269526953898376,0.23170595581937292,0.08042765135592372
0.043692476620194154,0.005267069585242208,8.295405236835302,0.12166492361616739,0.2665463452016146,0.0676692239235377,0.2617461933946394,0.2823733138640408
0.045321407960261594,0.003814051847976503,11.882745638160712,0.021935433758101645,0.2245552490165333,0.07260903559854895,0.2627299297771608,0.4181703518496553
0.04027642633974188,0.011014455748335471,3.656687834605767,0.31892162582304207,0.32886660483263347,0.07586500022258813,0.19284327392527176,0.08350349519646469
0.035468637470450516,0.02088694367714835,1.6981248199206604,0.6251874273758495,0.13287056954947124,0.10701638009247308,0.008454208970850217,0.12647141401135611
0.04300494321158636,0.013760498432839628,3.1252460382506526,0.08746954123528694,0.03571843100719007,0.39997774846165923,0.3595332364689878,0.11730104282687587
0.04011219346533992,0.012660906449810327,3.168192863943074,0.27304486216216367,0.147167222234245,0.27034759450785856,0.11260097334480654,0.19683934775092615
0.042980269702814294,0.008905076095452167,4.826491008287326,0.14352427298889767,0.07058514436722718,0.2202573688985597,0.28238854239366323,0.2832446713516523
0.03967083342914219,0.015834414663238806,2.505355219807527,0.2018447422065213,0.29386009740976976,0.43269512482722605,0.030873925386780847,0.04072611016970221
0.04102107653516472,0.010649022348049295,3.8520978916603577,0.22662635177711238,0.13461321787923797,0.22567657825463885,0.05647430683757093,0.35660954525143995
0.04160846813771034,0.009121541828813931,4.561560854358398,0.1949665815142905,0.2298245163883447,0.18880837511121432,0.11504610019877194,0.2713544267873787
0.04149784868881459,0.009465315221285636,4.384201446930587,0.2688565998716743,0.19532470335655527,0.07656704680498568,0.24022238382087227,0.21902926614591248
0.042041165977882836,0.009669760913367307,4.347694462617568,0.17261272045534468,0.19731618831976905,0.23114630460983718,0.2397366431374518,0.1591881434775973
0.0401894275080576,0.012121280616806658,3.3156090332842636,0.358281710764109,0.33805469840869146,0.0009696883391085622,0.23649800629024692,0.06619589619784398
0.03988452677226962,0.014150472881862773,2.8186002761357334,0.2232105745133659,0.22495542994670928,0.3653195389487428,0.008216484373952502,0.17829797221722965
0.04432018226002766,0.01011978287949419,4.379558611858566,0.009657690697845006,0.21575161205091523,0.2949238374376233,0.33090719758160536,0.14875966223201115
0.0444534676491354,0.004245421451259244,10.470919827276504,0.08922755107262371,0.292611746991678,0.038813001880894454,0.3341607881231589,0.24518691193164482
0.04167915437034728,0.010898494644300533,3.8243037897113408,0.31951953977433917,0.061281228157356545,0.011537124558618566,0.3452603860956563,0.26240172141402945
0.039698354525732005,0.011951945919174074,3.3214971682598873,0.32122361572456043,0.24484678061940568,0.16463884139868537,0.0861538672991634,0.183136894958185
0.04381395386435744,0.008050711586641278,5.442246116114617,0.0604726977383722,0.24746914692832542,0.22473225062472266,0.30054552439521626,0.16678038031336356
0.04310139652883208,0.008387089395690028,5.139017184075932,0.09163554078934392,0.27505452917526774,0.22723927721944692,0.2324063067038139,0.1736643461121275
0.039995653548364,0.013102656560735209,3.0524843082752513,0.35979687869696964,0.09355912760209395,0.16498980050798343,0.3270422235580055,0.05461196963494746
0.039782129466025426,0.012429384747469942,3.20065154263756,0.3659275449195147,0.15966190793133261,0.056830492478298814,0.035840411694022585,0.38173964297683133
0.03822031037767477,0.015876815303596133,2.4073033317341537,0.4738291451767981,0.17528854288649307,0.07081260702673516,0.15045535297346013,0.12961435193651355
0.038798002810012173,0.014112926283654863,2.749111136146638,0.4086504795910503,0.12016817222707717,0.1204666580980633,0.017988249310574352,0.33272644077323493
0.042009997392979004,0.008982363991974694,4.676942220390189,0.2056727424374365,0.19507861626005452,0.16973703804450516,0.288390685371029,0.14112091788697492
0.041502648670137095,0.00986942854702529,4.205172414227191,0.2881736553369606,0.21643429327743485,0.028196982524601455,0.2714059346878328,0.19578913417317043
0.041312371602971035,0.011073426568713936,3.7307667456514357,0.27606875760717087,0.0761334517312758,0.184808882454578,0.3719843378790739,0.09100457032790134
0.04526764410708589,0.007787292565661701,5.81301443671128,5.6525316962795845e-05,0.11653322476271967,0.22063289953981358,0.371661906215928,0.2911154441645759
0.038313821499340685,0.01483461569645616,2.582730977553633,0.41494134413007794,0.20567950308374314,0.1764463493520112,0.10448134333896052,0.09845146009520732
0.04168088915674882,0.010364019642517493,4.021691447375938,0.29187560727459844,0.031863269240417436,0.09623858510104157,0.3512671381147481,0.22875540026919441
0.04475708990255821,0.006551742968536123,6.831325666696358,0.016671294353724914,0.25201643624985703,0.18131539835548993,0.30578910434913426,0.24420776669179386
0.04571728657838828,0.005803799383156386,7.8771307483624655,0.002647257833918142,0.12248591796396614,0.15357762639539216,0.4180711003581578,0.3032180974485657
0.03837616335369483,0.014199540803704036,2.702634112202007,0.39464338974180896,0.270787781888319,0.17285518115642454,0.054731588719141515,0.1069820584943059
0.041538811609211024,0.012170615983725498,3.413041021486223,0.14330582097849526,0.1971819864349439,0.3356259711044903,0.08571607837893222,0.23817014310313844
0.04441140114662155,0.004257182197721275,10.43211191909838,0.0899033078565853,0.4206521566236808,0.006683773817718007,0.38656803457094047,0.09619272713107539
0.0432058616727223,0.0076003754581430456,5.684700961244161,0.09516617191547312,0.2949633340593008,0.1981233295542861,0.24873115033580193,0.16301601413513797
0.04097948341902383,0.011032585943192732,3.7144041868360675,0.28851788258984545,0.08795215587044522,0.1640228420324861,0.2585268740911984,0.20098024541602472
0.043136224430716866,0.006249869921804423,6.901939555609639,0.16678563602089025,0.2854556512111259,0.042883260103452524,0.2819676392462696,0.22290781341826163
0.039549380331010624,0.011538652580039253,3.427556212189559,0.3327852525761787,0.3722879180317347,0.08764544175152275,0.03579989468677657,0.17148149295378706
0.042104850966070244,0.00929304341840185,4.530792450909599,0.17913745011725146,0.12636766570629082,0.2107998864863442,0.1695797279319713,0.31411526975814213
0.04183076043198062,0.010283277127513615,4.067843345392253,0.24725579000587072,0.049823166017597155,0.18235662165174815,0.3659355493191333,0.15462887300565067
0.04325174465675657,0.010151790634836694,4.26050400491266,0.10168878427578219,0.1283724741413494,0.2820725201658301,0.35540933081280235,0.1324568906042359
0.044403337686029914,0.0060444839741308634,7.346092383744747,0.08071821356121267,0.17368358380574306,0.1452767724922503,0.40878737413820115,0.1915340560025927
0.04086931814425294,0.01004259548960068,4.069597166048755,0.220623792459081,0.2967883548632695,0.20431230989809057,0.0809953970853723,0.1972801456941868
0.041155605816044855,0.013790466011235509,2.9843520721137446,0.15753203232304847,0.16555747953591624,0.38388672773756294,0.10920525699085736,0.18381850341261494
0.0439721209542317,0.009167501307065678,4.7965219181742595,0.06863098601509877,0.07664909518698947,0.2590761021986659,0.3224113408608908,0.273232475738355
0.04282892304315864,0.009105201422106007,4.703786446632219,0.1542973424187479,0.027936145227911987,0.22035830659010885,0.2362928895128086,0.3611153162504226
0.041217870329454974,0.010250558947227439,4.021036369007326,0.19446142100249472,0.26460870325216623,0.23779860266134561,0.11112021488908513,0.19201105819490824
0.041307837413426814,0.009138402903660418,4.520246901882693,0.23592574998617247,0.3020965986215887,0.13334075591806674,0.20466903819349394,0.12396785728067815
0.03962361277129435,0.013297412143861565,2.9797988016477066,0.25179859805515303,0.31123587923089924,0.3137042318017261,0.05360925183249219,0.0696520390797294
0.04086751312628872,0.01131839873336183,3.610715092217829,0.21863837600193867,0.18274949607447422,0.26213202716950124,0.09088113416072817,0.2455989665933577
0.04056187458997942,0.01247993028223027,3.250168364140145,0.36626042623151933,0.10469499725154226,0.06775594813860693,0.3764096719207453,0.08487895645758618
0.040928248506204926,0.010035320527701964,4.078419657172353,0.2572587508152429,0.1804259531476578,0.15444257814592874,0.08923538237679549,0.3186373355143751
0.04174013408461272,0.009324056012158277,4.476606964842864,0.1904119674815854,0.20515006519165313,0.2026840574016207,0.1539859035533773,0.24776800637176344
0.041347407397824346,0.009098494750245944,4.54442284496638,0.243644999332845,0.21702952957643512,0.11422700290263234,0.11757625850391004,0.30752220968417737
0.04144572743651506,0.013229449202494411,3.1328384728746284,0.13113642294511094,0.2854534650121288,0.37319807242505587,0.17208725254744534,0.03812478707025894
0.04047116660999199,0.013713348319980697,2.9512242864147535,0.2689359213529182,0.003842320640550604,0.3175375206830441,0.212088742949903,0.19759549437358415
0.04065205764295746,0.010367073641605372,3.9212664102058383,0.2703346351590303,0.24515767356595625,0.1537086937064309,0.13364238488233954,0.19715661268624293
0.03813844651536919,0.015858569790759697,2.4049108474833143,0.453237557173385,0.0685599956862093,0.16448093168008315,0.09739286201236179,0.21632865344796065
0.04442988254060067,0.004047246190898959,10.97780575852048,0.06914387476625937,0.3940447909112721,0.05358967156501325,0.34456437154788844,0.13865729120956696
0.04213157231652999,0.011301522901110929,3.7279553105527485,0.18355846317380628,0.07774303384321722,0.28386610743490576,0.36863145007958403,0.08620094546848679
0.03972495703932214,0.01330115533562461,2.986579438924859,0.3482305380241006,0.11883742279287658,0.20380712937413903,0.25632295433919505,0.07280195546968875
0.04199337374720109,0.010963212961089102,3.830389311622877,0.1766404165004237,0.026938052810289104,0.27683869792036314,0.16546135762203015,0.35412147514689396
0.0433638539327308,0.005258175448879328,8.246939333675698,0.12159002037301564,0.4098687170117211,0.06258958131096795,0.2693549263545636,0.1365967549497316
0.04236056061462011,0.013105232743340675,3.2323394360275906,0.10463192305076972,0.054069423586813686,0.37738218626416375,0.13420944573407734,0.3297070213641755
0.03614163588992029,0.020396919613731707,1.7719163763134533,0.6150314068080751,0.1984099734806101,0.02194345256316523,0.08968625104689883,0.0749289161012508
0.041501591146732776,0.008209216877584292,5.0554872365542085,0.20221996937440817,0.32503468513072964,0.1293958690386718,0.0636593336944951,0.2796901427616953
0.04183600721407062,0.012553012789384905,3.3327463228148733,0.11521920816579531,0.2200366101790291,0.3572284792962991,0.11145740809600489,0.19605829426287158
0.04128988367342322,0.010302635419072233,4.007701136059557,0.2264739267222482,0.1941668367503126,0.21094162122908608,0.21686196873511798,0.15155564656323506
0.04180014512441525,0.009807822235224329,4.261919121483667,0.17840238251777257,0.23924767676843112,0.23217853251129783,0.2229963318149388,0.1271750763875595
0.03861730069133936,0.015346089398606563,2.5164261518537643,0.45537558083268387,0.12981954340214083,0.08559189440431249,0.18970471447074727,0.1395082668901154
0.03990830634566499,0.013856549169221492,2.8801042639324876,0.2992210630061416,0.10423285554506646,0.2962013980608431,0.2315607957168216,0.06878388767112717
0.04194074052405909,0.012137762237452547,3.455393152672394,0.12050307378573183,0.2433072374275431,0.3418835904301349,0.1857246172908795,0.10858148106571078
0.04415623425216762,0.007404661017458056,5.963302593874311,0.19872136821206338,0.06405697679589548,0.016937012332596174,0.6553570625264762,0.06492758013296894
0.04346443954800135,0.008490990110642065,5.118889432402683,0.04550537508994015,0.31735439124196624,0.2417623226660234,0.15889235280930006,0.23648555819277012
0.04119456060884595,0.01112243651309669,3.7037352886068873,0.320308560484535,0.03404483449325098,0.08349090415604919,0.29472305526787523,0.2674326455982895
0.03971888977684402,0.013613045641645479,2.9177078239813343,0.3002133363846125,0.09478398350253696,0.28530609010630836,0.10377598509930355,0.21592060490723858
0.04086304570347559,0.011336167709295067,3.6046613592325407,0.3288972954663741,0.06363094646736805,0.07661799810086202,0.21645681637045505,0.3143969435949408
0.043816299982222986,0.006345177444958429,6.9054491166416945,0.03910253911965324,0.42142870196813964,0.16994253217003813,0.201198044036809,0.16832818270536007
0.039586073765052784,0.01318874361680579,3.001504534109688,0.33843104910078564,0.04856372689962173,0.21322720792179278,0.054992296432541325,0.3447857196452585
0.03952766208270876,0.013302374614898051,2.971474133530985,0.37701190318578753,0.110476488508874,0.1406962600350073,0.18026090397734237,0.19155444429298876
0.04103498988015307,0.01030992172689089,3.9801456274031075,0.27362099189912675,0.1889882256980483,0.14326413302148844,0.2408477159474033,0.15327893343393312
0.04383403220878779,0.009251167551048399,4.738216226969129,0.09869191082262543,0.08272232994054769,0.25085217825013795,0.4639613840801685,0.10377219690652033
0.039478394390660254,0.014496611517906946,2.723284289014336,0.2733662872710317,0.13397129562119817,0.3455567635479028,0.014043973452950016,0.23306168010691725
0.04565964012865243,0.00332644934448814,13.726239422316635,0.031976368176715696,0.20221200396074296,0.009529219503547091,0.2870050495875502,0.46927735877144405
0.04377065821951546,0.008139855995334736,5.377325869720804,0.039711132115670046,0.2913242312902126,0.23148120829550842,0.1999445132775269,0.23753891502108193
0.04259372012921117,0.00997667539326918,4.269330057380364,0.11689126770814094,0.24719618924925002,0.27132154472914394,0.2708197409751006,0.09377125733836449
0.03707889281680433,0.017943502267312388,2.0664245064549527,0.43779473241705,0.09915099190558234,0.33168645381459944,0.0017603056507335658,0.12960751621203465
0.042064574017656634,0.008055557468542342,5.221807948353976,0.22968376739916435,0.31789741847197156,0.01782554407967589,0.2030767476105668,0.2315165224386213
0.03947494210649135,0.012718429853786397,3.1037590772055315,0.37701673455934287,0.2649105140533817,0.0416617640263603,0.05933673346917613,0.25707425389173916
0.04329674633356652,0.009756572921903323,4.437700274485331,0.06521635682441172,0.2807754004664919,0.2784711762463776,0.28693058077217065,0.08860648569054794
0.03951367646124088,0.012789022068995072,3.0896558195044044,0.3797606520255032,0.35119133262165264,0.018858939885872974,0.14066696351964364,0.10952211194732744
0.04187075786948085,0.010385791394239603,4.031542352439712,0.12389525676019093,0.3184360728528808,0.28253398568544924,0.09803956789810343,0.17709511680337578
0.04463722147946426,0.004641315544681909,9.6173640963951,0.10482112640084426,0.15125360273747174,0.03543897242647378,0.35034116620616773,0.3581451322290426
0.04078930170225045,0.010506242899536687,3.8823870809277796,0.305146983401391,0.31717458875095156,0.05824871606354678,0.2704069946198723,0.04902271716423836
0.04093410860063292,0.009452422966724796,4.330541359049692,0.27346308634745314,0.37723992227387304,0.03619922925867534,0.11471064056602576,0.19838712155397276
0.044340312093784584,0.004559890910463209,9.723985280446183,0.044788410224238386,0.32802197629997065,0.10124762585568708,0.17599397915319626,0.34994800846690766
0.03962081059200272,0.015548302846841423,2.5482402151725214,0.24530736229531447,0.17814214719168225,0.40251984516015615,0.09632232041045795,0.07770832494238904
0.040279501158674666,0.013122250530335377,3.0695573953231943,0.22128090161567834,0.17661562718245302,0.3294163899616451,0.017363912046291057,0.2553231691939326
0.04150879468422097,0.0083627473637053,4.963535651497857,0.23633800355824724,0.3232131816072482,0.04847389160243593,0.08188875567988237,0.3100861675521864
0.04199394183868074,0.010334128406510957,4.063617190224065,0.3004515445880414,0.01812776363996522,0.036849131004403304,0.3742087462583873,0.2703628145092027
0.04118340731769338,0.008548418041610252,4.817664170988031,0.2297861542198365,0.35757942429837025,0.09798274982513222,0.0651995205809446,0.24945215107571642
0.03768630585990096,0.016931815732897947,2.225768721701698,0.4098087572282054,0.12318584739477613,0.3164019592007955,0.07076680318036058,0.07983663299586236
0.040266781593543535,0.0138907974783774,2.898809924788216,0.413295839417617,0.05408086262211019,0.0111611722134697,0.3552702049269606,0.1661919208198426
0.042730376347515864,0.006618246103124356,6.456450195670968,0.16948995377331835,0.3417746007469083,0.07688554507976232,0.277881020449486,0.13396887995052525
0.04491697962624231,0.004660326078411782,9.638162409774944,0.0360034523681742,0.2373894377921046,0.11003335925912447,0.29923468129244063,0.31733906928815603
0.04120871105924611,0.010755478852296208,3.8314157486766276,0.30832746950847223,0.11705988143001272,0.08591339794578677,0.3242145828969654,0.164484668218763
0.04043955606704497,0.010014907598074302,4.0379360139898655,0.2768376346127502,0.32355140362005325,0.10861919168626896,0.04658584100970994,0.24440592907121764
0.04158920861085893,0.01069825429907127,3.8874761665059077,0.22827295429933409,0.10450724867256225,0.2261512742431792,0.3056922276934487,0.13537629509147564
0.043180276492070326,0.009811542060731348,4.400967373405082,0.08487288948906405,0.25393499144410897,0.2752552686618369,0.3342442408254387,0.051692609579551504
0.03892858046615379,0.013857827239680324,2.809140263683342,0.33039606008054984,0.28426384496204304,0.2607830043502902,0.11631154958217642,0.008245541024940612
0.04223573712605874,0.009177647859805259,4.602021974610273,0.2346242363064686,0.132101973093456,0.1339749168192815,0.42858628480204153,0.07071258897875245
0.03978112485417941,0.012935813686920875,3.0752703940380073,0.2925119288701501,0.1577439144076269,0.2624686248617549,0.0887924132563575,0.1984831186041106
0.041980227443939776,0.007328871667655583,5.728061473529491,0.1978216262463973,0.32846541561972725,0.0637259178486609,0.07270785481847034,0.3372791854667443
0.04383431722846309,0.004066052922383625,10.780557475569276,0.06676291985030494,0.43253630209721655,0.04127446218796824,0.052469259927917844,0.4069570559365925
0.04272680249060801,0.00749793185405734,5.698478370070454,0.16544707813711884,0.17194599031365568,0.14212714703545404,0.22275720073976132,0.29772258377401006
0.04343806649343839,0.007257610380896567,5.9851747632768735,0.13561534331759226,0.15905135718821856,0.15885951335303786,0.3753372702160105,0.17113651592514093
0.04170663194419084,0.009885775170924909,4.218852970362342,0.22018426208886774,0.14507469358221461,0.1977563052378349,0.26972977669659126,0.1672549623944914
0.04163411235794695,0.009925039275794892,4.194856181525034,0.20100092935260236,0.11293174640861481,0.21823053197921352,0.11100186339291275,0.3568349288666565
0.04310483942799871,0.007252017339214756,5.943841197801945,0.17605151599728303,0.05845126507279962,0.10864118088401559,0.24202258699841764,0.4148334510474841
0.044056388854598325,0.006469138802793397,6.810240156784798,0.10794163223573541,0.09494988062813925,0.14600916078403986,0.34755282524753245,0.30354650110455306
0.04359932479605751,0.009765907117410832,4.4644418866454165,0.0532220597962835,0.2182512282132752,0.28158763234408407,0.2731051772879034,0.1738339023584538
0.038943680461257034,0.012993415007063053,2.997185916103484,0.37676340841410066,0.3004436333505065,0.10370844955961007,0.028857686502169945,0.19022682217361286
0.0436990317848984,0.013037868347878801,3.351700647599193,0.028619821139670494,0.1825217167296861,0.38299565742883307,0.39011845132807565,0.015744353373734747
0.04360665363760981,0.008046126535247921,5.419583379229839,0.03168928944831897,0.3052774762416467,0.22786362032644336,0.06806686584975961,0.3671027481338313
0.042791034179956465,0.01277923574657583,3.348481476399888,0.10577706207471696,0.03818265627299203,0.36619892972309187,0.29712202823253514,0.19271932369666409
0.04130098860210555,0.009596907393518712,4.303572693636519,0.27886000777824493,0.36688034110629364,0.01376029404362683,0.2526751433919827,0.08782421367985177
0.041567368885036204,0.009070705038743838,4.582595146406909,0.20785445845984307,0.18586658854620755,0.17096088840955578,0.08344908900812978,0.35186897557626384
0.04327530812091549,0.006173149183031004,7.010248227901631,0.12627263453352625,0.2951845398269632,0.11800386853572335,0.2793862059044709,0.1811527511993162
0.041973149840967935,0.010548796125968644,3.978951658534755,0.13849375411710335,0.2528466905297463,0.28251976869335355,0.17335395503141793,0.15278583162837903
0.0419547530999073,0.008815818079637846,4.759031177924534,0.21031883100668194,0.21313965080829714,0.15497636185817798,0.2759707925572021,0.1455943637696409
0.040594905789909874,0.014205294171651282,2.857730737524808,0.17850010286420367,0.23852044272819328,0.3888593264716288,0.102721121086655,0.09139900684931927
0.042748962683915794,0.00867058110414536,4.930345748507874,0.09270224301267226,0.361320666876734,0.23535939603992675,0.20365897491658355,0.10695871915408345
0.03761321166865489,0.01633250928360995,2.3029658832890187,0.412085868660664,0.20493488981895996,0.2810134009409583,0.0520366423403471,0.0499291982390705
0.043227993144127945,0.01078689848926745,4.007453410926054,0.04484792820875198,0.2445968787581953,0.31487088861477897,0.16285202180793912,0.2328322826103347
0.043720429095265426,0.0071996458599166615,6.072580505476627,0.010272279436869312,0.5761116966030232,0.19555185284919652,0.21066997914160357,0.007394191969307354
0.04109990924144168,0.009411982386503662,4.366764359905413,0.20880592051095512,0.2792403682315246,0.18636705172082413,0.028845661390803128,0.2967409981458929
0.04134925271343683,0.010311937094560384,4.009843381923736,0.30167483382887406,0.14478958880699563,0.0333558048127495,0.222870250555786,0.2973095219955948
0.04111998828763753,0.010766738882095887,3.819168342237439,0.25408077725811523,0.2036702543743448,0.19930746555362824,0.3190834992487064,0.02385800356520538
0.043584197250318764,0.00474245571876152,9.190217017292607,0.083537954797072,0.4640688426017971,0.08105624887181549,0.21409906927584954,0.15723788445346573
0.04253397160223242,0.011538335629935286,3.6863177642260156,0.13613590626502836,0.01438388631411433,0.31665147661524,0.22437581146429705,0.30845291934132035
0.04335151104768029,0.007356550892305987,5.892912545880766,0.09671442819028711,0.2990160735154382,0.18781695973779927,0.30528763394297875,0.11116490461349673
0.04309280862874364,0.012271283587636763,3.511678979708313,0.0009976168973755467,0.34041974907996886,0.3605126280935555,0.025578748944401323,0.2724912569846989
0.03780988674638783,0.017412477193407654,2.1714249113677297,0.4083061927950948,0.09001880793622531,0.34129061837803076,0.15022227690621465,0.010162103984434585
0.04148085351888971,0.010086523400685629,4.112502581025099,0.2247686662025224,0.12748443184276723,0.2026752988096873,0.18742833546025886,0.25764326768476437
0.042457938858168315,0.007884389912889011,5.385063312097259,0.1939117392164229,0.18930571385175465,0.12475234021272331,0.27679516208228144,0.21523504463681756
0.04227975337532577,0.008768432276314459,4.821814441052712,0.2507263239194544,0.12265592231623411,0.04501642591949318,0.29671625441853344,0.284885073426285
0.042915543029807164,0.007733409391100049,5.549369089291494,0.1307331785177578,0.2571277100082452,0.18339989382274838,0.2834309059455491,0.14530831170569944
0.042057857901647906,0.009898821758803565,4.248774139633694,0.27728955354643314,0.029930222852697284,0.09054734511737011,0.4047041778027743,0.19752870068072514
0.04496646218129861,0.008498984375550323,5.290804194281973,0.020702152389818602,0.09885742756376327,0.24272503097693837,0.4233632514140641,0.21435213765541578
0.04119339173718241,0.009626383552429082,4.279217788573138,0.25949839251479667,0.2988051526414023,0.11879508229207908,0.27871731688960705,0.04418405566211501
0.03677944906388231,0.018828233947778057,1.9534200162316708,0.5652782295451848,0.13280059359621343,0.07150037676634641,0.08783377981554437,0.1425870202767109
0.04069535809987825,0.011953206304416186,3.404555820712565,0.2392229103241568,0.15562521174482655,0.27118574778710536,0.15400024604852092,0.1799658840953905
0.044570225553533356,0.0053851182025082215,8.276554734262643,0.061996326155865714,0.1816636907712301,0.1294819470301058,0.31301132579465185,0.3138467102481464
0.0426815078009573,0.010553494741436327,4.0443008545194346,0.09259755760482176,0.2892846588306124,0.29770243697265825,0.26241681877881495,0.05799852781309256
0.0406820858127574,0.010202308478834906,3.987537320318632,0.2692300454818823,0.32894912612344124,0.14211474581442324,0.21181885825355393,0.0478872243266992
0.039670290709452834,0.0133849659777144,2.963794661525683,0.3922202967410553,0.046162555476772144,0.08781639833245315,0.1257878331435412,0.34801291630617803
0.041040980088441675,0.011873282258193785,3.456582535138435,0.3425825832777533,0.00342967813591241,0.0897515987180196,0.36678306897365437,0.19745307089466027
0.044674479333830584,0.004014389297508176,11.128586697249581,0.013795535511452727,0.5072856755021894,0.07959015152107961,0.2686460006476975,0.1306826368175808
0.04197124715213625,0.00820465003935134,5.115543862423472,0.2119810994443006,0.22326522328116902,0.11417860452172346,0.18926736456360774,0.2613077081891992
0.04052544760630965,0.011880471097785785,3.4110976974526332,0.3143027477861638,0.16004176898173472,0.17029404025105413,0.34210255156965613,0.013258891411391392
0.04238539564536006,0.018603022872501908,2.2784144241424396,0.015261424599468457,0.13768143839488034,0.553696393807885,0.10250286469937381,0.1908578784983923
0.04001029915978266,0.012743441559273467,3.1396776901815007,0.3472735882414047,0.10171013557110589,0.16733355375675388,0.25775636378837996,0.12592635864235568
0.038460061851881416,0.016427412507948175,2.3412123992913094,0.38096197458982584,0.06274270347418709,0.32626889672631654,0.1804591804339516,0.04956724477571899
0.04392278994741076,0.006271598767739739,7.003443870380179,0.05470669492225261,0.2309935976033492,0.16322514488246312,0.10831912109380855,0.44275544149812646
0.04176212133389628,0.007400528901418721,5.643126577870706,0.19839143467882883,0.39766119875701,0.07021485422835906,0.07854917490114689,0.2551833374346552
0.042457321847866006,0.007421514705207376,5.720843188261209,0.19571268213977083,0.1341161558705308,0.06866544367988069,0.055311169654562724,0.546194548655255
0.04277684564755909,0.005758041603519978,7.42906157909817,0.129846076777928,0.45024975846728277,0.08426883625387126,0.16310956099261564,0.17252576750830237
0.04038986700574458,0.012339415783895307,3.2732398124114677,0.19055107357324022,0.3316998363991926,0.3180355323524755,0.0037932199169881426,0.15592033775810352
0.038500243171190454,0.01586393087639098,2.426904370119722,0.40704488180142917,9.724977818226807e-05,0.26235731361397147,0.1275679887799888,0.20293256602642845
0.04237210015633745,0.010513408816568346,4.030291306618096,0.1336753642990767,0.12459512728217105,0.2836793344389826,0.17061900184051623,0.28743117213925345
0.040989222985443295,0.010481310599852984,3.9106963384920803,0.2604943165615576,0.1258558493325618,0.17691348765319806,0.13974130646894994,0.2969950399837325
0.04345202262542115,0.0075046558018980955,5.790008732236749,0.06621892448943097,0.3305380460388898,0.2048802454190284,0.2159404383985643,0.18242234565408655
0.040948370324972644,0.010681616312482734,3.833536903691216,0.2073818680280923,0.24971082924118182,0.24498340467557236,0.08009108292140436,0.2178328151337491
0.04201571690858573,0.00899705015549286,4.6699436129000995,0.14451513606402533,0.2595985825007633,0.22325010158380076,0.07322203617425355,0.29941414367715713
0.04248861179092624,0.008902312599402098,4.772761158014141,0.14824148560266132,0.17887113691026169,0.21818521561328771,0.21177206536764898,0.24293009650614034
0.04084642081666803,0.01741698235051747,2.345206534325647,0.1546486785704495,0.08257178082758526,0.5005410964585316,0.1765148973789759,0.08572354676445777
0.04161247501697565,0.01769778561274659,2.3512814499800943,0.0693783027316828,0.16536083725650588,0.5243052163824171,0.08313519497377798,0.15782044865561626
0.040920042571734906,0.010238344948703213,3.996743885535702,0.2939523742231036,0.3075444651310649,0.07306023046736573,0.2810921699386518,0.04435076023981383
0.03967219686756194,0.013358711538839298,2.9697622223684115,0.3571084458702417,0.006099936869046384,0.19067677093810265,0.11598328060112502,0.3301315657214842
0.043498367546491175,0.011220317313117232,3.87675021415294,0.00756725069151084,0.2191080577742674,0.32836821508652503,0.022011995080324715,0.42294448136737195
0.0409459863103533,0.010972075987693203,3.7318358309111463,0.28016983505390514,0.12819167582931737,0.17488594704677024,0.26287901358326976,0.15387352848673752
0.04207853660381952,0.008169766410337294,5.150518936572911,0.183287445431915,0.2272096914064302,0.1555926423129137,0.15329590444449753,0.2806143164042437
0.04190078909382398,0.01187631744515303,3.528096085956725,0.11324412019018613,0.23428901333980362,0.3359219436803226,0.08333490568776232,0.2332100171019254
0.03971764452141792,0.013451841926352013,2.952580378127361,0.2847613226017946,0.1591452411173585,0.29345038924112365,0.09313475724394957,0.1695082897957736
0.04202284058744807,0.01381853798694806,3.0410482373127783,0.12317148394928719,0.001472908188917258,0.39493826099486723,0.09506481072657996,0.3853525361403484
0.04193939296016716,0.009572762991608913,4.381116820392346,0.1595997910920858,0.22091939219965714,0.23638223083824272,0.13877621309400995,0.24432237277600438
0.03830803335486618,0.015389321538289485,2.489260703245018,0.35666675630111877,0.24347707077081887,0.30442772256090284,0.09030031805397509,0.00512813231318426
0.04354393792428301,0.0059291133805454855,7.344089264199045,0.12276041065764447,0.20794165375791515,0.10902254893188726,0.24573939112964047,0.31453599552291256
0.04203532260587237,0.009727647984008794,4.321221602074203,0.16285944766107371,0.22195691785687263,0.2399750996956923,0.22119466065339125,0.15401387413297016
0.042567261560679456,0.0057251909856686515,7.435081496361292,0.11475507203009698,0.52616455933521,0.09751998464750355,0.08445134781540148,0.17710903617178814
0.04202908876697517,0.008965969741034752,4.687623311354678,0.25821656801509246,0.3067744388967113,0.005983884667913493,0.3502376099249469,0.07878749849533588
0.04278562515631165,0.008691190046279803,4.922873039075438,0.1691946889215133,0.18380488277442622,0.1897165979301447,0.43391815556613134,0.023365674807784537
0.04394781107601936,0.010344288066201435,4.248509979107494,0.07442712147409541,0.008452954250058969,0.29476506854084344,0.3725648013663463,0.24979005436865587
0.04058767875089494,0.009366472357248383,4.333294030327818,0.253323021620696,0.3897963132173159,0.10944149496951396,0.028529595230777385,0.21890957496169683
0.042426217442501565,0.008999828622198313,4.714113926331462,0.13196334071776214,0.22864041988298245,0.23128539500189949,0.16160676860782494,0.24650407578953104
0.04138119597487122,0.014978792439587467,2.7626523394172158,0.18080777838034923,0.05377326419934271,0.41223194633284105,0.33353969513251014,0.01964731595495685
0.04145034637445945,0.009042904986692739,4.583742330087124,0.23619588820728846,0.19688250225591963,0.12595234624997576,0.12047152843377112,0.32049773485304506
0.04119120296267828,0.010124954298781862,4.068285322298592,0.22327340143295893,0.21810253249120579,0.20622960988627967,0.16187352818378511,0.1905209280057705
0.04186045904324825,0.008966831154566273,4.668367043125509,0.18932126368149305,0.22798932991576382,0.18774764446777292,0.1888029171194144,0.2061388448155558
0.03967572491635886,0.013751486132913852,2.88519542781605,0.4076889110804526,0.15610446195612013,0.06195152294070438,0.30706915021443476,0.06718595380828823
0.04478888668637025,0.006787310355259633,6.598915379147556,0.0918992140121001,0.012940497180682468,0.1629537225691496,0.5265204653061536,0.2056861009319141
0.04382644122998387,0.006128142519562502,7.1516680772484245,0.10687223650427309,0.17899074880322113,0.13368912449121284,0.29896610101630244,0.2814817891849904
0.04588310872701797,0.0031522014857337257,14.555893376320117,0.0124965452677543,0.23369032352459704,0.01654436461226663,0.3095757332215253,0.4276930333738568
0.0411683127494623,0.011073395734136722,3.7177676783057523,0.258302278589741,0.05855274602797742,0.2113823648080588,0.22573386619667932,0.2460287443775435
0.04211780327680245,0.007382518543936535,5.705072466278457,0.16071633411136876,0.27910976397096304,0.13713236556418143,0.01504987230933085,0.4079916640441559
0.04234321200768032,0.010559501278617463,4.009963244516435,0.14300973237322742,0.08223898195621071,0.2807747948417382,0.1642946304769815,0.32968186035184216
0.03882758900714194,0.014010487592261667,2.7713231785442902,0.3043352137563908,0.33343286886288004,0.2966533224366304,0.0406332119878884,0.02494538295621029
0.03923235282297585,0.014475686641802595,2.710223963378805,0.40377449596077153,0.060978903252820446,0.1726268235289141,0.2691205594992816,0.09349921775821243
0.04309157840575294,0.008124430657753099,5.303950543861296,0.12487576791519889,0.25843813106373076,0.20004457881963086,0.3750266976507658,0.04161482455067364
0.0388881787726061,0.016147632485406533,2.4082898101471777,0.30863989662336716,0.1100411437136756,0.3831329360497419,0.07338602994703756,0.1247999936661777
0.03870004565221527,0.01564389640000387,2.473811169716369,0.3519328122646362,0.1029532459359743,0.32267823423456127,0.11954352637840505,0.10289218118642322
0.04238637961063506,0.007330497776193915,5.782196639945315,0.12688671962268222,0.37364794451060657,0.16845810444561266,0.10339120676115054,0.22761602465994804
0.0420129823625415,0.011329502027308966,3.708281463851824,0.1226357705799745,0.2512865029173139,0.3149663337687719,0.167453132808322,0.14365825992561776
0.042600764782241514,0.007055877834426175,6.037627887261466,0.11640668855513753,0.33029576312805836,0.16399883531059586,0.06040200265107573,0.32889671035513274
0.040999189771904865,0.01051729244016171,3.898264691713229,0.29527855749202647,0.13389807285969355,0.106997373439893,0.20909805925759553,0.2547279369507916
0.039952728089757396,0.012222362948124652,3.2688219339687974,0.3164538353747111,0.20999055633784972,0.1913162352438389,0.20731546306171098,0.0749239099818892
0.04097331721192607,0.011542459935745637,3.5497907239891333,0.30886066006147017,0.04163514237853004,0.15800211768548691,0.3312026478914665,0.16029943198304655
0.04355994246617463,0.00539199849258863,8.078626603113543,0.1272450133089869,0.4093493748330117,0.05462736933950349,0.3819804582159734,0.026797784302524563
0.041868106529243276,0.008715133920224124,4.804069210237285,0.19199127180372183,0.2932921458562976,0.17179948458196828,0.2482042715336891,0.0947128262243234
0.04115048425681189,0.012623278199570324,3.259888881971451,0.2218102242103002,0.05245112246922661,0.3103191404818674,0.2275618923237943,0.1878576205148114
0.043700270489764464,0.009426607543475062,4.635842776759392,0.026520949623754377,0.24245960978879624,0.27340904555180956,0.1288854529036765,0.3287249421319633
0.041958487808029306,0.01754700131213998,2.391205600412198,0.05422133780885579,0.1474028432416198,0.5209508218045635,0.10398710611696257,0.17343789102799828
0.04013061836263562,0.01105498579246142,3.630092260272407,0.32479534201011145,0.3637127531067614,0.02569460344623322,0.06317171995973633,0.2226255814771578
0.04239407632221159,0.00871560563404002,4.864157248767151,0.17439336385652596,0.13349715040990925,0.19036045040668104,0.22240430214423784,0.27934473318264597
0.04072395050347674,0.01102041746508775,3.6953183155255793,0.2651656913096809,0.12361295456829274,0.20014254839763754,0.11229006351412622,0.29878874221026264
0.04120037119498426,0.010401241508840916,3.961101293529671,0.3026566861618195,0.1203804020774384,0.05162030211367063,0.18127924612074228,0.34406336352632916
0.042892394248123994,0.01019348131663452,4.207825856131097,0.06696113967048012,0.27679379302158286,0.29297851087182186,0.14280953787207648,0.2204570185640388
0.041054726262184094,0.010522836450840359,3.9014885819027856,0.2248355372028025,0.1364108217034598,0.2215830994248884,0.0495511669880015,0.3676193746808478
0.03808112613399039,0.015943835084351876,2.3884545927952567,0.4019981409850435,0.14902947448924644,0.2746316257197742,0.11254710875812207,0.06179365004781386
0.040586877315639876,0.012684155109276164,3.1998092869392556,0.24854877641746026,0.05022806891289203,0.2928789986494849,0.10178175254410704,0.30656240347605573
0.04150915700285843,0.012653999723037353,3.2803191015792863,0.16756582063999784,0.16771952376831,0.3412992655522943,0.2320272507138737,0.0913881393255241
0.040085082537175,0.012566305115024263,3.189886141571504,0.3724469207317579,0.14897429670347523,0.045012351045466824,0.18219279257877824,0.25137363894052167
0.04028695884289951,0.010971905451043694,3.6718288379952493,0.24668974355336282,0.33799121506627666,0.21899118258349534,0.09048763534227637,0.10584022345458878
0.04480391342179109,0.0036094209943551476,12.413047270423958,0.047001708312831465,0.3430136551963228,0.04937926038525785,0.28236872787055206,0.27823664823503574
0.04154062926238062,0.010754165225691135,3.8627479112132517,0.30866474198555743,0.029325846832012236,0.07973430156317338,0.3574138320960204,0.22486127752323656
0.041863832356379096,0.010373021542583872,4.035837791767567,0.13986453469595356,0.228480727742674,0.27580227405945057,0.08037253023728748,0.2754799332646343
0.04323251293288409,0.005096076187695078,8.483490305202418,0.0673423782262367,0.6057291329280586,0.10213489260251929,0.1649482673161156,0.059845328927069855
0.04013083082364505,0.010683354919824277,3.756388430864294,0.2988226054483866,0.3659566835971129,0.11042166006764334,0.12106887975282085,0.10373017113403625
0.04517215352761013,0.003482870015555098,12.969807465068609,0.053424337289828795,0.27171221098479664,0.02095173426741493,0.3339360974852602,0.31997561997269947
0.04380685936163466,0.010592837720020589,4.13551689542446,0.03691338697687805,0.16503436164091362,0.30943760097607154,0.26573207829599776,0.2228825721101391
0.04377018221713725,0.013903870492831365,3.1480573873084134,0.011639410482768904,0.035433644433985514,0.41146491199261415,0.19507621322456795,0.34638581986606354
0.04121441299430299,0.009972088815160556,4.132976927726994,0.28846219209429225,0.16475541174307692,0.0559540613568975,0.15090573134947483,0.33992260345625847
0.04236657305694781,0.013166080928553835,3.2178575604123503,0.1286069532650508,0.02433554820566159,0.37256498815979344,0.26440212466071,0.2100903857087842
0.04074744904410338,0.01265554185573,3.2197316802878984,0.24650124718982275,0.1222418548720368,0.29288399484338984,0.25496436861780813,0.08340853447694249
0.042431776846601814,0.010273593254147327,4.130178779413193,0.15034544483748338,0.11172867134669055,0.2671592239902963,0.25905178547463265,0.21171487435089703
0.040370868007200994,0.01208079630583207,3.3417389868341494,0.2842280174186251,0.1389814221567649,0.2306342416132559,0.19366457993716624,0.15249173887418788
0.0434793398708943,0.009780917818701013,4.4453230951150875,0.018601673622955558,0.29054464169431454,0.28396041300936026,0.05518136062084485,0.3517119110525248
0.04134028507659786,0.012186084558026443,3.392417382281236,0.18098292460845938,0.1256223489051163,0.3193243441306731,0.13307295034037062,0.24099743201538068
0.03833917853516145,0.016169171467549467,2.3711282060497547,0.40762137457535713,0.03483465220703733,0.2789316994920539,0.1469610050760983,0.13165126864945328
0.03959054224907159,0.01651908958790784,2.396654006771191,0.2811423101513679,0.0048977390733017795,0.4159770322291574,0.16972154070561396,0.12826137784055885
0.041174580926854325,0.010269987307326181,4.009214392843708,0.25638641381861804,0.13562999712674775,0.17120546849699148,0.1939256983761285,0.24285242218151418
0.041846248823624914,0.017454062629868955,2.397507658303796,0.06749715713780255,0.0424793659149732,0.516969510444131,0.004621721581281912,0.36843224492181137
0.04157790185720471,0.011119521758614222,3.739180763326856,0.20445152760643565,0.18487367719033931,0.2629239631178724,0.3320636758099733,0.015687156275379307
0.04232375234061719,0.007890532928859674,5.363864864668114,0.2057280118497271,0.23995757159676562,0.10242011740531412,0.2989055869093098,0.15298871223888344
0.04247261542533928,0.011515177215943147,3.688403107382015,0.05847067638390903,0.30373461860921885,0.3352019355704673,0.03537669624494603,0.26721607319145896
0.044006823933831596,0.008046474715694104,5.469081242248766,0.14543278154428654,0.004546819357099133,0.17627575198637366,0.5782497352427779,0.09549491186946281
0.042438598699153736,0.008893261026433164,4.7719951739879,0.07897487646267799,0.44667253563245424,0.2455994228973309,0.08974339541102978,0.13900976959650704
0.039420529906488574,0.013246229839066308,2.975981119565658,0.2905651827401852,0.2279131275484181,0.27825178985950116,0.035753121355921284,0.1675167784959742
0.0393188813716602,0.013890620075320012,2.8306066365978535,0.40934933805495866,0.13649634100993413,0.08688602321590352,0.1960629264428951,0.1712053712763086
0.04314371368887014,0.007699161024884895,5.603690265656596,0.07886755465434646,0.4056406767138276,0.2054252384329784,0.2585689152798741,0.051497614918973485
0.0413643846530556,0.011250301819253775,3.6767355505311476,0.1853271523160886,0.16870566193831546,0.2831178268860319,0.1252608252892621,0.23758853357030196
0.04278127432063533,0.010447826177294875,4.094753644888084,0.09667828178357762,0.18400545355574044,0.2946203464887897,0.19866732174347293,0.22602859642841927
0.040023843624024176,0.010985583238155688,3.6433062092699204,0.3178465840375757,0.33578558090946115,0.07557149209780527,0.07105884588952457,0.1997374970656333
0.038858404492889465,0.01433636416095706,2.710478337228243,0.411671380841064,0.20269047156056824,0.13683763153488043,0.22217122308399925,0.026629292979487917
0.04485759091893973,0.005223097524180929,8.588311956892701,0.1264200831827134,0.10624047555081989,0.019915071663465237,0.5152294083735456,0.23219496122945593
0.04316153191183115,0.007381806281824748,5.847014980344596,0.09839961594647716,0.29907258512555374,0.18884242269887347,0.2294627040407986,0.184222672188297
0.04442478822475496,0.004340924137385323,10.233947154744202,0.0032854748266792928,0.567711561403314,0.09129395520503411,0.18074161761516105,0.15696739094981166
0.03987460843314696,0.013819965638030377,2.885289983892456,0.28991101778226425,0.1401558721697287,0.3035460795660827,0.21283033975068907,0.053556690731235396
0.03894595140769605,0.015208442166996506,2.5608113559593746,0.4543107182619047,0.15947010830234393,0.04972380114132149,0.2721629911078197,0.06433238118661012
0.04072606106484576,0.01246389326771788,3.2675232521710003,0.32184022472135676,0.025635019235510825,0.19342886247334246,0.3929167629594672,0.06617913061032275
0.04264161113134969,0.011954941195458304,3.5668608012517273,0.07150448449264867,0.21322051972059503,0.34793872286467137,0.1370073375063402,0.2303289354157448
0.043680659906193034,0.006151511174806157,7.100801520948139,0.08712170569557849,0.36686377256598546,0.14451663957697813,0.3507857981952086,0.050712083966249176
0.04240811920607883,0.009506775982094475,4.460830810145557,0.17269314080180748,0.07809644469873311,0.22425402685182652,0.2459525009533249,0.2790038866943079
0.03936907004245724,0.01296219663891423,3.0372220958495633,0.3258182895036709,0.1508130663134475,0.22016620875930032,0.006048782474776671,0.2971536529488045
0.04231853727993504,0.008350985238532109,5.067490370438442,0.20103492660184805,0.1375655703150997,0.14179943536063647,0.24747916438399034,0.2721209033384255
0.041814201678639695,0.009184074527069425,4.552903131980824,0.24711266212181107,0.15617199989546807,0.1135222382764014,0.28921114681163,0.19398195289468945
0.04207885459083521,0.009199987747824025,4.573794633670863,0.17894540934246927,0.1969387562697907,0.20732275062346972,0.23471041848812113,0.1820826652761492
0.03992741450881224,0.011166285856606076,3.5757112993118314,0.2995208286892291,0.29416889104969934,0.15132757856350326,0.05766809526079579,0.19731460643677265
0.03942383092647015,0.014813525774414674,2.6613401513474533,0.25702055976756594,0.21670814612650197,0.3687485650959992,0.03851554102442478,0.11900718798550815
0.03978703944191697,0.011292305635395824,3.52337606920629,0.3044159224504487,0.3303022915555482,0.14975732859547095,0.06773456132076672,0.1477898960777656
0.04188253621594164,0.008179711891216024,5.120294794358,0.20563748580144509,0.2342192015579451,0.12367695650706725,0.14093082609869373,0.2955355300348489
0.04062110122147754,0.010325357564894265,3.934110849544561,0.2646859340270245,0.2818444373496392,0.1606030356058491,0.14322327158494774,0.14964332143253942
0.040658421642363884,0.01115929786915724,3.6434569736451032,0.2837961262474917,0.11792662129668205,0.1808476436265739,0.1559972028496573,0.261432405979595
0.041288001649628814,0.012752985274398556,3.2375166097395183,0.15371491184638109,0.180795008116344,0.3509730511621654,0.06702915012094542,0.24748787875416406
0.04169491120030419,0.009453390737969,4.410577363827667,0.1352359771516333,0.33336271221976904,0.24394869640708486,0.00356978548669282,0.28388282873481996
0.040218384563280966,0.010901714364067642,3.689179813391726,0.3086849016305998,0.24625309268132595,0.10365671803755896,0.06554768064994186,0.27585760700057355
0.04232754805215755,0.007277251937414553,5.816419222005881,0.17954568029233733,0.35163910801756076,0.10707826511299116,0.2601806784564428,0.10155626812066784
0.03966556402733869,0.013277106700733279,2.9875156479045244,0.3430301534659197,0.026061959647762093,0.21116431280666545,0.09309254027283635,0.3266510338068165
0.043393352389837485,0.0054170343419483674,8.010536697877018,0.13462059160162698,0.3279285696026191,0.04870664420319728,0.23641016756796765,0.25233402702458885
0.0456056060971214,0.006051140147256815,7.5366963889930645,0.011405415773510933,0.01856813891328459,0.15904774987547932,0.31427466903890644,0.4967040263988188
0.0438695112910055,0.00898906239211865,4.88032114778389,0.03397225381592154,0.26313175386595966,0.25922249454856594,0.2505251110731715,0.19314838669638154
0.03996310954819872,0.012493692552771695,3.198662795598648,0.28640523156741793,0.1486420845891972,0.24833080756554135,0.07776712448614678,0.23885475179169668
0.04045615389264277,0.011081246897471786,3.6508665736770958,0.316151147102041,0.28872205178071597,0.09646584136660163,0.26844092298811834,0.030220036762522984
0.03920937664429064,0.014792745126938185,2.650581505179102,0.32274769518336627,0.16294182726126596,0.3136813958878942,0.19632718441841024,0.004301897249063376
0.04414789821349554,0.007459358668936182,5.918457627911825,0.10148156094244316,0.01859860412845809,0.18748125545184396,0.36861386936103935,0.3238247101162154
0.040927146755183476,0.00980972319241885,4.172100063619817,0.26451119586864436,0.2706427256835833,0.12470619650952293,0.16966333285564558,0.17047654908260404
0.04383506796359872,0.008970277982877969,4.8867011755119485,0.0405988780768311,0.21450593776982063,0.25827112510929234,0.21910549372407137,0.26751856531998464
0.044658849697475564,0.004529871096754272,9.85874625206761,0.05379212349122802,0.3444979998490804,0.09417258576227792,0.3967185940440326,0.11081869685338101
0.04069087071664998,0.010420966535666277,3.904711772884353,0.2740270589814639,0.2713947504878854,0.14974268920716072,0.20146290249540494,0.10337259882808511
0.04232620546206082,0.007161795030183409,5.909999557886938,0.17986067500856573,0.28805058066107253,0.09988630417686888,0.16028832160260942,0.27191411855088354
0.04141844160126937,0.00921291383517312,4.49569401627765,0.19440313403506276,0.35712696886786693,0.1917788443949501,0.18913744866789464,0.0675536040342254
0.042963814831468224,0.010887443883504464,3.94618014027724,0.04789727825088793,0.23435193798116813,0.31706990539899843,0.05189360843642105,0.3487872699325244
0.042832942988343024,0.010465171443690047,4.092904088462789,0.11577717407815614,0.1371909964606016,0.2885570229706006,0.2891516034488958,0.16932320304174595
0.04353054906419585,0.007399836292310407,5.882636769874346,0.1516102659843159,0.0941874672237924,0.1487700088185112,0.4276232585104074,0.17780899946297316
0.04009102709305799,0.012503414565112577,3.2064062888006006,0.31230499806445744,0.08777076737534806,0.21515601493132747,0.15832224690553034,0.22644597272333666
0.04147039947244653,0.010770247890596593,3.8504591439027105,0.1721688709139552,0.2993412819234382,0.27183997601854837,0.2102070982089938,0.046442772935064665
0.039872722789181476,0.012596662871615765,3.1653401536233248,0.2744973501548758,0.2665994538520772,0.26484241457974717,0.14307374785847046,0.050987033554829385
0.04040035810984114,0.01130600915255253,3.5733526803947484,0.3095191845630877,0.15940130645356015,0.14137068073898904,0.16033140828310583,0.2293774199612574
0.04172633308504325,0.010949244866627319,3.81088683222555,0.14929228632293376,0.3088276160221828,0.28993915023202593,0.22778103075312653,0.02415991666973101
0.039504048520085946,0.013086268826149897,3.018740409882624,0.357629304711578,0.1572108332659352,0.17162873235622142,0.1741411185515634,0.13939001111470212
0.04028787230189875,0.013677347043626642,2.945591142302122,0.25320785174260163,0.00522403352520111,0.32787300819161924,0.03845068243121723,0.3752444241093608
0.04116763407188995,0.01103259940314817,3.7314537188890133,0.24716791281419112,0.02606982262384304,0.22133456269934348,0.130378793742698,0.3750489081199245
0.0420951623092089,0.008767694747796019,4.8011665004407895,0.22514301807789802,0.15109886678209622,0.12808086639237692,0.2967856087586086,0.19889163998902024
0.04238127473026951,0.008183122164748988,5.179108154200399,0.20315342403127043,0.15730498423944256,0.12830570685419762,0.2788481761274872,0.23238770874760217
0.04082332916466619,0.010604289559924722,3.84969958939484,0.2630801880911345,0.1716970796280882,0.1806208331847291,0.14806093108805468,0.2365409680079935
0.043245647045936614,0.0059847462651899065,7.225978367282435,0.13051823090516548,0.2679415575801056,0.10285809254050486,0.2178359037612097,0.28084621521301445
0.03812896866937397,0.01642057688031915,2.3220236991231027,0.36918423855941884,0.16446473113925206,0.33906915743561944,0.09936045779516847,0.027921415070541356
0.04198184823996387,0.009072430194834669,4.627409342192125,0.2623930287965403,0.26790605395570044,0.007603054523234641,0.31425390795497554,0.1478439547695491
0.041633507805839215,0.00969398367196121,4.294777999911387,0.20567489949642737,0.17907069913385404,0.20462556407810026,0.1893402443339372,0.22128859295768108
0.040965543727342624,0.011420067369760934,3.5871542961134204,0.29195717475514504,0.1054677242430163,0.1807909235669973,0.34893688094388525,0.07284729649095599
0.04036270217820827,0.012624884966119384,3.197074847535414,0.2787765073103,0.061544776290879205,0.26262643514948647,0.1450255237878299,0.25202675746150455
0.03978728543624624,0.012577441005149702,3.1633847791419374,0.3086744892315807,0.13597697401005926,0.22438173460464655,0.07302750144488934,0.2579393007088241
0.03882720224187726,0.015724222194407583,2.469260594376897,0.4710814226212108,0.16963094934300163,0.013869873125443171,0.24774537011713682,0.09767238479320771
0.04176369506847601,0.010653377162884989,3.9202305926026364,0.20967059634049517,0.06687966494009766,0.24172545287028893,0.24892736606138077,0.23279691978773742
0.042131763394379955,0.01003288880024767,4.199365131340826,0.17882580409404053,0.07975629279832055,0.24075241761413477,0.20924004148990571,0.29142544400359843
0.041997074729484746,0.014276510628160457,2.9416904328600717,0.15125415301334436,0.023562244245266924,0.4002896621357144,0.3360906087344575,0.08880333187121697
0.03929342801212035,0.014805090210157194,2.6540485369797118,0.35775203129170846,0.0003402729456443337,0.275013313171688,0.17888800010140976,0.18800638248954948
0.04213807332924384,0.010243876252304114,4.113489102307917,0.14480463280701086,0.16276334073544324,0.26925478941453107,0.14695149365509957,0.2762257433879154
0.03971711408951886,0.013100252687985241,3.031782289661099,0.25696631654215524,0.31650195622303695,0.3013844472211274,0.10770475042482583,0.0174425295888546
0.041663788432927694,0.01003286635319848,4.152730333106178,0.19466964881805343,0.20393482999232576,0.2288510015622652,0.2243674558332466,0.148177063794109
0.041545845361823604,0.010227025503706431,4.062358634655477,0.2304094233125238,0.11542952894519862,0.20285730824632622,0.24614228537223656,0.20516145412371478
0.042427897757695454,0.007685193139974723,5.520732789005092,0.1829383482911928,0.1662155108853635,0.1282799248686747,0.16150935204088254,0.36105686391388636
0.04034566942692072,0.012665742999660508,3.1854167124662283,0.2697992442877571,0.09610432349694656,0.2736586629673155,0.14591669729527787,0.214521071952703
0.04291384704999572,0.008925975684830586,4.807748594131446,0.11923872208868479,0.16793622477637424,0.2349570826313482,0.23538422560812503,0.24248374489546776
0.04264438920666104,0.006755719080997512,6.312339026442231,0.16424810239947374,0.2900289370823974,0.10026609364095401,0.2005343535984452,0.2449225132787296
0.04185215890247049,0.008387934731573711,4.989566590799921,0.2243657348719703,0.2980713187961435,0.09960875951480805,0.2762681959307561,0.10168599088632199
0.04261670113225692,0.008180267708635164,5.2096951652658445,0.14597265155531194,0.21902132181840847,0.1912633879974372,0.22821747404281137,0.2155251645860311
0.04178261359585657,0.012264071539533678,3.4069120896081535,0.10297377329379805,0.3699925774989991,0.3491486163434165,0.16029362337098307,0.017591409492803287
0.04284132001932456,0.0101753157452494,4.210318489559019,0.09144399941068469,0.25193400214787154,0.2864986728408167,0.2505839978279786,0.11953932777264856
0.042521838034024595,0.011014163789110234,3.860650599373343,0.04793960588341593,0.4388796209793276,0.3191500930623311,0.10427330677646289,0.08975737329846224
0.042669280375202095,0.01335542100917727,3.194903428793567,0.07924081686338995,0.10657323658964074,0.3903023205364548,0.19764186305594686,0.22624176295456772
0.042079082812695304,0.008788896631263721,4.787754888709497,0.1615269844484275,0.2591783135781656,0.20420116262631932,0.17430358409071173,0.20078995525637577
0.04109823216922807,0.009943167381255818,4.133313922352716,0.24513362573234757,0.23523573377833648,0.16917467298716513,0.19318048764697046,0.15727547985518042
0.04214968055840732,0.008824979963008135,4.776178612879245,0.19467123352628782,0.13345897080941108,0.17508116060696516,0.2112181148853512,0.2855705201719848
0.04155548450281009,0.00996658206936886,4.169481996292999,0.24613268911722933,0.05315281067675165,0.16739907731936,0.18523329242315154,0.3480821304635076
0.04194777900632025,0.010498728580508179,3.995510378675759,0.29971958643869956,0.007163023300560354,0.07593252905084372,0.4474728216597335,0.16971203955016287
0.0411234268665501,0.013071053476047758,3.146144795590296,0.1839506583912216,0.2135476554203063,0.34714665738835493,0.24381094742581869,0.011544081374298581
0.04349787942052622,0.005819504789511454,7.474498431365301,0.13179841221572045,0.27467293502398726,0.09019954096983689,0.32020018441185893,0.18312892737859648
0.04435922165846405,0.010065836121609946,4.40690878756023,0.029871045489086874,0.07808687871819174,0.29283699862150325,0.32035347496721156,0.27885160220400657
0.042994259376690075,0.005924362187708698,7.25719630475842,0.1339829704495872,0.3212227765982805,0.09284965583749101,0.16065850977688628,0.291286087337755
0.03873076155328918,0.014160474981277605,2.7351315266258647,0.38336994810658226,0.1737797376974368,0.1961900302056395,0.08711516240622118,0.15954512158412026
0.04512031813042592,0.0032866162501103274,13.728502111833498,0.033138293224172284,0.45148682599960505,0.01227047832253562,0.35943095124506513,0.14367345120862188
0.04212878452132617,0.008930281210229362,4.71752048222949,0.20299626287783812,0.1200465844120968,0.17057601684069387,0.23312679837768574,0.2732543374916855
0.04052432100718506,0.012023231725534444,3.3705015367142246,0.3083614605419008,0.10894338496497147,0.19180067496802322,0.2957146187432466,0.09517986078185796
0.04112160770589415,0.01018321774541963,4.038174252376218,0.21833257054645333,0.2416802152433391,0.21390148928819264,0.143828808537658,0.1822569163843569
0.04148121099884043,0.011699238491983751,3.5456334211207943,0.15535977775473223,0.1928832101963791,0.31470549953894866,0.08109915158079983,0.2559523609291401
0.04220660357659088,0.010188915342931525,4.142403990614306,0.18834308114928633,0.06580535774947321,0.23942611519842286,0.29482092437980995,0.2116045215230076
0.04105521559063694,0.011499308503948397,3.570233425474257,0.23467038518351163,0.10252587251500081,0.25606157107524274,0.18167610273426527,0.2250660684919796
0.040941889514232666,0.015186907796166948,2.69586739208136,0.13101557975893335,0.2141133494404614,0.4365587781378653,0.024426642512536692,0.19388565015020326
0.0417877593188614,0.009517590888885704,4.3905815880003445,0.19209079594220052,0.18310462577704517,0.20964372146763557,0.1820154835905652,0.2331453732225536
0.041432926429938094,0.011817186663287191,3.506158243117121,0.1796175374619871,0.22505018108354374,0.3055893644387078,0.25295250059783553,0.036790416417925846
0.04260383887559402,0.009450518866841104,4.508095214229716,0.12251913119119791,0.18447847121460775,0.2519570342298903,0.18146613081542473,0.2595792325488794
0.03964194861298932,0.013661177800528147,2.9017958181802412,0.3346069879235125,0.10591304710575339,0.24611798192338435,0.22255362503414897,0.09080835801320075
0.040698754714479646,0.013183567060728667,3.0870821627413325,0.20431238445531083,0.22879017600358412,0.3408861561329881,0.19226383137171252,0.03374745203640435
0.04213731715317297,0.008157233954990269,5.16563793384828,0.15537096951567397,0.2671749035363454,0.18214087757106168,0.10166798787467411,0.29364526150224507
0.04438141091416816,0.006626396772645643,6.697668799033976,0.0624256470187739,0.13109776698674921,0.1753175274505975,0.29597389865819057,0.33518515988568887
0.04450701384869879,0.007541666256389863,5.901482820323575,0.017396508877328687,0.2352893805740993,0.2140467389607897,0.26577356880797554,0.2674938027798067
0.04169996315971558,0.010024729464136347,4.159709577091129,0.2761008347948199,0.06754134230120312,0.11145638113214572,0.3324889421413886,0.2124124996304427
0.042445942853953166,0.008818518731464295,4.813273537936356,0.13679625753393929,0.2325069671762791,0.22196698022898456,0.1847178994156419,0.2240118956451551
0.04162308808555419,0.01551434890515759,2.682876886423317,0.0539747427133542,0.3591887282681859,0.4578573541394356,0.02322229799172013,0.10575687688730413
0.039297868225240846,0.013392044416435276,2.9344188985075994,0.39844818532307585,0.26098249232051984,0.043468892044877715,0.1344730998831517,0.1626273304283749
0.042393801180978255,0.009585934380159193,4.4225006660513175,0.12304745731737145,0.33636854368506885,0.2537258211135274,0.28165743416733213,0.005200743716700224
0.04255774790479458,0.010750647188305363,3.9586219470665194,0.14372718947104443,0.1068495511505163,0.28641264538788175,0.3206857433949219,0.1423248705956356
0.03981495181774459,0.013887928381027868,2.866874794093503,0.39746447434574295,0.005865280540404992,0.1330460711689776,0.3165348681035188,0.14708930584135568
0.037882808531808435,0.01705605249670722,2.221077153645133,0.39460212019077195,0.09360503347801044,0.3409170681716018,0.08642279257244947,0.08445298558716635
0.04170437672992119,0.009495521533546438,4.392004860668798,0.1700742404107937,0.36053905579696743,0.22337846609900625,0.24229476767665065,0.0037134700165819792
0.04246243051282943,0.018259528464052655,2.32549436292535,0.03752130084542558,0.04436002183437474,0.5432116835237533,0.156971961404616,0.21793503239183046
0.039595389824511135,0.01183184450827109,3.3465103261652778,0.29633246395426366,0.28370166978483047,0.19944694376801997,0.002089162791714742,0.2184297597011713
0.039867495588284466,0.0129569518939168,3.076919318269753,0.2835704300574176,0.09028080021648309,0.2718556118852802,0.005815391431263992,0.3484777664095551
0.03989465747801843,0.013076820051721628,3.0507919601421833,0.35635052975636344,0.0009232786555121017,0.17172326465843862,0.1552206124131713,0.31578231451651456
0.040938217087348974,0.009241466262085595,4.429840019576084,0.2545783592675859,0.28783836404292445,0.09534231078402954,0.0362829911936491,0.3259579747118111
0.041633455940665316,0.010104963443568742,4.120099609777682,0.17901955745123854,0.24006586937387983,0.24362929918982823,0.18200745146321115,0.15527782252184233
0.04124633338131862,0.010577472359529522,3.8994508309122375,0.228671050249973,0.20046417268311467,0.22076939258352252,0.24914433688480978,0.10095104759858002
0.04135765205260339,0.009469532355954338,4.367443976956069,0.2711775680066094,0.26025880261101125,0.06586876039271408,0.24077187261559355,0.1619229963740718
0.042097787914305546,0.01114204249299395,3.7782828364526866,0.17293931431459755,0.06913111421028588,0.28580679087365635,0.26784710048434474,0.20427568011711542
0.04365804539674137,0.004827036981189536,9.044481234942317,0.10273655113999297,0.3650501706358828,0.06564200826181198,0.2224737841392227,0.24409748582308954
0.04094965458711909,0.011077413135077707,3.6966802707256647,0.2762434530673696,0.12994453595504746,0.18713904361579575,0.273539758229507,0.13313320913228022
0.03826290526017586,0.015408484471814391,2.483236124238395,0.4330468632467422,0.0668710059449178,0.178786415575795,0.04641979707056276,0.27487591816198237
0.04040500067540834,0.011006574996803093,3.67098763122444,0.27750725439047363,0.19044428766284752,0.1814935563894914,0.08063562612457124,0.26991927543261623
0.04092788844726457,0.014387120466510748,2.84475886210402,0.18705316219306703,0.1059170605155233,0.39181076476873233,0.1678490587996076,0.14736995372306985
0.04413882105241089,0.01121183968283948,3.9368045121059394,0.014211796597252848,0.07247711791984628,0.32893724498728505,0.19621613216876016,0.3881577083268557
0.04380663013192709,0.009642474082496771,4.543090264711817,0.03262929284796002,0.23958522404836785,0.280054224830688,0.24162331844880205,0.20610793982418218
0.04090537278756354,0.011783774216520684,3.471330325577249,0.19756629739270712,0.2355735004678938,0.29492007151375027,0.11490672492403639,0.15703340570161248
0.0418812480367481,0.009807537441256287,4.270312327391265,0.27771329649868026,0.13722382830750304,0.07807773322566505,0.42194349018427235,0.08504165178387914
0.040660114281887,0.008415161944595413,4.831768485216225,0.22664788008854478,0.6025094663578813,0.07534537964802297,0.03315741813972623,0.062339855765824834
0.04271447256743406,0.013107702094016007,3.2587308027800144,0.057299295414188454,0.19951282178535812,0.3854830861308011,0.15896616071120825,0.198738635958444
0.040361803473480215,0.011846516296684009,3.4070609842302755,0.29094215714252475,0.1464496308440765,0.2096514358683872,0.18724556580927018,0.1657112103357414
0.043131914554017006,0.01043778855947562,4.132284756320441,0.12426137801037651,0.003556967847724192,0.2835476536419323,0.31268948423311377,0.27594451626685335
0.04387354401837509,0.008521296655215765,5.148693419976256,0.0024365099058261345,0.31860897884378897,0.243172693317683,0.039959448361957584,0.3958223695707443
0.038835041822814775,0.016462472941010435,2.359004140020239,0.3147123717547719,0.05890946900519232,0.3908645575916948,0.051166493645026456,0.1843471080033145
0.042555245193061114,0.015593310265129355,2.7290706379533516,0.07540577596087125,0.07123888189779007,0.459052092170437,0.27137074039011855,0.12293250958078308
0.04206500479300331,0.009161644009071374,4.591425376422919,0.17614157072942715,0.19856652265600508,0.20817662249379895,0.21166611465647903,0.2054491694642898
0.03877895772614112,0.01682222059334605,2.3052222809086187,0.2906532915663096,0.15578965732948585,0.42104500214747675,0.05572423513934423,0.07678781381738373
0.042723488347700914,0.009308430753711308,4.589762708463711,0.15893688783065577,0.10392337713394526,0.22557963267185624,0.33166605794251897,0.17989404442102375
0.03861876618745211,0.01611267808768031,2.3967937531737733,0.30202576253368174,0.23073492015609623,0.38583762638137387,0.05490561490896659,0.026496076019881597
0.039475071232205186,0.012740314233043181,3.0984378022500376,0.32565582005611643,0.2715981002177512,0.2068463351025321,0.16959320549106663,0.02630653913253362
0.04220873378509278,0.008660041988668137,4.873964103213804,0.21412688778364358,0.13260849982904405,0.14009697479435956,0.2811091516099882,0.23205848598296458
0.04326242322274567,0.005202483547928022,8.315725138616857,0.11446750753851011,0.34279589653446796,0.06898796685142668,0.10122898522279869,0.3725196438527965
0.043916634299011444,0.01038073529909003,4.230589937387301,0.04235996721771873,0.09428046041690992,0.30218188199044593,0.2484304992478334,0.31274719112709204
0.04009608089685209,0.012329407996363026,3.2520686239501346,0.30380910797551436,0.10768982169648965,0.21786659126116423,0.13046818564206678,0.24016629342476498
0.042776648370413645,0.009635388573595494,4.439535369402473,0.2683059399851607,0.001014353790073431,0.07233081716299561,0.5936662890225468,0.06468260003922337
0.04075500367666832,0.011243266694782234,3.6248365162041267,0.21253520019071717,0.3041395211440293,0.2627696684456269,0.1465915446318911,0.07396406558773558
0.0408030125881268,0.011021702796846545,3.70206068338198,0.30232929479356774,0.18561762382636057,0.1328622004439095,0.30872635918320906,0.07046452175295316
0.04215878327164112,0.008892427878377266,4.7409755635076865,0.2493042861729748,0.06124112846520711,0.0703921780197286,0.224679692435126,0.3943827149069634
0.042463260802329574,0.010697857781565255,3.9693237346548993,0.12296677340457719,0.2502188047324611,0.2921612371303918,0.318426830687013,0.016226354045556817
0.04026648631185932,0.012726606150797681,3.163961061947021,0.28671681477893596,0.05452551971051328,0.2587506137667107,0.1377245943406882,0.26228245740315176
0.04308203735108751,0.005375344635531457,8.014748871414087,0.12090462463842287,0.36470308099732285,0.07097059371343042,0.0959807984857499,0.34744090216507384
0.042912599432808764,0.00844882967289577,5.079117593111663,0.10941658064271821,0.2286564991415044,0.22260733012012102,0.20196800296747042,0.23735158712818596
0.041638006048944666,0.008856209207562341,4.701560800233791,0.2555969317122419,0.29342065014794594,0.02592100453004345,0.1840026327316201,0.2410587808781486
0.04348153725482828,0.007098093496200703,6.125805088098943,0.1286699491726742,0.15635609527275648,0.15833897837620856,0.3394558858408236,0.2171790913375372
0.040927882845862004,0.010536790783213196,3.8842835250242143,0.2255551081218596,0.20664129162977582,0.22251328772939127,0.08544058962252951,0.2598497228964437
0.041113787650612535,0.01049031106883679,3.9192153007500283,0.29752500664937664,0.05853832196470937,0.08968861557952593,0.13484919151151456,0.41939886429487355
0.03974422793557135,0.012805566460076995,3.1036680852408294,0.3536265843597898,0.021540600708409668,0.15346299003351282,0.03486078402060919,0.43650904087767856
0.03901864998643871,0.014597349855883842,2.672995466414147,0.3061458377079052,0.1729893383309739,0.32221472293264275,0.018253580660849738,0.1803965203676282
0.04012379413962094,0.012401437844291702,3.2354146868614633,0.2547739517263182,0.21840557054169363,0.2760570841424691,0.08863948384203281,0.1621239097474862
0.03875741260463618,0.016838100787913358,2.301768655076399,0.3276350953402597,0.08155557675523001,0.3948816217482591,0.15076340580384037,0.045164300352410834
0.041250741925282206,0.011030685122879367,3.739635522703999,0.21722025180812723,0.20000512595485148,0.25068932345044026,0.2530708818094569,0.079014416977124
0.04214655271167418,0.007333920693608336,5.746796900654485,0.19629536179049298,0.3057913829504293,0.07461938311091397,0.14472853792531412,0.27856533422284957
0.044447787333142405,0.006010554103987158,7.3949566985276025,0.0339759821151206,0.3059595614677648,0.16090049892099803,0.2943543207100384,0.2048096367860782
0.0423784724932577,0.007741215018136134,5.474395478484104,0.2191896525593548,0.2523406439233549,0.02191652905695337,0.2049345238451194,0.3016186506152175
0.040824855489783846,0.010238904723336903,3.987228770352192,0.2545570013016839,0.25780450469392724,0.17194561432654476,0.16860537708947387,0.1470875025883703
0.04051306665544989,0.010541818218074556,3.843081508082533,0.308345212316218,0.3106618214902101,0.021523025696938765,0.045103915758474465,0.31436602473815867
0.04413624024331178,0.0054329453040517775,8.123814574462196,0.12205039644102769,0.11708203781190403,0.07513772183493464,0.3111578453566462,0.37457199855548734
0.04008231180889697,0.01271698808553787,3.15187146038768,0.22193908027346082,0.33424603276208,0.3124905389740643,0.077046430175182,0.05427791781521276
0.04303174781582432,0.010073833638510287,4.271635740670007,0.10142005482899764,0.04611611713998627,0.2793919144185093,0.13548286000180076,0.43758905361070594
0.04222270426279058,0.010510489757453917,4.017196651835062,0.16625910785758155,0.09746946939345323,0.2668787064263025,0.2583554911082484,0.2110372252144144
0.04111566723482214,0.01004441584795562,4.0933856042201375,0.2388721006913903,0.29486848914823427,0.18117367292634176,0.2655254826914129,0.01956025454262082
0.03786804346484094,0.015419447023872358,2.4558626133747667,0.46053150429463574,0.41768680901914057,0.03135571601825961,0.07227366442719536,0.018152306240768912
0.0436029158327267,0.008072918887173465,5.401133894953972,0.1338097076925937,0.024353593764206406,0.19258497988575676,0.36989050924109546,0.2793612094163477
0.03844923512463413,0.017699221048380502,2.1723687737179977,0.3379655948082528,0.015803407048869213,0.4210971706803614,0.07332748327295396,0.1518063441895628
0.042377698318809526,0.009569745860995214,4.428299239537216,0.130605374362292,0.23503013755145485,0.2522546165558517,0.19779585746886094,0.18431401406154055
0.04219207145288319,0.007434319216923398,5.675310707245076,0.20361470261138692,0.2568429992602332,0.05572838774051547,0.10387364678484813,0.37994026360301625
0.03860466120020698,0.01477833356087538,2.612247249744732,0.43383836111209145,0.14303354999093917,0.10675226002257601,0.10164579255293624,0.21473003632145715
0.04207022010195208,0.006508046721040119,6.464338979918755,0.16853769917948633,0.4884381326191373,0.05635318227774369,0.07808816017194574,0.2085828257516869
0.04137043481392106,0.010065072611861963,4.110296707165816,0.25771215694038196,0.1071662095002427,0.15606954087031136,0.217661530136778,0.26139056255228604
0.04321843516272176,0.006190672294656533,6.98121837268396,0.12693118953398214,0.30211687205423327,0.11823448160662013,0.2663642445807185,0.18635321222444584
0.040854711475775456,0.010764589061691521,3.795287608438965,0.24810555345383112,0.2629565161366547,0.20727225976174743,0.24511651918807653,0.036549151459690225
0.04144040471577112,0.009974922998350358,4.154458608114017,0.27330701352161363,0.08283932073618527,0.11566326007803736,0.2183332741373649,0.3098571315267988
0.042374853646829955,0.007858880295361624,5.39197087298046,0.18199052633452537,0.2193134620622836,0.14107215616105664,0.23366177642481048,0.2239620790173238
0.0414883395014643,0.01007987800741026,4.115956509688311,0.25555818440589273,0.06908335744263175,0.15996076346747304,0.22160017474052646,0.29379751994347597
0.04473353248931399,0.006911691026538874,6.472154544748934,0.006517521796591458,0.18304507587695684,0.19157060129767714,0.16145669708368646,0.457410103945088
0.043065187330678364,0.014429404006372389,2.9845437352547406,0.027037550225796694,0.21561848989059706,0.426926891490727,0.24399589636313235,0.08642117202974682
0.042179537276729726,0.01005595667452403,4.194482796807214,0.15866282530358622,0.13574278624797967,0.2550228257688771,0.19442220509177024,0.25614935758778684
0.043619906457648995,0.007554236485618801,5.774230994844993,0.06954373199643603,0.28421469584687165,0.20586228496714315,0.2658967930941201,0.17448249409542899
0.04285234185477772,0.014008583352229736,3.0590060948566182,0.10241803689013404,0.02205490469095772,0.40423516317466396,0.3929127992289698,0.07837909601527444
0.04146952285429528,0.009133873116002441,4.540190380096385,0.2055557840470977,0.23504327133378008,0.1776603169915311,0.10106969370051812,0.28067093392707293
0.04117298178018301,0.010591637845547088,3.8873101951359548,0.2229822927119179,0.24997757410662697,0.22633996730912934,0.2503493588336469,0.0503508070386789
0.04104868774152838,0.011488939536567513,3.5728874375982898,0.25702128146533626,0.07962270059560538,0.2330509135413179,0.24888374934658725,0.18142135505115325
0.04018479121996203,0.01330546135849099,3.0201727048207747,0.3256796144505408,0.059359408547124334,0.2374530833435287,0.3329430948368038,0.04456479882200248
0.043382371332046914,0.006310411260760837,6.874729639541174,0.05468008041749967,0.48737353832417746,0.16298458866171084,0.1715687728598526,0.12339301973675934
0.039986738560870816,0.01382240081098131,2.8928938689943826,0.2650405555656522,0.1940873976072613,0.3242876920663955,0.21025968766546635,0.006324667095224785
0.0388115290546034,0.01858228221446248,2.0886309123212334,0.2847254361895376,0.03255362725775283,0.4877009790099651,0.06704411275758976,0.1279758447851547
0.04232194852176692,0.009162762814636377,4.618906914644004,0.17639475185046907,0.07485227102883912,0.20678860536034513,0.17667592395547038,0.36528844780487624
0.04288518726621661,0.011445403300423745,3.7469354412901175,0.041111739521295015,0.2682980842914115,0.33513281561520136,0.05937260142960592,0.29608475914248616
0.040831848849952654,0.011402814669876573,3.580857010490606,0.23348107574375745,0.21276444051964813,0.2526438232013793,0.19467197510792006,0.10643868542729515
0.04114865032326018,0.010767540952117844,3.821545746261289,0.2733378400734066,0.0669220918529424,0.17333660715702093,0.22737027989833197,0.2590331810182982
0.0393452924674495,0.014166526048219044,2.777342330330577,0.33810753264878923,0.031347066552651855,0.2678393780416781,0.07529299168822978,0.28741303106865107
0.040464255802277325,0.013187652022713112,3.0683442156788545,0.2575575434967703,0.0666609853972671,0.306129351669577,0.1697430182815946,0.1999091011547909
0.037784810758866666,0.015325712146840748,2.465452201949105,0.3993322766406842,0.2699307984019185,0.24195115552333377,0.00689097198401278,0.08189479745005088
0.04495995747898354,0.006494701142896416,6.922559866847534,0.01380391375042746,0.1731956729721123,0.17901329636565788,0.2755699048468231,0.3584172120649793
0.042383426415049844,0.012368000767332289,3.4268615609240234,0.07055079056605311,0.23667877192829365,0.36072005961627146,0.07277837688604695,0.2592720010033348
0.04226053571444826,0.014859126328605489,2.844079441810248,0.02704009216533562,0.3150373222709274,0.43982600474001843,0.02019105593078359,0.19790552489293503
0.03948265903542386,0.014360286273043577,2.7494339795675775,0.33738544661797903,0.08664843822087877,0.27778963940320384,0.23527380831012307,0.06290266744781532
0.042041283694147176,0.009100397107754954,4.619719688750886,0.2623518762209118,0.18820416969228973,0.03962502529859811,0.33580537365733704,0.17401355513086342
0.04160645306551436,0.010213347149107498,4.073733366553606,0.2962435838287868,0.08655746309308025,0.05454394167288599,0.29474302091712595,0.26791199048812103
0.04292868103102737,0.0074749804373658415,5.742982391824867,0.10301421507151172,0.2804656920588472,0.18978446690705594,0.13100863047813352,0.2957269954844516
0.04186456255326648,0.00978626029896977,4.277891786474727,0.18245197914581288,0.15005626810811487,0.2286946586232682,0.1611669796820491,0.2776301144407549
0.042005340537257935,0.00908930093819375,4.6214049708431535,0.2341516723166784,0.10252385002589018,0.13307360485040276,0.27401696605186704,0.2562339067551616
0.04460111838761564,0.005764856359306627,7.736726746992198,0.07249630680334831,0.10401422130439944,0.13818588008280236,0.33363300621056663,0.35167058559888326
0.038502216979084264,0.0161959277095451,2.3772776508747264,0.33143624852211095,0.11389154924681927,0.3664348573780527,0.013582762617099517,0.17465458223591743
0.040782374963690554,0.011801321616753018,3.4557464229935375,0.1983896954915859,0.2811916611692807,0.2945362186740702,0.11841773551754248,0.10746468914752057
0.03804286295640068,0.016378951502038497,2.322667781980179,0.42646199812946306,0.04043851373334766,0.2617925559170062,0.10170894400885865,0.16959798821132444
0.04291403874165338,0.007219152034696699,5.944470837488927,0.10778631310069538,0.27540762887613185,0.1772584521312865,0.11639517095017123,0.32315243494171514
0.04469012611847065,0.0052039527302488765,8.58772714415747,0.04238792258094456,0.37862791785974925,0.1226813290284432,0.4535563104282081,0.0027465201026548214
0.04164061454138474,0.01001305390538795,4.1586328142084845,0.20744640652341526,0.23189354530554657,0.21513699835249714,0.30372396075219954,0.041799089066341506
0.04208571876160275,0.010227112874508369,4.1151123760943005,0.12888097607453286,0.2678802308915838,0.27563329677424653,0.15455705716496335,0.17304843909467357
0.04138963288743509,0.010573014607818789,3.914648226895221,0.20702794271724592,0.21128335216340957,0.24068021068656775,0.228695026837972,0.11231346759480491
0.0422752163539495,0.008513427213161492,4.965710670385874,0.24295343351929521,0.18068959451523736,0.04410772845961291,0.30723998268169167,0.22500926082416298
0.04363323468550631,0.0063003838229958925,6.925488337115039,0.03424502477037841,0.3996084740690621,0.16713676275072123,0.04089268949325512,0.35811704891658325
0.03986638972157737,0.013409922168611615,2.972902394235514,0.3982353414070029,0.2813417820069064,0.003071996132333181,0.31375632123789804,0.0035945592158595353
0.03678462610802838,0.01911555818971405,1.9243291638651667,0.42612178411144075,0.1229528605826447,0.4006385600553479,0.005569932461222962,0.0447168627893437
0.04163867478441077,0.011525567717817896,3.612722236670361,0.1490222837917446,0.2504371385617459,0.3111655142163915,0.17202771556626642,0.11734734786385177
0.04504141777382816,0.005909953573144702,7.621281151598202,0.01858374595569991,0.24346584107683747,0.15851665811422982,0.37920054276009013,0.20023321209314265
0.04162449738514243,0.008742121993642799,4.761372286432451,0.25125464274087506,0.27842141641774576,0.032259198554231074,0.1447058829679257,0.2933588593192224
0.04183066322994927,0.01086794981189989,3.8489930441293243,0.14196357479267843,0.1890218399564725,0.2920188722224096,0.0777933911322361,0.2992023218962034
0.04159774843935921,0.009181122012821523,4.530791376181208,0.2095683004443449,0.31302793493108144,0.1731530365740531,0.27823560816436066,0.02601511988615985
0.044197128033604795,0.008151215866598595,5.42215158534965,0.044435753237640076,0.282386228987486,0.22806997645513427,0.4192948714281936,0.025813169891546073
0.04171908605454346,0.013073888399988126,3.1910235714251125,0.13946242490152025,0.17433306914377156,0.3663895603437745,0.2053107152658772,0.11450423034505657
0.041452225478398136,0.009646145843446278,4.297283718404625,0.18926499182681006,0.2356009475919076,0.21703977392546536,0.0874724335412994,0.27062185311451753
0.04063065818587254,0.010101054537680525,4.022417464860301,0.28373698254207086,0.2850561500992955,0.09871001650397895,0.11232798694856327,0.22016886390609125
0.04155651384027542,0.008661995029502942,4.797568423756079,0.15463173948047648,0.44738960564158686,0.20062279919438966,0.09877620595387342,0.09857964972967359
0.04471646009809435,0.004198526110458399,10.650513756888884,0.09018813393070538,0.31172625522211195,0.0021549948293606434,0.38447220468088583,0.21145841133693616
0.04163423282279287,0.010287862826764714,4.046927289356738,0.1648476033013452,0.2791104904508449,0.25930480529818806,0.17199406069564913,0.12474304025397284
0.04076115235967321,0.009624731244252012,4.235043174220182,0.23462979224694233,0.3101482922804778,0.16447374924509126,0.033364542000129595,0.2573836242273592
0.04473731028970144,0.0036274074284693035,12.333136316198075,0.005993712844615874,0.43734670977262163,0.048569354412177426,0.060980985456337074,0.4471092375142479
0.0415914847807992,0.010559437433241113,3.9387974069403726,0.20394675458113712,0.1661997277294931,0.24271271770330627,0.25181780861431374,0.13532299137174986
0.040522512649629694,0.012150858253037536,3.3349506516957073,0.35748927067426695,0.12830589208869989,0.0615399650736319,0.3035510390489811,0.14911383311442014
0.03767237873842513,0.01731154736769183,2.176141620288218,0.5177612528998201,0.03621449489906595,0.06575014673827224,0.023844061576964202,0.3564300438858777
0.03943733303598004,0.013645666572623382,2.890099419188594,0.40643465277239815,0.19673319213167673,0.04431225004255434,0.18247050016564725,0.17004940488772358
0.041497477127175254,0.009069034668025423,4.575732549957314,0.2614316986939949,0.2649581148156244,0.04185678406507705,0.17071067823283126,0.26104272419247243
0.04148465957245259,0.012979954320202996,3.196055898893472,0.151083243095133,0.237590676800354,0.3581804351223156,0.23513377026453824,0.018011874717659214
0.044051807725417925,0.005050303649883888,8.722605763800109,0.08792725096264295,0.3065308097105546,0.09815233831395327,0.322973735083276,0.18441586592957315
0.04046334520886636,0.010342066401845668,3.9125010067277444,0.24003178131393643,0.3910765773620146,0.19454115593252302,0.12104115642278261,0.05330932896874335
0.04060919731831862,0.012309834726315954,3.2989230335890958,0.23794993961184388,0.16642529441949422,0.2866430829714875,0.1620807687603782,0.14690091423679622
0.041838079845221,0.012684630035119274,3.298328743478216,0.12848017614087703,0.08573648841066774,0.35701502719199424,0.04093253606622243,0.38783577219023857
0.04581963062254611,0.003330754979006911,13.756529949317247,0.016833014754485263,0.3266948551066127,0.036487421644659276,0.4876830956114152,0.13230161288282744
0.041392916271676926,0.009328726259068151,4.437145556869591,0.1821663421919005,0.29499730411044456,0.20899170735059766,0.05739989377188034,0.25644475257517685
0.04241064811427051,0.010102939201641337,4.197852453410827,0.2021553003982627,0.006033681866319233,0.2228916517048048,0.3720400251068852,0.19687934092372797
0.04085317135062502,0.009962695492424943,4.100614274689757,0.2553037667689698,0.23749571994422777,0.15380685831144675,0.108824115399703,0.2445695395756528
0.04302775775670508,0.008299414097339176,5.1844331722765755,0.1826241203434085,0.08419749937804523,0.15883548108405107,0.4340579884105262,0.14028491078396899
0.044960026960911996,0.005133296332540421,8.758509941439849,0.12129952666202334,0.06887876484246706,0.028485832451472924,0.504222210496414,0.27711366554762257
0.042321589694314855,0.007712517778413754,5.487389580192216,0.20181987764837617,0.21380468829952828,0.09745098689222113,0.22097761545964725,0.26594683170022715
0.04108348394979263,0.010211609671282726,4.023213310368526,0.26342038725558486,0.2527563473200205,0.15349831136430372,0.29877631651534003,0.03154863754475092
0.04168484189822172,0.00988717627520372,4.216051250422641,0.23607367668851645,0.11399093382408151,0.17822388432664843,0.28119223729539367,0.19051926786536003
0.04406451594894851,0.010004158666756463,4.404619860276072,0.008042880363395427,0.22718829718957517,0.2920870195092604,0.20184974060737967,0.27083206233038926
0.041324199405825955,0.009029356479238861,4.5766494545699254,0.2461449285844402,0.2568809134339731,0.102628140879599,0.1414195417364729,0.25292647536551494
0.0398277146929602,0.013140639629293427,3.030880978135593,0.3864334736296296,0.062329261264714574,0.07705436932068055,0.14721746144747036,0.326965434337505
0.04059631961444363,0.010927425581931789,3.7150854343559727,0.32059273556824586,0.21259974877856244,0.041501412802923694,0.1112932263299979,0.31401287652027016
0.04330966515340361,0.007751377587117177,5.587350721423307,0.1693228939476798,0.0500859461295218,0.1471626362746758,0.3930136602194215,0.240414863428701
0.04251344571134113,0.014052815903416883,3.025261698689454,0.07423076664871478,0.13526004123574006,0.4125658585702031,0.18688591706019703,0.19105741648514496
0.04353798577779551,0.011246037357849785,3.871406824680855,0.061374948887378544,0.12211441481198708,0.32665741009772037,0.3152351690009107,0.1746180572020034
0.038176852097881415,0.016177973076906955,2.3598044029617333,0.3550414253841783,0.1510740515590963,0.34339174085560825,0.012540759473463696,0.1379520227276533
0.04143358113169807,0.009550937536312119,4.338168999029673,0.21386481257320009,0.22543036656143564,0.18919243307400577,0.16754298756440572,0.20396940022695276
0.04124941960020732,0.010539082226418871,3.913947980859778,0.2643571443858014,0.09498176501117553,0.17419493933732402,0.24685190480444136,0.21961424646125777
0.04013874141077907,0.01165891329724104,3.442751514438098,0.34074085126726383,0.18241855455805187,0.06852077128485945,0.08260881682009029,0.3257110060697346
0.04523400663666516,0.003216155179368965,14.064621920867769,0.004103449166368416,0.4089497740912028,0.02615572535940797,0.18428609682681,0.3765049545562108
0.04283587054729826,0.006292036419877622,6.807950191129282,0.16813883091651746,0.3392135592515458,0.04137265112744321,0.21100801590887955,0.24026694279561392
0.04116686736031118,0.010782784535829303,3.817832696509969,0.30072844998385695,0.031603561401768426,0.11430064946100105,0.2225746099851934,0.33079272916818014
0.04137208263302751,0.00919040218343134,4.501661821461308,0.2333737918842867,0.2328842884664601,0.1422851600942313,0.15524768598895228,0.23620907356606963
0.040763553104548926,0.011380125657789248,3.5819949911227806,0.2496138739702185,0.2302817044945369,0.23495944731694637,0.2524854606799244,0.032659513538373985
0.042113669674455234,0.008500470451612457,4.954275167966342,0.11738214053397908,0.39153410327574767,0.21851806973065258,0.07078235963203507,0.20178332682758554
0.0400376945112344,0.012325489114843134,3.248365573015555,0.23155105764055828,0.2969655864542823,0.29121243148048703,0.017655929483811512,0.16261499494086093
0.0450884984193437,0.003814683999723003,11.81972043362379,0.009028943675284642,0.3898628863927542,0.07633739469481488,0.2742935006586671,0.2504772745784791
0.04071310461822601,0.01201900901060141,3.387392802710679,0.2386656137922098,0.21496698102714232,0.27302697754577177,0.2388871107682622,0.03445331686661374
0.04289904835350844,0.007319328015788089,5.861063783584155,0.15830885000349113,0.2359273159625561,0.14036567365448896,0.32818327682473253,0.13721488355473122
0.0390039074675424,0.015091966512277484,2.584415187763124,0.337372124508407,0.05973791791810427,0.313233451632606,0.07469205693909615,0.2149644490017867
0.0436715439012209,0.005587572221071998,7.81583524531918,0.12621093059836516,0.25095929998465444,0.0837694957600238,0.31320364727658134,0.22585662638037526
0.040525345699958984,0.011315154465320706,3.5815106036919993,0.2878774338641461,0.2140482211507641,0.18265995291433462,0.24935001577276059,0.06606437629799465
0.03924275774327357,0.014470245380309145,2.7119621479725855,0.28513230662198746,0.17592742234652908,0.3351740252090984,0.011026633427430385,0.19273961239495452
0.04171837095786903,0.008858366990966352,4.70948776455219,0.24459551297605,0.17288627588339223,0.08931504475225073,0.17427867418391418,0.31892449220439284
0.0428361341428183,0.013569832380026502,3.1567180008700033,0.08236882796958385,0.1462177744619515,0.3943780881777993,0.36350820717566307,0.013527102215002331
0.04063703124974361,0.014790004674614806,2.7476009740207856,0.22286303278686517,0.027488717327385535,0.38825540580573603,0.18555177580101012,0.1758410682790031
0.043973618109380275,0.005189883227231052,8.47294942565431,0.11987463033611404,0.24981848808418622,0.06368170367200843,0.3508914736696851,0.21573370423800636
0.04077517823267445,0.009268984626759411,4.39909870116271,0.25884783005508466,0.3842096062558883,0.08460458591787816,0.08005071310459173,0.1922872646665573
0.04017010053350429,0.013616055851264443,2.9502009225214754,0.29090390078167677,0.02166456946840178,0.2942498462439097,0.18530315893070962,0.2078785245753021
0.04180332137592468,0.010195976343802331,4.099982185750657,0.27694626426460056,0.027561545195059323,0.12256345287648361,0.3706272488704345,0.20230148879342194
0.04169459090783054,0.00831093519718451,5.016835039449638,0.23724463129305193,0.39992545266423224,0.019585006273364475,0.19033188276546142,0.15291302700388987
0.04329024096435835,0.010083352964142539,4.293238679465351,0.032484714854771904,0.2901498336730014,0.29340449952477404,0.09505550411301314,0.2889054478344396
0.04323157037906312,0.010736208934983373,4.026707252147014,0.01319399975759496,0.36794467966192274,0.3135671274292897,0.08039758059488186,0.22489661255631083
0.03988768512459422,0.012858089661299544,3.1021470665777615,0.35520750350604197,0.14207375481379939,0.15740372202872027,0.27986474739068445,0.06545027226075381
0.042997218273112675,0.012732576349062169,3.376945646689932,0.05960500096527753,0.125958607932103,0.3737633021323945,0.1848492897164087,0.2558237992538164
0.042138240629629356,0.01252834788534528,3.3634315565996937,0.10761371650875919,0.10687322973180349,0.3581339370805137,0.05967065953473753,0.367708457144186
0.04251881262319619,0.00807263530711472,5.267030034878789,0.170126968840294,0.2850031392043132,0.16207182088364266,0.359210451963846,0.023587619107904287
0.039293229423670153,0.014999000289300037,2.619723225934004,0.44860922372487094,0.1349202338035615,0.021364474666826186,0.2824365502770581,0.11266951752768337
0.04262078445114789,0.008555532975742262,4.9816632782541745,0.12645619746139838,0.22094275614757639,0.21797759732780514,0.1653352911000942,0.2692881579631259
0.039268329143392455,0.01803173330967758,2.1777345787560676,0.26960747589457823,0.022898931370670967,0.4763830179371323,0.1286519478845113,0.10245862691310727
0.04410680997899364,0.0072454681960964044,6.087503082651966,0.043215112786005705,0.20240321155694047,0.20132855674600023,0.1868921652074463,0.3661609537036073
0.04045039589114294,0.010225678858553302,3.9557663066357764,0.297807552637082,0.37160125249465087,0.03726846596259557,0.059590595607447075,0.2337321332982245
0.04390876846221199,0.010318361311324268,4.255401331413224,0.04691899093831773,0.17726377783029823,0.29860073483781824,0.37318147104693167,0.1040350253466342
0.04100599585631142,0.01116553045978348,3.6725524151323303,0.20633965118615816,0.19950808629043948,0.26553401926568754,0.0969160896822471,0.23170215357546767
0.040419457378381124,0.012564056847386222,3.2170705584470376,0.2935271937911968,0.09336451507608845,0.2424557844223172,0.2635351977020849,0.1071173090083125
0.040198646305158015,0.013707940110320622,2.9325081654604475,0.2088953753497996,0.2014872794118945,0.3576418177939972,0.0003196108124076082,0.23165591663190105
0.04314722378614691,0.009389194932539471,4.5954125030054085,0.07215730156513707,0.2531960776977144,0.2663196514749566,0.1961580613159767,0.21216890794621526
0.041764788216826776,0.011872603323576881,3.5177447673914384,0.13838172635043144,0.13761944546293223,0.3272747341831363,0.05785983247610512,0.3388642615273948
0.04059696868584099,0.010132559843313264,4.006585632221257,0.2793470096510184,0.3772066963084374,0.11094531206970816,0.21587291438476422,0.016628067586071955
0.04050888502820414,0.011346463248119448,3.5701772563285785,0.28270308648064907,0.20924260244942186,0.1929725880543135,0.22699397923518239,0.08808774378043334
0.04315137549463471,0.006589544942382322,6.548460610245746,0.18048413577158282,0.23938269546812424,0.026987559309146394,0.28657496871641425,0.2665706407347323
0.03977220011662837,0.012124935989553057,3.2801987697829014,0.3479873211941013,0.29209712452679654,0.10634945553478414,0.21014534937711812,0.04342074936719993
0.038386176948613134,0.017307762600002757,2.2178589940104114,0.34664782663457233,0.07061947188205253,0.3984299764224634,0.11057043657466235,0.07373228848624923
0.04338352896319041,0.005709921502904749,7.5979203814133625,0.053078577217805484,0.5325236263858669,0.13939101962434866,0.14797292690927122,0.1270338498627077
0.0416949510069829,0.009050006868206905,4.607173410382615,0.14125158465150275,0.43476038953645035,0.22477821940951817,0.12050363011056418,0.07870617629196465
0.043155977950226264,0.006678471250497639,6.461954589833795,0.030293297918151094,0.5849735717150882,0.17639548139774777,0.043292114821106564,0.16504553414790635
0.04372161301002135,0.005198963989854796,8.409677984948395,0.13077808178190437,0.30828848131184194,0.027503113550383592,0.2786489117267062,0.2547814116291639
0.041499146563432274,0.01066575636538109,3.8908770406691637,0.23827306331648568,0.04970480153560449,0.21457449090982278,0.23364668149898415,0.2638009627391029
0.04031747189573881,0.014125617260239302,2.8542095650024564,0.27816135465764474,0.04257938004891445,0.32583624721197496,0.28037780401990464,0.07304521406156113
0.04436244707823943,0.004139151658283256,10.71776314101984,0.06771293241200621,0.38382775919005985,0.06381946998733216,0.31852770587997487,0.1661121325306271
0.04112795114194813,0.011497332275100589,3.5771733962162373,0.24510806449428024,0.031104379986029305,0.24553238560944277,0.173352713594671,0.3049024563155766
0.043416313638769216,0.006519591835049551,6.659360698834184,0.1213359516252798,0.07042959267499233,0.126373549168558,0.05060561069981706,0.6312552958313529
0.04186773203231265,0.017096431474773698,2.4489164358123365,0.07666842131439298,0.12534061393944307,0.5052827028578374,0.1539865662964311,0.13872169559189548
0.040767405576081106,0.012516115180251438,3.25719322561093,0.23731052193598612,0.14075532994360998,0.2949057113742414,0.2252949993722861,0.10173343737387645
0.042041881253299836,0.008026627058790457,5.237801749771988,0.2005665436093263,0.29064466912394654,0.12226165226088012,0.24704070423164565,0.13948643077420142
0.04097022997937064,0.009898080927462182,4.139209436619064,0.28772651832820073,0.38872269449993013,0.03206809591811878,0.24103747783249482,0.05044521342125563
0.040635105536573346,0.01004891374532819,4.043731150092207,0.2723715582876168,0.2283418945519872,0.12282160009618612,0.028657594179466388,0.34780735288474346
0.04287328653392165,0.00753129348865732,5.692685671922355,0.20529544808099084,0.17946962279834144,0.06582735190200815,0.37627487559959294,0.1731327016190666
0.04025532246377464,0.01223523116299088,3.29011539933458,0.36219902177672175,0.2934051809863756,0.0016823513901071771,0.24308719433250167,0.09962625151429377
0.045609482099832,0.004066975990362513,11.214593400087066,0.006644766422231402,0.2678153173923581,0.08860528567895795,0.3890039129908455,0.24793071751560694
0.042505975445942805,0.008358333371805528,5.085460648091003,0.08653064696692694,0.40502180548414357,0.22603875749934396,0.06844853406765448,0.21396025598193108
0.039235478181785396,0.013570558776147896,2.891220533287626,0.3761953897566133,0.16634814175563536,0.16679332642994651,0.18082443038601062,0.10983871167179429
0.042923058878020684,0.012441525968686761,3.449983465537173,0.06558364409007435,0.2346850075684405,0.36248978708971674,0.29824922704826673,0.03899233420350178
0.0421342992748064,0.01014577489923684,4.152891197889254,0.23949925661873342,0.0031641824634084845,0.18398822975324902,0.3999391439305722,0.17340918723403687
0.04149550382751723,0.010080972515488474,4.116220311459362,0.2365247275181602,0.13433115640415688,0.18829724694167907,0.24871085842618584,0.19213601070981806
0.039564943223566434,0.01223351153091785,3.2341444338016636,0.3128936493129161,0.28176878919984316,0.1977327757608631,0.10364385762601784,0.10396092810035995
0.039753350003505925,0.01438551693319736,2.763428675389995,0.29807810015988373,0.018349295501009107,0.3205892151581407,0.11137427312873231,0.2516091160522341
0.04334969221172164,0.005226487059061849,8.294231234450407,0.1299030499693533,0.37522907256622146,0.014356547323894887,0.13906988482260516,0.3414414453179251
0.04248703940575786,0.013217710738574091,3.2144022702634287,0.11491894095469996,0.11557432074538941,0.37686970436453415,0.3482844569625693,0.04435257697280726
0.04067708134244087,0.01174098129972824,3.4645384660805476,0.33002579542112376,0.1270746771320269,0.1223778659980009,0.35006243206338505,0.07045922938546341
0.04103383989641013,0.013750409848366056,2.9841903149734934,0.1999803104276778,0.10890080170210409,0.3635064163843039,0.2360427530447098,0.09156971844120435
0.041168673069954476,0.01003091678772493,4.104178505431682,0.2856425406490811,0.2537107068633869,0.08179336867325329,0.296305666801339,0.08254771701293949
0.043691107370784237,0.005872750938156741,7.439632266185871,0.14017051700306327,0.1848691421097288,0.07893858155399357,0.32906772822550223,0.26695403110771226
0.03797420455172015,0.016624233609868314,2.2842679814832656,0.49409608933039784,0.13305813207730435,0.09403459293896417,0.19810156325161546,0.08070962240171806
0.04039272648629559,0.011852831183143373,3.4078547025743964,0.274194841846281,0.2079162604330048,0.23073657199198547,0.21678325859041442,0.07036906713831435
0.041732481622729356,0.016212258923431085,2.5741312065041515,0.08087490786942635,0.24691619215959154,0.4766703231301303,0.19004006583873118,0.005498511002120621
0.03886020054123364,0.014554730922453747,2.6699360330518767,0.34258811701751873,0.1038377690234234,0.2817451115282837,0.007723120469100613,0.2641058819616735
0.04163121506363371,0.009834657331096766,4.23311292524627,0.13950896823994793,0.3120495933684751,0.25583670592241664,0.012769670624084661,0.2798350618450756
0.040859745268121514,0.011876056505924916,3.440514555293397,0.23229814820647104,0.1947718177978008,0.27283420170888756,0.23582890859670189,0.06426692369013881
0.04332020082227304,0.007752718209764569,5.587743504943999,0.13599008903597706,0.12471918068738944,0.17995858848845456,0.33992137044600207,0.21941077134217687
0.04261666543016199,0.00840222744090706,5.0720675832551985,0.10006615985085522,0.30106201727029597,0.22392052072060087,0.0850825596692414,0.2898687424890066
0.04310407678623401,0.008008661076834213,5.3821826610838235,0.1361094875418224,0.2041214975720473,0.18949544413219743,0.36522432960833734,0.10504924114559556
0.04067277491123299,0.014314919227164664,2.8412856730655114,0.15116978940910805,0.2994127086524504,0.4021206001870368,0.05210516725553493,0.09519173449586978
0.03989976018706667,0.011589554714607942,3.442734528598877,0.32706971770592413,0.26816571465312544,0.11939327445370594,0.12338318687934663,0.16198810630789778
0.04041202918517049,0.011803608266289591,3.4237013185692433,0.23362005210759335,0.19452441290214809,0.26909664345399636,0.01878073332322509,0.2839781582130373
0.04365856201524616,0.00394176837034327,11.075882170987168,0.04499070644872455,0.6827685842466471,0.03352286457725765,0.0990721356380156,0.139645709089355
0.043679813198408454,0.008780147029642102,4.974838468073916,0.08269099689039867,0.1489441371895343,0.2430050236652653,0.33091237237394616,0.19444746988085554
0.03948610674142951,0.015342180938005549,2.5736958064165956,0.25798113213304946,0.15469723516898753,0.3879144075349678,0.05352847205974931,0.14587875310324583
0.04136039985597284,0.01768202957233862,2.339120613205859,0.08625643312042851,0.1904949903540678,0.5217272214941167,0.11203068054795277,0.08949067448343431
0.040400889680545754,0.012103181865613403,3.3380387181762132,0.294900573202477,0.04224000969730105,0.21711216143814163,0.12568947902283853,0.3200577766392419
0.03952334666927208,0.015793103230331177,2.5025700201443746,0.29796916060311385,0.025027736947450942,0.37710673076770534,0.17430443044819982,0.12559194123352999
0.04004528036961038,0.011172034217716623,3.5844215645264077,0.30553311691849216,0.32605629013516924,0.13771645510097896,0.15969915535745155,0.07099498248790818
0.0422660198821265,0.007934340412779196,5.326973344129786,0.1890189731389599,0.30478713962679604,0.13269994440337735,0.31730375160477803,0.05619019122608871
0.03956370645107797,0.012221521732353012,3.2372160617563916,0.2795165742187468,0.32586586588898137,0.24158111571161725,0.03838529157776612,0.11465115260288845
0.04245127507714861,0.015171144043856518,2.798159120659002,0.03853158008487946,0.2706599640163009,0.4489568166140926,0.1685606761493995,0.07329096313532743
0.042523983015369304,0.008946382481206975,4.753204225808185,0.11245212215232868,0.23893629486821094,0.23816599906949054,0.09620243318590653,0.31424315072406334
0.04333863488646619,0.007990075817192145,5.424058028737975,0.046363466159832604,0.3282076466367364,0.22425139124375906,0.06699376449394254,0.3341837314657294
0.04045630685678437,0.012736418003144331,3.1764273790948625,0.24871256382386617,0.16260110016063245,0.29488301256475863,0.1882082207967366,0.10559510265400603
0.04187196502397013,0.008884204726899908,4.713079708439037,0.25670116317858704,0.2541284373131029,0.02574044709968375,0.2546768458791951,0.20875310652943113
0.04522876754385172,0.003475658783272901,13.013005695933545,0.04885288597644209,0.23789898745620483,0.016010931353432827,0.2697509796571672,0.42748621555675304
0.04316201965941637,0.0063124420906109525,6.8376103954466405,0.1504176268743313,0.20777883869065364,0.09296083375410948,0.22098234075058967,0.3278603599303158
0.04404924234386631,0.005849159058673341,7.5308675831867715,0.08365070265814739,0.21508839452933531,0.13781658089738463,0.2906277360912104,0.27281658582392226
0.04144977520672391,0.010193551772656457,4.066274065327284,0.2323280589831226,0.1256089983129339,0.19924364367688793,0.21646765322732858,0.22635164579972702
0.04149778960209906,0.008019031413567706,5.174912961668583,0.21233675639025693,0.3199521518924415,0.09183572323174388,0.020599220772405454,0.35527614771315225
0.044468409802884176,0.007133310485914323,6.233909191348534,0.0198497725943973,0.29511550544720244,0.2001147869088569,0.30027447244800937,0.18464546260153394
0.03913171372420152,0.013215358258386782,2.9610785390072643,0.3373647434860054,0.2963889384841911,0.21577641597838682,0.14929508776358458,0.0011748142878321198
0.04377131390668954,0.0051669683543579875,8.471372554424764,0.09162196151575433,0.3475524460282314,0.10058917600461299,0.27455060753644905,0.18568580891495218
0.04344351533587498,0.005172715712743311,8.398589396445884,0.12907592859297257,0.41465265028199416,0.019653091397582412,0.24352881670302506,0.1930895130244258
0.04310825741580217,0.012468185252218668,3.4574604518433194,0.040399994292478446,0.11302615040554582,0.3665057838644454,0.05718909383578233,0.42287897760174803
0.04028311664360566,0.011760976917424863,3.425150557342127,0.3209535414584883,0.05178790961855971,0.14727230099838579,0.07043747915152129,0.40954876877304497
0.041348682865033126,0.011449347235125027,3.611444566741852,0.24175182835309356,0.0012836664225681631,0.24626246182536196,0.21900096724801701,0.2917010761509593
0.045396679816371154,0.007121283296997338,6.3747891950194555,0.019633394476847338,0.01996118241562917,0.19685658655680024,0.38796689608421175,0.3755819404665116
0.04104238108131057,0.013924287023160405,2.94753914602912,0.15798287597512303,0.12267136141858193,0.3878414373623031,0.01539313208767539,0.31611119315631664
0.04109613332660417,0.01133055664295179,3.627018038179806,0.21582926723747864,0.12167436441762465,0.26478640635213785,0.11051942060145302,0.2871905413913057
0.042386510261482636,0.01054020962271097,4.021410558111909,0.08724617616157586,0.23759309803936005,0.29892998056282716,0.018565632377302944,0.35766511285893393
0.039977263747042795,0.010801609007189466,3.7010471051520417,0.3096584703091185,0.39457582636097566,0.08383115222188824,0.08612950947843007,0.12580504162958747
0.03976458426836099,0.013125595648971268,3.029545121746729,0.37449310107456013,0.17105001382940876,0.12687950589765282,0.31160563043757045,0.015971748760807866
0.04167564268916227,0.01035097364664138,4.02625338561121,0.20478529568861256,0.16798442559186488,0.23316033161249142,0.27280339664611236,0.1212665504609188
0.04265735143451367,0.007740853737828064,5.510677876014554,0.21713089585972703,0.1788888853085304,0.045706733452896525,0.30082468803905893,0.2574487973397871
0.039941715246084544,0.011769336047229271,3.3937101537250776,0.34081565965821925,0.26639620758170496,0.09052626825723815,0.1592029742725845,0.14305889023025314
0.04387613654625242,0.007575638803350139,5.791740826773484,0.021802936774626615,0.24987918754286437,0.21033005209753808,0.0023882034320543708,0.5155996201529165
0.04293589106738831,0.012220007198383143,3.513573304037763,0.06529841978518976,0.22736066480500694,0.3561315493586786,0.2743481212150878,0.0768612448360368
0.03990414713468781,0.013514347941996132,2.9527245639935615,0.23932473024875456,0.29328438922248623,0.3309003651985838,0.12335870696259112,0.013131808367584239
0.041789318800140994,0.010740768115265252,3.8907197652603798,0.19817847238762873,0.07359583921685947,0.2545555545839033,0.22162729840888454,0.25204283540272393
0.0398303508511473,0.013298438242999215,2.995114924274319,0.2949763378156184,0.17821404606207797,0.27570283960703534,0.19569741954303507,0.05540935697223311
0.039691340650985854,0.013660870649528346,2.905476647080048,0.26228289012563083,0.22762844757415351,0.3208985943506399,0.0798791345381113,0.10931093341146449
0.03910235419930441,0.01531661584669744,2.552936927496007,0.36972818058183277,0.028304699510410154,0.2849839977975127,0.2410015207845921,0.07598160132565243
0.04484025607090747,0.0036944995954908085,12.137030986722984,0.06684350232358331,0.32797896061927123,0.006252407923897958,0.3023315212418629,0.29659360789138456
0.04135511754883009,0.010986674100601718,3.7641161620116823,0.32242147326540693,0.2032343508520649,0.014054914477734739,0.39790362028054116,0.06238564112425226
0.04319244338817891,0.005587109759106662,7.730731138363222,0.1018105425664734,0.343293376333185,0.10945158393101298,0.09251073070223294,0.3529337664670957
0.044963831380850416,0.006805077184743174,6.607394767197981,0.03645872578734426,0.06817661652866952,0.18596635129952796,0.3341885565327817,0.3752097498516766
0.0408762393415371,0.01041100247385489,3.9262539264772474,0.304138775044195,0.39290450335824445,0.006780469772537748,0.24934761434782937,0.04682863747719353
0.04151701713666272,0.009030142746157988,4.597603637475916,0.2524100186485921,0.2593261994607645,0.08401855070523302,0.22949305533124736,0.17475217585416297
0.04189603471022852,0.01659565896031828,2.524517695284395,0.05053372794495724,0.30311962009964805,0.49083886463961435,0.15493411462480708,0.0005736726909733211
0.04060979545698411,0.011310222543245419,3.590539028008489,0.3112084643418454,0.13189623398169234,0.1372963427566392,0.22704014357198896,0.19255881534783395
0.0423798793030489,0.01234252879673462,3.4336463783873095,0.1266096498560529,0.041916309180307434,0.34687656566150815,0.20265870257320642,0.2819387727289251
0.041180218551376206,0.011724102480424402,3.512441026520737,0.25042120546749747,0.005157507662355703,0.2500954346713158,0.21878494700490653,0.2755409051939244
0.04404978939650693,0.007758848565846719,5.677361662967294,0.07448795095526724,0.1028147456936337,0.21093379973144757,0.2952189092151045,0.31654459440454696
0.043334959972704604,0.006138425086266539,7.059621867774789,0.1567941892945238,0.20288082857250728,0.06416844490671038,0.2611026504171691,0.3150538868090895
0.039197824649755506,0.015099578011303986,2.5959549743980173,0.2933974657421317,0.12705134944074073,0.3538714885837042,0.04421137425086125,0.18146832198256208
0.04087685988494739,0.012288428625316287,3.326451341446049,0.21871227845973443,0.21158091470932722,0.29888365846662496,0.240406196718344,0.030416951645969324
0.042916872883446665,0.0106498835891264,4.029797370486291,0.07900980826828076,0.2338154927758113,0.305118533772696,0.2258796648799143,0.15617650030329772
0.044111229168596486,0.007511200667680792,5.872726761035471,0.02183411666470221,0.3355659001425126,0.2122986228552309,0.23005936361603999,0.2002419967215142
0.04377664522360016,0.006322922167578212,6.923483171763819,0.16744294153713868,0.17440205540952858,0.04007138611073932,0.446521604183909,0.1715620127586845
0.04283488981862555,0.006690770315726906,6.402086426123542,0.11594415843185085,0.38581864710892416,0.14982753920097724,0.19832559816808878,0.15008405709015887
0.042416478174279515,0.0128750265146775,3.294476957070716,0.12380313892654439,0.002496078366731942,0.36471693463230964,0.20185976599766334,0.3071240820767506
0.03767818726833706,0.01731899115134339,2.175541689413847,0.43316715186133087,0.0012793354225972295,0.30501532659546293,0.05360757016554801,0.20693061595506101
0.0398544005494066,0.014850256006846991,2.6837517502076045,0.293642196474093,0.024792917337690575,0.3431724453288183,0.2014188918357486,0.13697354902364955
0.043704864759993994,0.009443067538568556,4.6282486682943995,0.010797117429191315,0.3247519998393029,0.27387584754060823,0.11915793644995155,0.271417098740946
0.044672276521617614,0.005049059256446714,8.847643541631916,0.004901262371831582,0.38303236310727473,0.12727706697596713,0.1840367624111989,0.3007525451337276
0.04014721729598272,0.012521510721121282,3.206259866731768,0.2282906379191303,0.28459017035792894,0.30149043512682966,0.06059040387470609,0.1250383527214049
0.039757380497681905,0.013818652856245514,2.8770807770681537,0.2900705924770151,0.019015572420001868,0.3027948291066664,0.0020624742122941748,0.38605653178402227
0.042311815625234846,0.008281935509098516,5.108928411571327,0.20894596488916856,0.1645277034232459,0.12478549112834897,0.2874583271017805,0.21428251345745622
0.038438445846861895,0.014223717680733322,2.7024190657923794,0.42319773775909075,0.4326819123052546,0.011467240231523247,0.02866655510084408,0.10398655460328737
0.04174356486790997,0.009281504899896043,4.497499631592881,0.2453598052302915,0.23365070499837778,0.12176423061750835,0.36435954780139485,0.03486571135242767
0.03964162724335985,0.012033154848448442,3.294366917290294,0.3196647364960861,0.19790842704404504,0.17237421851775764,0.010521456279528892,0.2995311616625823
0.04045523516451342,0.01189372084169245,3.401394374643548,0.29887686654518,0.1235511182911108,0.20025031993343184,0.23491093095123103,0.14241076427904636
0.040870174945512344,0.012888665423286209,3.1710168278300856,0.22329648987975145,0.15747544203636535,0.3185114487420304,0.26063380645771067,0.04008281288414204
0.03958648152209039,0.014982230002992232,2.6422289281491627,0.29575209087194687,0.12483441562775306,0.34604204013252493,0.2231710943794838,0.010200358988291263
0.0416848156510577,0.011231946813547453,3.711272528532579,0.21688523145962568,0.03861083042079527,0.2590904464123202,0.28007800072916367,0.2053354909780953
0.04137888519985215,0.008978999782832765,4.608406971895217,0.20684310668633696,0.23370040355331953,0.16646700639382353,0.03244399611466853,0.3605454872518514
0.04433065402072288,0.0052875551311692285,8.383960624713167,0.11891151858095013,0.11300949439847138,0.06911193877784792,0.35848602376520766,0.3404810244775229
0.042534902260166346,0.010515246438051976,4.045069462779632,0.12456569927098407,0.09268675396379543,0.2870982407222679,0.1506520888252553,0.34499721721769727
0.04177024127260603,0.009055292549723482,4.612798652637849,0.26198355058568723,0.22077237650552628,0.026140975898518447,0.2041084140406936,0.2869946829695744
0.04353986023263427,0.006037893783434213,7.211100723913334,0.11353459791170234,0.2681237191984676,0.12413379729491607,0.2954221424710936,0.19878574312382036
0.044992735330825484,0.0035824199013231926,12.55931369580855,0.04985219403009178,0.24747524984939587,0.0256898969663423,0.2040963012731591,0.47288635788101085
0.04432014550403903,0.004038587481632352,10.974169980372773,0.07970718864296245,0.326297886093247,0.03430021402813042,0.2282074013685254,0.3314873098671348
0.041809469852259716,0.010014797324224774,4.174769443524021,0.16484498422505922,0.2265466375568356,0.24973707936380798,0.16174286182608638,0.1971284370282109
0.04540832507206665,0.005058125180691781,8.977303536377944,0.014219912252075168,0.18997277705383908,0.1281564232620064,0.3664146357716133,0.3012362516604661
0.04223072416043352,0.008085528952510529,5.2230007966666205,0.22845376470897905,0.34637559081094976,0.033043155403581444,0.3546607836128231,0.03746670546366677
0.04337457243521777,0.0062355426415349365,6.956022102438982,0.12497380283697096,0.22698476611721577,0.12297816107292996,0.24580645860400235,0.2792568113688809
0.03788485098701516,0.01617818105484229,2.341724997302824,0.47805066613126185,0.10348192201577297,0.10505886953893895,0.030185371056707433,0.283223171257319
0.04415129481281443,0.009500312539571855,4.647351824364735,0.04483866166847932,0.10386887820787707,0.27399809888753507,0.3092814522602637,0.26801290897584495
0.045019044764909776,0.0045394749193973395,9.917236148291463,0.00042130198070798597,0.3690869100608259,0.10829128015244674,0.2441502603750505,0.27805024743096884
0.041325750469877104,0.009639978916023962,4.286912951768366,0.2741908017413052,0.1842802207370975,0.07782944228950608,0.18691357993413835,0.2767859552979528
0.04425224643512515,0.004560206187475459,9.704001226230366,0.02759262770816676,0.38058785147308294,0.10116399790361573,0.07141165095488138,0.4192438719602532
0.04555708901892937,0.003249927787897107,14.017877316716463,0.0008938652087574012,0.3581758109427188,0.04215855837902756,0.29868469179906265,0.30008707367043375
0.03965992980624535,0.01247065559860388,3.1802602110738567,0.29572441552031953,0.28195593252711526,0.23484637179475562,0.13043618192835543,0.057037098229454075
0.04225644810370412,0.00891138065389569,4.741851991838249,0.2562642000253753,0.20034448413478997,0.03142102874191105,0.3852176822466514,0.12675260485127227
0.04428952961151922,0.00854833710856569,5.181069610268385,0.0009045706817822735,0.38100520880639244,0.2438302708162118,0.3097515120270674,0.06450843766854605
0.042550978202185785,0.0073840951970132115,5.7625175552174905,0.18097125888014634,0.28852176404885377,0.1122510189213398,0.3137651183925334,0.10449083975712659
0.043188569267243224,0.008037762454227116,5.373207968410418,0.13815192197338816,0.007679359546284595,0.18623039898833393,0.16299677812684754,0.5049415413651457
0.03989423184873234,0.013455528178305422,2.964895269815903,0.28969168434002845,0.0904219386946235,0.2888870321494798,0.11463576948584678,0.2163635753300214
0.03899880315333747,0.013604739763815321,2.8665600246954392,0.33333267945912515,0.26992729879632144,0.24434918181527202,0.10563699703906954,0.04675384289021191
0.041574810282049034,0.009995884770513093,4.159192631420758,0.23046868670900506,0.1738244606878506,0.19061944629291855,0.29847053491774145,0.10661687139248434
0.03942921244390464,0.012283087060206433,3.210040949041517,0.35370839057358766,0.24690394584359307,0.10391966731755281,0.02336197878211562,0.27210601748315094
0.042510351807670085,0.009578225892575974,4.43822815252453,0.11081596533776868,0.25895808364038975,0.26091245525720486,0.16958855802952297,0.19972493773511368
0.040818178204002964,0.011816625818829292,3.454300646379183,0.20689892043096203,0.15474318607505663,0.2897261856270259,0.02507519022765025,0.3235565176393052
0.042131697339582316,0.018350566358734704,2.295934442346408,0.025791223928538824,0.1604458440049517,0.546117451532606,0.06550581079724327,0.20213966973666012
0.042268733632025116,0.010280218884579334,4.111656970206112,0.0777230366834811,0.3652382915711503,0.2922290666874763,0.03254696451807236,0.23226264053982
0.043952451060950685,0.0043152186156611,10.185451764004563,0.0881983916399006,0.4093441792225884,0.045650147325535094,0.25298208078386014,0.2038252010281157
0.04224097419708035,0.007538836956984672,5.603115498862782,0.18817290716379126,0.31134901789151764,0.11109103157842662,0.2437317484990635,0.14565529486720086
0.03751719606026896,0.015985556743774706,2.3469433477741943,0.45921015526080866,0.25412138790864647,0.15784334442674233,0.05811094427457435,0.07071416812922826
0.04078877450947991,0.01030200607936596,3.959304061291164,0.2964657828016862,0.24363458646825914,0.07569287146435144,0.16350749681179763,0.22069926245390556
0.041497672144129916,0.011774217650291014,3.5244526113464745,0.15566604050424745,0.19428038373701423,0.31720750692200256,0.10043434300853363,0.23241172582820213
0.04384358979928144,0.009457219119426864,4.635991748273936,0.08060420352049111,0.0011807784161252963,0.26483241858752476,0.27135521352884495,0.38202738594701396
0.043503811234008594,0.009469686332469342,4.5940076267198195,0.05207153375583104,0.21275025449107796,0.2726956139138448,0.18542222669906455,0.2770603711401816
0.04045107296975892,0.011892480162357113,3.401399238637993,0.2537984288466292,0.20458832319537218,0.2550349365651728,0.15972115676802384,0.12685715462480204
0.039354036848966,0.012785357631484156,3.078055224052241,0.37886416195505795,0.34307644994106057,0.04546193351649923,0.12498499414993608,0.10761246043744632
0.03877544388796278,0.015063847104871774,2.574073118109548,0.430329008241366,0.11735851934340662,0.15298158635445927,0.2610310010300185,0.0382998850307496
0.03995450707851128,0.012089388710988424,3.3049236842054204,0.35448398932803243,0.18109501030288067,0.07022848984475975,0.09987375677789367,0.29431875374643346
0.042538137896375894,0.007909325398816308,5.378225796948758,0.20428870598769733,0.149711165775615,0.10684814172306964,0.29021729079275715,0.24893469572086094
0.041019218224045445,0.0122775473552628,3.3409945029829156,0.2190055224314377,0.13601857152938138,0.2992283658119106,0.21655300039897166,0.1291945398282986
0.04082210210286853,0.010644020005136923,3.83521471052923,0.25365357012383977,0.236534651820257,0.19540306465931837,0.20254113849396335,0.11186757490262145
0.04056353714688039,0.012828072186138247,3.1620914318452717,0.2522062811062723,0.09521906786062653,0.2959742264889684,0.18388722651060305,0.1727131980335297
0.037441930651338426,0.01828820474476182,2.0473267427773463,0.42085315225970127,0.07313601010012942,0.36836807715571446,0.12492450153730678,0.012718258947148047
0.04412994153136004,0.008286351398388127,5.3256179239447,0.021150174338673437,0.22433237481737553,0.23754809163843765,0.16739623447865337,0.34957312472686003
0.037165791750250844,0.01819581776948644,2.0425458322942864,0.45257395006987916,0.06910918358659311,0.3245705150422819,0.09507852854364485,0.05866782275760086
0.0438128104539182,0.007802970182055049,5.614888873300722,0.06463745688580971,0.2173882667756875,0.21596901379685715,0.2672886787241903,0.23471658381745517
0.0417832977765054,0.010239849572400683,4.080460116242656,0.29903097851769145,0.1745685367738173,0.0032452494539248152,0.36137388006748233,0.1617813551870841
0.043026100872426386,0.005159745626387687,8.338802721666097,0.10504034029712496,0.40942009149859265,0.0731796947595808,0.013622369953834626,0.3987375034908669
0.043629274953775894,0.005627075022674466,7.75345535255358,0.14188995898024476,0.18242198886818908,0.037528097825525165,0.18735796494546314,0.4508019893805779
0.04079788025439594,0.010345762696181206,3.9434386282081575,0.2829744041288124,0.1931937950491838,0.12536618712777045,0.14924802365149936,0.24921759004273392
0.04378697692464402,0.008826081277594823,4.961089247591465,0.08854641151244826,0.0528764189838932,0.2422815307591675,0.3025679298095632,0.31372770893492785
0.04057684677994733,0.012278403117137645,3.3047332289743756,0.2705032219386832,0.17057970322939942,0.2535971227117619,0.29780923596388575,0.007510716156269818
0.04283681801825473,0.010831990409711946,3.954658045103816,0.1232076843777633,0.061028722230856175,0.29801044662404474,0.27791839566818954,0.23983475109914634
0.042845561101833685,0.005606961770325418,7.6414933536004845,0.1421032959844213,0.45726970060833577,0.014048217789156178,0.09031053018537943,0.2962682554327073
0.04060761481676155,0.010093183950915303,4.023271052449116,0.28093128889347135,0.3130358806515906,0.10645845746849573,0.13844679826102202,0.16112757472542033
0.0437889548351909,0.006729992474237746,6.506538454955781,0.014680691705970717,0.47022138269182034,0.18393081767669892,0.10845870930534711,0.22270839862016287
0.041252843945665765,0.008741586336577456,4.71914848830713,0.2439073352152253,0.29894968650411363,0.07392992912164886,0.059250969442633875,0.32396207971637836
0.043091448959678154,0.0072645732912331624,5.931724718323184,0.19463319239829055,0.1292290395228779,0.07042053628691804,0.3516259130602883,0.25409131873162516
0.041167433633961456,0.011293637268888948,3.6451882288947863,0.25123547308362393,0.10522788335896383,0.22978508456093696,0.28566281414935846,0.1280887448471168
0.04304907987302764,0.00899087336692129,4.788086553572356,0.13787550487804248,0.07011088471667279,0.22677830664069873,0.29189643684257355,0.2733388669220124
0.04170586153474704,0.010533645066630884,3.959300059090218,0.2160401638024442,0.06617527567901733,0.23112104198462136,0.23659987976063876,0.2500636387732785
0.040694458041957815,0.016932523317617035,2.403330990816841,0.14171648416130128,0.19243212575833682,0.4884834642178036,0.11032329612514682,0.0670446297374115
0.04349405066541403,0.01030189021210429,4.221948571565084,0.02753034699513996,0.22643339297853396,0.3005957465458311,0.09670938599458716,0.34873112748590773
0.03958717339524691,0.013041499544589451,3.035477113647602,0.35042819659256585,0.03427590995562629,0.18022995480290419,0.030096297751695783,0.4049696408972079
0.04107610259131487,0.010101175924045093,4.066467399457551,0.22301208755010338,0.20612199878133455,0.20496812660097227,0.08562057279153858,0.28027721427605123
0.03753077910875434,0.01543193040963991,2.432021018271951,0.4181850549129871,0.3351224433354088,0.2125103649379913,0.021351964521923228,0.01283017229168942
0.043661159134318936,0.010404599071132167,4.196332682866942,0.05201181107559669,0.22432367129866476,0.30050888328844316,0.3571264354837293,0.066029198853566
0.042727791316019045,0.013331441003745404,3.205039222992839,0.10678114780267786,0.020966628609170285,0.38330636959626163,0.3026445391066215,0.1863013148852688
0.03997644706971762,0.011180838973742719,3.5754425194387487,0.30705548648397624,0.2999116186727719,0.13569764767679507,0.09890315548258678,0.1584320916838699
0.043798332586721014,0.005916270880185308,7.403030299611497,0.10256317218613323,0.23136163541461374,0.12789724230007823,0.302495716684334,0.23568223341484068
0.04147847581539184,0.008703174484860677,4.765901900225529,0.21802583789727062,0.38966887121226945,0.13206536620557469,0.2602191868462561,2.07378386292949e-05
0.03964837492105219,0.01187563408817911,3.3386322470576792,0.34175264877353484,0.23305768447123487,0.09663974195922198,0.0007005293730350081,0.3278493954229735
0.04165757516201794,0.00898199874171625,4.637895902672788,0.222667115967678,0.22357646940323014,0.14698460905278066,0.21480359234925747,0.19196821322705374
0.04358028487865076,0.007745533445102619,5.626505286889685,0.09444852006275284,0.20509790754460336,0.20344719986049553,0.3256240120427466,0.17138236048940161
0.04202404028367636,0.009687270299763904,4.338068308541009,0.12576245209287096,0.28389189366337636,0.25795397124776986,0.06987273070036841,0.26251895229561445
0.04436256820247357,0.004075001053778045,10.886516989079995,0.05338841118045075,0.3302333618019978,0.07093992182649772,0.16469404414479077,0.38074426104626297
0.04354411513976493,0.007201600495783549,6.046449697572018,0.038896536070653735,0.33658109394636626,0.19828591220907457,0.04448456434223016,0.38175189343167537
0.03990354537979255,0.013233398916591406,3.01536631906134,0.21300796383479853,0.3415383057690687,0.33706505273813486,0.005675718639907184,0.10271295901809065
0.043233058090874174,0.005972937272231704,7.2381570608259125,0.15690792180006702,0.24909180922116808,0.03346875633544887,0.18114597389696876,0.3793855387463473
0.04160657543032046,0.010543581074007189,3.9461521790629606,0.10941545321928496,0.44303937470798027,0.29081833069878366,0.04466876160857168,0.1120580797653794
0.04508387075429446,0.0036202258699877038,12.453330917290966,0.0569182070199591,0.25011022943070077,0.035243015138613186,0.3321711975784829,0.3255573508322441
0.04295283811709946,0.011221899189360746,3.827590801904741,0.027407062979700463,0.3040503286454454,0.3283428106010275,0.01488012974075489,0.3253196680330717
0.04418752004093037,0.004731612763083,9.338786213802267,0.10058352265718479,0.23925992516423802,0.06291936976965144,0.29421724289021944,0.3030199395187063
0.040481193256660775,0.011154295228233002,3.62920224257625,0.3285513953288617,0.3333174413090671,0.025474906411895513,0.22096055439061835,0.09169570255955736
0.04273907147499198,0.01632849162945202,2.617453739444168,0.06456704892064355,0.0765046224621644,0.4814783818102855,0.35150495443882795,0.025944992368078613
0.040602759811998006,0.01049072679819575,3.870347650172444,0.29837230792022695,0.24489070866758209,0.09372863625743312,0.14274465413466594,0.22026369302009202
0.039435959578103405,0.012735900056628103,3.0964407228980946,0.3079390493102645,0.21093775683372723,0.23339847649616507,0.01968150966357816,0.22804320769626507
0.04294434682131646,0.007572977913593256,5.670734460248816,0.17244061358548723,0.1444668712890074,0.1366474095555958,0.32889294182092527,0.2175521637489844
0.04044124087170335,0.01599187704768305,2.5288614182762617,0.19560139734871682,0.07312593196230811,0.44185249844382,0.10286526622531675,0.18655490601983818
0.04362856243955191,0.0064761193752125214,6.736837280446238,0.07264656060855526,0.26855746785758955,0.16657444701522703,0.15798892049416247,0.33423260402446575
0.042325595914545,0.008285323681151206,5.1085024005560715,0.20726414636459514,0.1418753362352256,0.12787961407355325,0.26195973976491327,0.2610211635617128
0.04133743373143904,0.011165190644809744,3.7023491175813628,0.2066416040248798,0.2228783764731703,0.2636175942676076,0.2827391385789285,0.024123286655413818
0.03955181877320664,0.012582343894016964,3.143438067371052,0.327784857699357,0.23105491252395244,0.1948112129575179,0.13579129075506474,0.11055772606410774
0.04027873512865603,0.011514391863914727,3.4981209259419668,0.3336379892166968,0.2715016472370696,0.0832653804207516,0.25303022751220505,0.058564755613277154
0.03960004027483728,0.013621967384091018,2.907072022583598,0.2539121069693272,0.2981575041578705,0.32484616478646505,0.07423163076103362,0.04885259332530362
0.043237306210930054,0.0098633743864472,4.383622127366514,0.07787125799820892,0.18271621421035425,0.28043688727683064,0.23451648407957842,0.22445915643502773
0.04107644283060698,0.016335556446735858,2.5145420031782755,0.17064123852367208,0.05772264876899646,0.46089260321327347,0.258806454980737,0.05193705451332097
0.04059464057112259,0.009707711447691251,4.181690070812422,0.24754064683969074,0.31252572148448476,0.148024091491205,0.0042796642170876715,0.2876298759675317
0.04438032300573863,0.010596364456169865,4.188259396825261,0.015034985436835714,0.16228848211184188,0.30927355548122976,0.37454708641062245,0.13885589055947012
0.045547862033152774,0.004717908997330323,9.65424768873806,0.008408700070500158,0.2059268387541293,0.11542333370378745,0.3729867707140833,0.2972543567574998
0.04300856380126462,0.006362218309072819,6.75999497532683,0.13696094815611345,0.2581303552884754,0.1155804845516905,0.17674282150902912,0.3125853904946916
0.04230679270341918,0.013953180803564488,3.032053644184949,0.09187527917894148,0.14369846203994135,0.4065010656100447,0.21200930697154083,0.14591588619953166
0.0437782436449441,0.010437910158191356,4.194157928307924,0.022734151505910353,0.25535875095254457,0.30512459167473893,0.24766655009287616,0.16911595577392993
0.042553388590449055,0.010149256994706944,4.192758998283477,0.11540031483237669,0.20084603569993248,0.27863872329156486,0.20310665406356015,0.20200827211256586
0.037336447792129024,0.01698154458414377,2.1986485155768047,0.48526910613207686,0.09810399592963161,0.17886874025150074,0.0300538579765152,0.20770429971027546
0.03831148953445595,0.01578692778361718,2.4267856329977984,0.3654145225688158,0.1204772391937271,0.3145435105153909,0.03138133366408983,0.16818339405797644
0.04281073218844682,0.00841550421840617,5.087126222907988,0.17002388623407158,0.0975178466367428,0.1802038499929251,0.3150626892020199,0.2371917279342406
0.04116447772003512,0.009940902776670289,4.140919456192809,0.25703331911685967,0.2754850821882127,0.1466984739165652,0.2988584655642319,0.02192465921413064
0.04288413171448235,0.009132566085417501,4.6957373550198485,0.11563962821625923,0.17438109635887505,0.2438430045979537,0.2284551284916615,0.23768114233525056
0.040076957172920466,0.013132143054985944,3.051821550002401,0.29490073474366885,0.09132955431048613,0.2687760954335042,0.18360350429695305,0.16139011121538774
0.04335933042168571,0.007574301872811295,5.724531600374724,0.13413345182992545,0.13621900228017883,0.17403410022277868,0.34204310332185484,0.21357034234526223
0.04403547448158252,0.00775804744825224,5.676102753342014,0.05034270021410302,0.24866832044609166,0.2170938036363984,0.3106422541306363,0.17325292157277053
0.040012742636096235,0.013038396871345006,3.068839139575035,0.273988048232302,0.20068203285308187,0.2850234251560128,0.18258988379924246,0.057716609959360864
0.040474691073591224,0.010966069450352738,3.6909023106988714,0.2812247125685964,0.20531824988075217,0.17347069096266604,0.13721466739750668,0.20277167919047873
0.04156661520098425,0.008415160755170854,4.939491521352442,0.17487153439170455,0.44983620859906054,0.17200852059923136,0.1738372349624123,0.02944650144759128
0.04077604474801341,0.012872275422464902,3.1677417868833357,0.26171688626550493,0.07870224064203026,0.28807033534351795,0.31314703916776493,0.05836349858118201
0.04045559677388104,0.012981966982244535,3.116291762967218,0.24017712150281592,0.15596066139239428,0.3113621687331717,0.16413010149358737,0.1283699468780308
0.04344949699091805,0.005652598184582407,7.686641712730894,0.12041407841065328,0.3693877378130438,0.09245891864308921,0.3383581672761376,0.0793810978570761
0.03896564726283431,0.013522345376572284,2.8815746216882627,0.4004926974157088,0.2807730463250169,0.06511534856526825,0.07838901955950418,0.17522988813450188
0.03996241272906979,0.011675692281867763,3.4227017777036686,0.3371526080646949,0.32056803331916334,0.09020632066180478,0.20942080349563205,0.042652234458704905
0.04151636178214965,0.010530988688849524,3.942304280139264,0.1974262529262475,0.21875753982495727,0.24639100658287072,0.244249478716065,0.09317572194985956
0.04191684921060751,0.006464666513324957,6.483992503589874,0.1523500377290821,0.5366493845789273,0.08739179315312116,0.03552011706726377,0.18808866747160569
0.04000957112118339,0.013366014875514585,2.993380711739111,0.2470964763817955,0.22561398479393366,0.32079161824823155,0.1168479198084935,0.08965000076754578
0.04358810467324266,0.005659852626487052,7.70127908794983,0.13340368717245304,0.2759221841065082,0.07558918155430999,0.33429543065290074,0.18078951651382796
0.04123521363118315,0.009632016498502108,4.281057205165264,0.24509373913530155,0.2589005802254332,0.1498503956432266,0.23202023212965486,0.11413505286638378
0.040914290479275056,0.00977109634995349,4.1872773549582085,0.23925359653870262,0.24308169719287437,0.1670515462500051,0.06436163087973304,0.28625152913868485
0.03994492234801732,0.013118584633343387,3.0449109766376528,0.27617099465931794,0.1807603959681611,0.2869325982207156,0.14663221221343462,0.10950379893837064
0.04110925032166596,0.01297255883811455,3.1689392073430622,0.2514645140925309,0.025068209384388477,0.2998561442692079,0.36380612330822065,0.059805008945652
0.04327362313909666,0.009445330851400813,4.581483043834178,0.08493130039524234,0.2396388348588244,0.263698302693698,0.3275890688710289,0.08414249318120638
0.04063649751998849,0.01230995670740496,3.3011080774592747,0.36276811297207795,0.07419840641401848,0.05642534029649745,0.31438007845323707,0.19222806186416913
0.039384532632664816,0.013950981564270102,2.8230653485725083,0.4063501880011734,0.14462383081708485,0.10911803494988319,0.2808891199109406,0.05901882632091799
0.04304660731350721,0.008789457165197613,4.8975274018005175,0.1688085194059668,0.10067193866814822,0.19381833953175026,0.4635805112832558,0.07312069111087895
0.04153440663400603,0.009460141203905518,4.390463708602891,0.21224269808494442,0.20284136791254412,0.18666464838790844,0.16797391513460938,0.23027737047999355
0.038358598278177516,0.01626650668598975,2.3581337418448642,0.35917452443541054,0.06832437719262659,0.343286654924895,0.025921823330351822,0.20329262011671592
0.03644079781932548,0.01880590305112926,1.9377318770734213,0.5615135502165742,0.21692004103994605,0.09844781650186525,0.08224117963723901,0.04087741260437545
0.04161590276925171,0.012076408336277433,3.4460496540381027,0.21017406200138264,0.05696849345149341,0.29632292409512256,0.329391287868229,0.10714323258377231
0.041986144292635086,0.01530321204896964,2.7436164485129773,0.08374890321602552,0.2085808352007274,0.4489094672698288,0.20359424165703616,0.05516655265638203
0.041538732592452866,0.009643396105802391,4.3074796613880855,0.2699392710612473,0.1369822313320839,0.09385853572868069,0.24497934521160714,0.2542406166663809
0.040603812203638956,0.011548475272149597,3.5159457198267083,0.25044653705185815,0.1546203060983443,0.24330290269511384,0.11054330025350355,0.2410869539011801
0.04386598518898857,0.008003285022338148,5.480997498721242,0.06701611738590141,0.18174350488087412,0.22196128292531705,0.283166862944669,0.2461122318632385
0.041971671181318226,0.016398473344177093,2.559486502212834,0.07821156128100022,0.19206553078542235,0.4827831340322477,0.2338959787144563,0.013043795186873517
0.041648481916327446,0.00974442978272135,4.274080971898202,0.28325464404983397,0.1342631130807259,0.02480573085432152,0.19095390327441444,0.3667226087407042
0.040859542742520884,0.012248516224496788,3.3358769334691014,0.29404944207579314,0.06880240151643906,0.22287357597008536,0.39076770937347144,0.02350687106421107
0.04109513115097866,0.010166135341805596,4.042355307034482,0.2044118805117556,0.23113080375625442,0.22559945016906618,0.04812187622573315,0.29073598933719075
0.041235275901111104,0.011747430106409999,3.5101529038773367,0.33752981542690413,0.05419183722596147,0.08716117074104773,0.4792421588422387,0.04187501776384796
0.04244914585144601,0.007952596130678679,5.337772112894079,0.22595927067375982,0.25096557766414485,0.0038763172532076577,0.23478862074835888,0.28441021366052877
0.04391933080826789,0.01113811370156866,3.943156981965664,0.00993428332646315,0.23715726432619127,0.3268318952209561,0.2607600062927312,0.16531655083365826
0.03970334260109512,0.01183453074756333,3.354872571459569,0.3374519214335735,0.26998977712882755,0.11153459447719294,0.08555060601577523,0.1954731009446309
0.0436885578627487,0.00616684723609742,7.084423562013875,0.15345085962788832,0.13554539097736404,0.07319948984627046,0.3477564588493509,0.2900478006991264
0.04175149743058563,0.008516626701468707,4.902351470140814,0.23086712106554177,0.16560808737850935,0.0892873954293409,0.07839981500304935,0.43583758112355864
0.04352046551045062,0.005331306637337093,8.163189340050497,0.04881227428110043,0.4307239243137928,0.1252120242724102,0.011575322526111083,0.3836764546065855
0.042927654634559345,0.007324196218088292,5.861073810194015,0.19886903250491197,0.18554850927804845,0.0641751229051169,0.3572959716398548,0.1941113636720679
0.041197399079675456,0.010712036233875647,3.8458980328495502,0.22032508832086609,0.16882376304154836,0.23556264329235652,0.16666677261035562,0.20862173273487353
0.0402551406690586,0.012854139242276807,3.131686992829584,0.27661014227903585,0.18370501014104512,0.2734866719342845,0.2635360296594199,0.0026621459862145452
0.037231165756104675,0.01766201850988745,2.1079790928348388,0.42678591525742393,0.160148736171738,0.3309902542878106,0.06801104356319651,0.014064050719830943
0.04558780682281017,0.0035665913553970465,12.781897974890134,0.01708870810522882,0.1787957616060734,0.02248305466646764,0.14963918369008808,0.631993291932142
0.041277173731261885,0.01099915499934282,3.752758619523784,0.14538033340569367,0.3562107587690107,0.29372029885131135,0.053309409083733834,0.1513791998902504
0.04258369155470848,0.008549326635337175,4.980940999340942,0.16579360494033682,0.13930560184231836,0.19065239910685172,0.25769940012827636,0.24654899398221666
0.043793950283680265,0.005425249726923691,8.072245977239648,0.11331193246719404,0.2237195996533266,0.09185725769809355,0.26510416559834404,0.30600704458304173
0.04186947091775067,0.0117659989797119,3.558513900090095,0.11926083291453304,0.31751263023896326,0.32914073434007446,0.19858014918577085,0.03550565332065839
0.040781923451852664,0.011051322944781469,3.6902299983107674,0.31889652148631326,0.16528413385013452,0.08439930608214541,0.25418619007744525,0.17723384850396176
0.04439520388528117,0.004409591677095886,10.067871843072648,0.03511096687732949,0.3943907911649674,0.09809380634838506,0.20486439980613036,0.2675400358031878
0.043512248299441725,0.008952000262334926,4.860617406650136,0.04558227185755378,0.2928506216771117,0.25676115111361586,0.19555567895506898,0.2092502763966497
0.04017019645450269,0.011322870550030667,3.5477042925650943,0.3334713384836424,0.3181398229840705,0.03911125197134446,0.12879019807473358,0.18048738848620904
0.04115079112337664,0.009896855371739942,4.157966301183001,0.2715883982394711,0.24105972748679144,0.11409453706974866,0.26162041710982525,0.11163692009416351
0.04320189943251768,0.006883103936845468,6.276514175713166,0.11951674733398022,0.26878422453356493,0.15684855499560213,0.27429964891012004,0.1805508242267327
0.04140563300330802,0.008793660724697455,4.708577496857269,0.24448855908162265,0.2931982445378145,0.08304858577426007,0.15669322219814458,0.2225713884081583
0.04309846416394964,0.008196908719291346,5.257892412845567,0.06203378052014757,0.31146447839579056,0.22813626756356364,0.058598434360196947,0.3397670391603014
0.04351296117497703,0.006671736822620693,6.521984054803426,0.16932995987488375,0.0700887238809288,0.0775401004673167,0.31171636873467207,0.3713248470421986
0.04278261246766493,0.00855554562922134,5.00057089538995,0.23892517507486885,0.04979250645011583,0.06368586083651477,0.4134075995574501,0.23418885808105044
0.04242056665914733,0.008820231084573239,4.809462048374418,0.176568504038435,0.13965630731458065,0.19289690783470892,0.2666561023476243,0.2242221784646511
0.04303769460621398,0.009403836694242529,4.576610165142881,0.09265825266625301,0.2771648399851158,0.259858932863906,0.30788249724930883,0.06243547723541642
0.0440335331394355,0.005851283472603388,7.525448620906386,0.07829064341768752,0.2703962469289457,0.1404571796410623,0.32077260788386946,0.190083322128435
0.042920433005883066,0.007086318006149386,6.056803119566106,0.09865422412664217,0.29336622008128027,0.1760513735926001,0.07044262924289443,0.361485552956583
0.04353167117937097,0.005476381727436188,7.948984082187176,0.13356845254456362,0.283085264676704,0.05983032195546557,0.2711068508550483,0.25240910996821847
0.04340525462227257,0.010342678657645139,4.196713062354317,0.047776835102187755,0.24444833852418438,0.3005403507345168,0.2278052579697072,0.17942921766940395
0.04132560769758495,0.010505026577929066,3.9338889236519923,0.22083888853108022,0.16397710510883856,0.22599291135984467,0.19799980936654682,0.19119128563368987
0.040351049149912305,0.012858796037906486,3.1380114460919453,0.24620474128063258,0.2192126436289056,0.30090950280567597,0.20812799595106324,0.025545116333722636
0.041301005714195246,0.013006864962012322,3.1753236336979294,0.20534382756126138,0.03624765874657119,0.3346126368911574,0.22793992137926308,0.19585595542174694
0.043961251772778105,0.0060812992417166156,7.22892428499684,0.08468678007064674,0.22079870900024465,0.14663674900604529,0.289131292914379,0.25874646900868437
0.04203573145062524,0.00939446447254767,4.4745213070379135,0.19272655485097298,0.0975549986227232,0.20293054972910876,0.17820946659067577,0.3285784302065193
0.040109505966750024,0.010844913534839478,3.6984624946891023,0.3045431890447518,0.25854244028250845,0.10884502662553137,0.012970386492217769,0.31509895755499057
0.03815227017380713,0.01659779297060449,2.298635140309117,0.4171070037775289,0.05340785811999095,0.28827793703547194,0.1787594833511494,0.06244771771585879
0.03949297702835102,0.013008257436227449,3.0359928854394242,0.28117432197737385,0.2628991541441459,0.27680996059454394,0.04053689872270398,0.1385796645612323
0.039414900362184854,0.012860765311172697,3.0647398819993588,0.3497983361187466,0.26364826160463883,0.16971128872698207,0.20176825046133207,0.015073863088300369
0.040838744106794306,0.00980381767206713,4.165596043585282,0.284164749966309,0.3994995629034903,0.0012981649865310254,0.0743336808035583,0.2407038413401112
0.04186064229893127,0.010027456019550159,4.17460243329087,0.29235524069405777,0.1789433888355066,0.014558486598243221,0.38753869868457763,0.1266041851876148
0.041741821050211535,0.008941187788444086,4.668487234342642,0.22075393923352915,0.19149579939983202,0.14755282817806334,0.20216152935052692,0.23803590383804854
0.041280524486529704,0.009670229470767492,4.268825741035225,0.23010828041432974,0.22418958903584799,0.17535359864545716,0.17292352476307213,0.19742500714129313
0.04209490029384828,0.008684142381011626,4.847329586153629,0.23073876346895256,0.22407639699173476,0.10737204538586703,0.3699543842390616,0.06785840991438395
0.04051516659914991,0.011794252249425345,3.435161953664671,0.3491051864128666,0.24005122803637877,0.018786491576621503,0.25317181159417845,0.1388852823799548
0.0411807335811077,0.009983014428397647,4.125080042353253,0.2214360969327334,0.2229390618665184,0.20146930731382748,0.13524091092561408,0.2189146229613066
0.04261874461745271,0.007237084371922667,5.888938476770893,0.1998941474806446,0.2692074052322003,0.049235602686853,0.2781441600174221,0.20351868458288006
0.04283077681874353,0.008882201456121444,4.8220902250787585,0.10450611480070139,0.3438397008949611,0.23669550617536173,0.31303394589217576,0.0019247322368000285
0.042829334703712835,0.0073153883658609985,5.854690491018375,0.20513082623983026,0.2646247359759013,0.005101690134470494,0.28320392209176115,0.24193882555803684
0.04429655471455079,0.0045247359817310135,9.789865064702493,0.09866164501726948,0.2473887299107083,0.04700439701766869,0.2958981223148341,0.3110471057395194
0.042093375271519705,0.008206316984118864,5.129386953121625,0.18577830515892868,0.19418378103678782,0.15385484476195177,0.13214955950252302,0.3340335095398086
0.04362627890630036,0.006173958897679491,7.066175792439675,0.12300362908394225,0.16253320190140705,0.12100373471295148,0.26495624823199576,0.32850318606970363
0.04291995671161332,0.006381851337326712,6.725314402198536,0.15073201634602998,0.23365478960957511,0.09548961486673456,0.14692384051565485,0.3731997386620055
0.04167666740530257,0.009550670712173331,4.363742470168225,0.27797614420771716,0.194047514008768,0.019087494361200743,0.22395220317613487,0.2849366442461791
0.04108326312524601,0.01274643814945983,3.2231171283710376,0.17550519637712325,0.10928717558690644,0.3407522558895693,0.010663310051456003,0.36379206209494486
0.04067217199717159,0.010016673734936988,4.060446918153259,0.29116243530280006,0.32147350436177535,0.03239401558972001,0.039011312685441724,0.31595873206026287
0.04065370034045051,0.011526089371874507,3.527102647637976,0.22175442329344147,0.18306251921689765,0.26749493690074383,0.027334468077249915,0.30035365251166707
0.04152448650061792,0.009479990408060829,4.380224526947799,0.25305222759503426,0.18092844402085578,0.12438233029494879,0.2572822017812588,0.18435479630790227
0.04476268518898408,0.0033982322477649615,13.172344302960687,0.03331767441585428,0.391928044652877,0.0349176984758311,0.17970693303190813,0.3601296494235296
0.04223274425326672,0.012929229324005908,3.2664548825700312,0.12753964058563882,0.022589392771241956,0.3655275371438676,0.16908825124609528,0.3152551782531565
0.04204823655032112,0.011555732071333263,3.6387341183369726,0.09614516291459056,0.2527203929473736,0.32976762056281267,0.03187029664590321,0.2894965269293198
0.041668281757375525,0.01161699023733881,3.5868396982419073,0.13882341392954034,0.2929611780640822,0.3178234592256037,0.1834821543911116,0.06690979438966246
0.041529987460415196,0.010677529966810923,3.889475149168702,0.19563353635962202,0.20203369356259676,0.25376376392589023,0.23792212228008952,0.11064688387180144
0.044179789971832,0.010393662661153758,4.2506469001494205,0.07393703805975609,0.0059310193865399485,0.29462041704642367,0.4770123589385131,0.1484991665687671
0.04291446437788069,0.011397632174755448,3.7652087486146204,0.07352365961342983,0.16222597953674844,0.33022695166440447,0.16692713737333562,0.26709627181208156
0.042845377299912515,0.007808796048685005,5.48680962248049,0.16523492179107824,0.13323749065644777,0.15751338462288914,0.27450682605112087,0.269507376878464
0.037498401021956396,0.01569186269386716,2.3896717523925233,0.45298984880710447,0.2807774886206954,0.14596859890792097,0.0014370489748170884,0.1188270146894621
0.04365080254762302,0.009109171281298083,4.791961990795134,0.05256038855035944,0.22023831626203633,0.26109080837943793,0.23524392318990228,0.230866563618264
0.03850735505077519,0.013567024787902908,2.83830505602897,0.3939206815893419,0.38135300822953605,0.10650937814265835,0.057484663713898765,0.0607322683245648
0.040051791848167796,0.012793087630709583,3.1307369264026748,0.3608560281060556,0.04123738494842521,0.13705020047305289,0.21368615043239045,0.2471702360400759
0.0416409697639615,0.009607747703848327,4.334103168350524,0.20617078952734316,0.27215950692023594,0.19785125747752466,0.29452966952097454,0.029288776553921817
0.04219245992310426,0.008488792437476576,4.970372433284117,0.23930756241825393,0.16437473432652286,0.062108957579350164,0.27239900998178407,0.2618097356940889
0.03933781358560537,0.01209073466572812,3.2535503154420096,0.3316347622410706,0.35746451148406444,0.14984936672555313,0.08932920430721354,0.07172215524209825
0.04135651397568228,0.010503809842853703,3.9372870029458222,0.20994015977786107,0.1986164664437984,0.23569214469797534,0.20381133049007896,0.15193989859028628
0.04386347872762699,0.009823884568430618,4.464983115598055,0.08263068271965388,0.09573585196573557,0.27510285095168985,0.44590025452269044,0.10063035984023021
0.041419536983436714,0.009610728055232495,4.309718966700565,0.2695864378263882,0.2013513730258242,0.09196361016046511,0.26082381948251515,0.17627475950480737
0.038994246541812855,0.013301318010760975,2.93160771814236,0.3554413407224792,0.18686559307624637,0.19079658050084433,0.006117103298329583,0.2607793824021005
0.040834472779767844,0.010596954790920555,3.853415777026313,0.2062137975676913,0.2625996594509775,0.24183787691873057,0.023578915112226158,0.2657697509503745
0.04431930938928746,0.009380043750967721,4.724851031181504,0.053477747668608785,0.01470892387291039,0.26793481506119204,0.3240871267782182,0.33979138661907066
0.038394903080567755,0.015255644966403496,2.5167669518478126,0.4520855996696318,0.11228828148337845,0.08439335308581689,0.032314632258477805,0.31891813350269504
0.04210872374271619,0.009604797744710188,4.3841343526371945,0.20718620337261215,0.046471822306865765,0.19766334193562332,0.24124899851895046,0.3074296338659484
0.04194112973420387,0.011119124200674929,3.7719814058429217,0.17603843839988131,0.13530322652532087,0.2829208450181945,0.29080243427863856,0.1149350557779648
0.043342082372081925,0.01042198024817268,4.1587185294926305,0.007968853896503652,0.3801664086054746,0.30362417665885744,0.08084368717850611,0.22739687366065814
0.042472293683810974,0.00900566651549682,4.716174378734242,0.25026074592237235,0.05299628521047694,0.0806192868544271,0.40243227191303715,0.21369141009968648
0.04338972763353209,0.007400767569419925,5.862868577689029,0.0799173067337996,0.3329465489274295,0.19644021615738844,0.26650429797099673,0.1241916302103857
0.043895561968256155,0.012448139006458496,3.5262750476582663,0.021845996006316513,0.062229979530926426,0.36710631786447273,0.235266775391166,0.3135509312071183
0.04444038105900679,0.007480935773888869,5.940484239166917,0.009374887558838786,0.3334699023201915,0.21126693732979834,0.2898380422013001,0.15605023058987108
0.04101669557842859,0.01294598738420217,3.1682941100715705,0.3819840373268946,0.02191474611139277,0.028048050923303623,0.49147701388509507,0.07657615175331385
0.044991492397110824,0.00437523820031658,10.283209813320648,0.005351122355656842,0.34916255437146104,0.10160895297397639,0.22285560579215738,0.32102176450674846
0.03991930909905822,0.013676037684485989,2.9189235961482054,0.33219908277180094,0.020766285415834435,0.2498255467033289,0.24129648244586338,0.15591260266317225
0.04075096827736959,0.009555291706647923,4.264753973865375,0.2745505068749323,0.3512224572747533,0.05362547184835427,0.05291040672674986,0.2676911572752103
0.0414909433358477,0.007833499703656665,5.296603677214642,0.21349092536698952,0.3736045212290839,0.06628015352943589,0.018725608915977323,0.3278987909585135
0.03759649460070767,0.018294920679411825,2.05502364615425,0.4222165160109102,0.040238187719189654,0.36687813134900044,0.1635406498409571,0.007126515079942634
0.04069775395285731,0.01263141107981963,3.221948339396334,0.22649416178778353,0.12383559050642017,0.3079314756428343,0.1278219018554214,0.21391687020754063
0.042551869377370224,0.011391878604972075,3.735281146587897,0.07146927710236105,0.29508518358946645,0.32976758009787266,0.1437243719447586,0.1599535872655413
0.040420958926351766,0.012415458171273003,3.2556961143712067,0.2906117180321795,0.04202819684074098,0.239135250513899,0.1677628465223834,0.26046198809079707
0.03954859546830282,0.013121745985305914,3.0139735605757347,0.26561945611488935,0.2690069738510009,0.29594962230887567,0.015106387934324606,0.15431755979090944
0.03813924913239262,0.016985476382797834,2.2454035596563204,0.5099443267387894,0.12764087873520388,0.010211891642445776,0.1428131517552316,0.20938975112832936
0.041330287664879915,0.01304658647462078,3.1679004883981534,0.22400319308714245,0.028038269540053368,0.323225106932457,0.3375670209353348,0.08716640950501228
0.042053994834777376,0.00895969718767775,4.693684837096296,0.23405457686820458,0.10595152156660378,0.124033839800009,0.27450020537773895,0.26145985638744373
0.042835226451003044,0.006994382189577003,6.124233033024119,0.15981969065654245,0.2079643031342637,0.12207634055474015,0.21960594786114512,0.29053371779330844
0.043168518054060925,0.00926790832693833,4.657849056252126,0.034357961013108756,0.34104511583357483,0.26653347927043736,0.03587253178517385,0.3221909120977052
0.042112161524870545,0.008992066386966422,4.683257408542951,0.21831295254441563,0.09192041797191355,0.15307008165425767,0.2524969611446663,0.28419958668474693
0.042899053318613066,0.010750373191708443,3.990471079804028,0.09859708392514836,0.228204546597798,0.3017597266237211,0.3466318214559293,0.024806821397403173
0.04231143056327295,0.007479450462529899,5.65702397191374,0.20967825564193845,0.36374250010723347,0.0013148552667797667,0.1820387599708178,0.24322562901323042
0.042447366449489474,0.0077818836853130865,5.454639026486773,0.21997843771041933,0.30616744148357217,0.02737647035360972,0.3281631988245256,0.11831445162787312
0.04214211134661695,0.009376041329668168,4.494659298617706,0.2719241849672785,0.13839461982073853,0.014159411550699325,0.3180082405682311,0.25751354309305263
0.04307090529887715,0.009341401600129815,4.61075405411096,0.1400074204733967,0.10869491849870552,0.23707731881015637,0.3974186286975744,0.11680171352016697
0.03836077107255828,0.01579834014393812,2.428151990845535,0.3871217112792324,0.13487706719385698,0.2874405082902559,0.15583903720447548,0.034721676032179224
0.03766109585532516,0.018011674665669906,2.0909269434622244,0.3876459235861909,0.06787731333811792,0.3911663708933775,0.04277603593981734,0.11053435624249623
0.03987723925173303,0.012357256275887579,3.2270302048800708,0.36236396797114956,0.25912193628743574,0.07455773446299778,0.23297622663799009,0.0709801346404268
0.03855920518933892,0.015167136327680497,2.5422864511982506,0.395220166700605,0.0225209550488073,0.23944276901922784,0.028687800800966466,0.31412830843039324
0.03874967319825871,0.013351585374444225,2.90225258735401,0.37484008554382514,0.3328894416139794,0.1488981635539852,0.09489390617552625,0.04847840311268413
0.04043540504344372,0.012081674327776874,3.346837859259211,0.29648462196429126,0.027526269666111262,0.2134078137021317,0.12464075898345708,0.33794053568400884
0.042487776414419864,0.00998978014571578,4.253124272473722,0.14419256252793985,0.15551876501630385,0.26011531411910604,0.27477992082285235,0.16539343751379781
0.03988180572610466,0.011401352343304536,3.497989056493401,0.30233899112136753,0.24104378208331662,0.16229933979668085,0.021764704134792597,0.2725531828638424
0.04042012186926008,0.012727645497882968,3.175773702683917,0.3630422357029156,0.060502811236325234,0.11927625175367264,0.3795624503757372,0.07761625093134938
0.04020719265369737,0.010804069303528856,3.7214859997764713,0.2886741487690168,0.2999724202389027,0.1476278257042851,0.10786893412327304,0.15585667116452215
0.04233844064761084,0.01069693922814535,3.957995810260533,0.13805645697057112,0.23330677042998768,0.2858965108985331,0.3312127911759059,0.011527470525002336
0.039345010552980744,0.014549256679723737,2.7042625901165853,0.289893447697106,0.12535995159083602,0.33461744235845675,0.03021100193899343,0.21991815641460777
0.03893683944160031,0.017588698530213654,2.2137419306331894,0.2626725530238083,0.15631442985902622,0.4645255683928945,0.05118849826072628,0.06529895046354484
0.03960836887485076,0.012258049195795205,3.231213078214546,0.341905428455896,0.2729360916792058,0.14035141603534698,0.16147555927358492,0.08333150455596634
0.040907580633101626,0.010187699358421676,4.0153894607505585,0.2909789182285834,0.1909712307594894,0.08209799981309286,0.13192196053467017,0.3040298906641641
0.03722840807703262,0.018235264774698903,2.0415611474249804,0.4492831582456795,0.03501018421537469,0.33137408212701625,0.07749682106061719,0.10683575435131232
0.04195546400605837,0.008703073809056444,4.820763896360317,0.250894443101172,0.2598892652503461,0.02400689646020314,0.2537150900198981,0.21149430516838066
0.04141932572336906,0.009658630887841711,4.28832266232554,0.24075234427045614,0.24575074072391465,0.15742679877142512,0.29388576671450584,0.06218434951969827
0.03989917449046969,0.014725003089960841,2.7096207889879493,0.23352843663463957,0.14731926000389212,0.3803452545767845,0.038246143593859715,0.20056090519082417
0.04018215133135122,0.011733037462794211,3.4247015283783027,0.3359391052494456,0.13565682927526299,0.10444437162371319,0.11403112608830215,0.3099285677632761
0.043832272654429266,0.0072277546726020915,6.064438354636218,0.0965519580224793,0.13557264107450792,0.18371166291175378,0.31672843342438217,0.26743530456687675
0.04337755294175523,0.009306409423562803,4.6610406836312235,0.058351580995505616,0.2781136565045356,0.2660463759666623,0.23469688214839507,0.1627915043849013
0.04277037805839562,0.0110493727843589,3.870842163904529,0.04311227642114202,0.4393701969557416,0.3200877354950877,0.19129285668064516,0.006136934447383572
0.04429314056539169,0.004451717180999594,9.949675319546255,0.09531186752573596,0.24985811135417899,0.04632849036066713,0.27037202557034323,0.33812950518907475
0.04307570834880648,0.007213508295898513,5.971533764409566,0.18593808549521662,0.047910974107395456,0.08163762994596908,0.2091559769379194,0.47535733351349935
0.040915204769968884,0.011559230755435126,3.5396131140241005,0.1868833966265524,0.2557137525280645,0.29299724353073314,0.05968395101869758,0.20472165629595251
0.04189327591260895,0.008376082197516475,5.001535911984052,0.20244866651896407,0.21414876548164308,0.14128866337553472,0.14863592489557764,0.2934779797282806
0.041944675377352386,0.009107731373124242,4.605392238634288,0.26133292936343877,0.13407712628144852,0.04991777265088963,0.2434162039277672,0.3112559677764559
0.04243814826473449,0.009008349894327203,4.710979120766493,0.23613227594034125,0.0015431582640209472,0.11933620503436512,0.32910945238556855,0.31387890837570415
0.04455003897579103,0.0089809342212699,4.960512779425711,0.00614070551233804,0.277414083609554,0.25796128410295704,0.3847618323398404,0.07372209443531061
0.04021034105182877,0.010528075293014989,3.819343985743237,0.26951112667919996,0.4106834351368273,0.16122977135902597,0.14631329166848026,0.012262375156466488
0.042917363578258386,0.011593679970659864,3.7017895687020337,0.01999276999596074,0.3245002968025993,0.33980249177246236,0.0019652078291682966,0.3137392335998094
0.04286225204253563,0.010292561953442237,4.164390968586865,0.07558528839937685,0.2439092501828861,0.29465088664180966,0.15601029778975484,0.22984427698617263
0.03832393485831733,0.01905024737377851,2.0117289873656894,0.30914239626840223,0.09553276580098545,0.4897947585105722,0.1004371027130038,0.005092976707036299
0.03764576603306042,0.016238079559214365,2.3183631965701372,0.45539837764867847,0.20695461983770258,0.19224159201122876,0.1329474951126915,0.01245791538969878
0.043222168420811335,0.007969908258130357,5.423170132067584,0.10520119505212137,0.15638941901416847,0.2069003764284637,0.1819747047081761,0.34953430479707026
0.04136957173909908,0.011032994172453034,3.749623274739855,0.2289423570655439,0.07967498749754943,0.24105727205036595,0.21728693017078649,0.23303845321575437
0.041863782715018186,0.009875753506136573,4.239046943507143,0.28078837172963,0.07881919003598833,0.07760908574665681,0.3612170998461946,0.20156625264153025
0.04104817981068985,0.009769946726468038,4.201474272063845,0.28036390396453487,0.22686472010814118,0.06690956400670235,0.12114174700735823,0.30472006491326337
0.042350055021242346,0.015817721184924912,2.6773802955639456,0.009373841141713605,0.3420557225490422,0.4685205107352666,0.04985287337024434,0.13019705220373332
0.039591237888842085,0.011889800634836925,3.329848759014545,0.26247345095588204,0.4048639493426171,0.2430397250085493,0.028595987055145617,0.06102688763780582
0.04263469249345209,0.008411513308727499,5.068611429196193,0.21059211017567536,0.1806775347990509,0.12305732814012797,0.4706147203021596,0.015058306582986177
0.04049871547901796,0.010975319157618207,3.6899806645629,0.26282469109993556,0.2920865582424529,0.1996863616407597,0.1981776877075886,0.04722470130926326
0.040465741122888296,0.011635802281736907,3.4776923965442172,0.3234477583549073,0.21352371842810508,0.1303595276625863,0.33199146276451597,0.0006775327898852357
0.04061983766498408,0.011632228757273582,3.4920081536038117,0.18013754559258632,0.4275409954856832,0.2965488618106972,0.09491358688169704,0.0008590102293363929
0.04203916666956613,0.00963380725846639,4.36371265707244,0.12885344466242876,0.2616046529314048,0.25468943977611075,0.062450482802769235,0.29240197982728633
0.040903743245264634,0.010422801923393982,3.9244479119819182,0.2764244749643392,0.16184561215184948,0.14600915631944805,0.17229636000113596,0.24342439656322734
0.03855848435922285,0.015428339629720308,2.499198571241321,0.454775780601195,0.019726281272669188,0.09854786608667376,0.055651933449084576,0.37129813859037736
0.045091845845033285,0.003240680529703539,13.914313809006757,0.024670229385286895,0.4887360386435197,0.011129801310171192,0.3262518734064993,0.14921205725452302
0.04149775189636209,0.01140434782674155,3.638765892342905,0.1824451363966526,0.1713263599478479,0.2903581082721739,0.1925562247510493,0.1633141706322763
0.04150284588485078,0.009816815459156306,4.227730067609694,0.19874484338369083,0.25195826423919276,0.2160659053819627,0.20049746942073937,0.1327335175744144
0.04026295044482903,0.013062921657303805,3.0822316401413166,0.27529555833940494,0.14871982367391268,0.2844912799493174,0.2455421610668253,0.04595117697053974
0.04431111545930483,0.007874812806977102,5.626942067758751,0.015397096653739785,0.24274311986664215,0.22471682510508367,0.1972758469128979,0.31986711146163654
0.039972465945422364,0.012546158564114725,3.186032261680002,0.2639969181364853,0.1683974688261255,0.2734660982897168,0.013752426083678765,0.28038708866399376
0.03957068162299979,0.01528441325347637,2.58895653806008,0.3392472180885614,0.0016277864933002648,0.317771906480065,0.3014661354509888,0.03988695348708456
0.039459108038926875,0.012285549266880382,3.2118310041946185,0.32140992862476264,0.289799471505187,0.18637402426776747,0.09306962264470539,0.10934695295757751
0.04256442741418345,0.008331934276033279,5.1085889547424275,0.21527884766855115,0.08660168652315348,0.11439664116168183,0.3272873287586679,0.2564354958879456
0.04097456280345106,0.009754699609896987,4.200494576160891,0.283076628129786,0.3676304838958841,0.002228242647348964,0.09402345890879796,0.25304118641818285
0.04003331817119146,0.01537537008689916,2.60373037819119,0.22788260618819142,0.058653787847912794,0.40620837685878836,0.02447572090674425,0.28277950819836306
0.04109236947513685,0.009026057910796498,4.552637472665039,0.2317876638875772,0.2620752647392924,0.13006741808628305,0.009725784777618813,0.3663438685092287
0.03988051155233205,0.013400350896226093,2.9760796460608727,0.39903412938448557,0.20698338308597214,0.00886371392778939,0.24944707452474044,0.13567169907701251
0.04292643481222567,0.007677433932982301,5.591247699027855,0.1597730557038959,0.14792446969064202,0.15694494847490337,0.2896638656701239,0.24569366046043478
0.040187533871661074,0.011234397904507247,3.577186264297957,0.300752007885462,0.1780995577879221,0.1537685599898114,0.052437150856242856,0.3149427234805615
0.04457303263535889,0.008906901317570288,5.004325415330633,0.02266040699715857,0.09900875023334271,0.256881577486766,0.29029633571731617,0.33115292956541653
0.04214610017814188,0.00864521238466764,4.8750797901608935,0.2090855232345314,0.17669965749222594,0.1470466612520785,0.28950253423222877,0.17766562378893544
0.039506537337656134,0.02045753035477687,1.931148904707908,0.2019331215614712,0.010395862947853076,0.5836628134538695,0.037294116712005596,0.16671408532480073
0.04000848928146696,0.012032950446984537,3.3249109981578218,0.3078806784824702,0.24570727013015903,0.19317808074554557,0.22080258538927452,0.032431385252550765
0.039688882264132155,0.01433686348437896,2.7683099798903736,0.2815911632192547,0.08709340917515225,0.33297754383303224,0.08057040480371727,0.21776747896884366
0.04154063288142835,0.010703084651973784,3.8811832506405275,0.2666316275096652,0.06996900268635506,0.1774500555905905,0.3820062399707924,0.1039430742425968
0.04001474088172671,0.012730463032169636,3.1432274521838073,0.3236812987754114,0.09933198455270692,0.21068342898188727,0.20804296135676348,0.1582603263332308
0.04152319538313573,0.009476197847204437,4.381841330527458,0.2057929412149944,0.23349422898825362,0.19437614726304678,0.17584664635516145,0.19049003617854368
0.04331733557416799,0.007111238449559871,6.091391236761156,0.18554049025113253,0.03271463737140204,0.07371583315965047,0.2800510201973387,0.4279780190204762
0.04511774038130656,0.004778332747953363,9.442151219090219,0.012066441487195012,0.2550283205570427,0.11815927404084148,0.2633277873549226,0.3514181765599982
0.03980053684380857,0.012539295002838213,3.17406495618772,0.2606648684991587,0.2569195138346354,0.27607195338341756,0.025735229484961937,0.18060843479782646
0.041386521405055304,0.011995886233658212,3.450059511979404,0.11299534285895449,0.3976617205892223,0.33792580770525593,0.04642118271369634,0.10499594613287114
0.04242337107172227,0.006866320747665559,6.178472085817655,0.1867905970872413,0.3951104421108255,0.04500221442038562,0.23305618888365015,0.14004055749789748
0.04135583277453933,0.009669564293047753,4.276907575274457,0.2678897286960184,0.2688705282414537,0.09971834331365687,0.3256956953831576,0.03782570436571335
0.03989271338072386,0.012886077485759566,3.095799588727399,0.3175050223263714,0.0822605361315842,0.22880515147993297,0.1347846759167843,0.23664461414532725
0.043746245696290306,0.005250885814727999,8.331212530576883,0.1307395915625485,0.27816422338577645,0.00400809893117209,0.1830693918283962,0.4040186942921067
0.04220362151340187,0.009050318923491512,4.663219260025832,0.16048027302150314,0.173046258541664,0.21544147223722834,0.1504991008774903,0.3005328953221142
0.04176078033340967,0.010768609893956187,3.8780103230267113,0.13400809471752265,0.31317116290417846,0.2913702098492205,0.13991004191287584,0.12154049061620265
0.03960986155098131,0.011712512420815101,3.3818415834153512,0.3374545019113607,0.37669392272344115,0.09269469228081523,0.12021640651481587,0.07294047656956687
0.041524447738231024,0.009012160785149083,4.607601742598527,0.25653448309768306,0.24092371485930328,0.06375619869810614,0.18105477355995583,0.25773082978495165
0.03937066178049141,0.013697104078737138,2.874378522216891,0.39407013835282806,0.07428544644967444,0.1266353207500686,0.14494841828207866,0.26006067616535017
0.04269579600787261,0.014672212049365075,2.909976754985642,0.07525624473089962,0.1067062605450252,0.4305324780395442,0.2990270279543694,0.08847798873016169
0.04059846462269302,0.012559138691660697,3.232583509062649,0.2778634684554966,0.09620976550930503,0.25944852032832,0.28628061050762776,0.08019763519925044
0.04264930750380452,0.01222370977625477,3.489064145375339,0.024195980310587943,0.35651012048219427,0.3589551370981998,0.0010428688083935276,0.25929589330062436
0.04360445784267975,0.010020258905950619,4.351629858264926,0.031090020018250383,0.2688683477641085,0.2919075799130538,0.20464112534539838,0.20349292695918894
0.04138046465855852,0.010768975730960896,3.842562718345565,0.19286084662247266,0.1295159932991417,0.2592048122386447,0.06942153592889859,0.34899681191084236
0.04244884973509189,0.009651308183121368,4.398248292322517,0.17941358020797948,0.06778347229101059,0.22453628769005982,0.3035451870779141,0.22472147273303597
0.042327760667849317,0.007756041725917338,5.457392077508846,0.21936018230612436,0.35108364788228935,0.004454361149655528,0.25542708813834064,0.16967472052359023
0.04262071739789752,0.007557697488742423,5.639378588701554,0.09300569096930114,0.47067276709940603,0.1940266129343459,0.16108885641283166,0.08120607258411529
0.039711436002956554,0.012745609082825363,3.1156954324346486,0.3783795346586036,0.32463756989707326,0.02653541262268529,0.21454900130946292,0.05589848151217508
0.04186905208680988,0.008958446992129424,4.673695354071365,0.2576636320556247,0.174258079331286,0.03973730088246183,0.200520243902671,0.32782074382795645
0.040572333002507927,0.01705245133509768,2.379266898654106,0.17460821431519238,0.026000046689217585,0.48371482441449687,0.07256649734505151,0.24311041723604168
0.03746659967213987,0.01649955830924913,2.2707637968185654,0.47683462931800624,0.20755693022871094,0.1553196512499798,0.09904681772220061,0.06124197148110238
0.042515503487997576,0.007136551240672723,5.957429864118775,0.19617680560396317,0.3250862349263421,0.04893885383966695,0.27049404045752573,0.15930406517250195
0.0448917209458211,0.005429721395781433,8.267776129489675,0.019813588266574512,0.3014837220922271,0.1417543194930523,0.3404546342698158,0.19649373587833027
0.04201617588480186,0.008219352334226597,5.111859691163293,0.22411931937886018,0.3088808349918192,0.08223718233038396,0.31605622857346216,0.06870643472547434
0.04425388119982436,0.01024910224918988,4.317830003434917,0.02592687324656208,0.07067179288470461,0.29886522631285933,0.2484892022719126,0.35604690528396127
0.04201907937305494,0.010118278945686914,4.152789184663295,0.1885495267566826,0.10960613744361791,0.2370540487305673,0.2545051113518577,0.21028517571727454
0.04325268768721792,0.006139694389794851,7.044762318969942,0.16081532513311247,0.23856692190733303,0.051726707111799164,0.2601145972286045,0.2887764486191507
0.04272220204622468,0.00832981552819497,5.128829312199951,0.2345153392297593,0.0690666221727591,0.050925525987196726,0.33827064750928504,0.3072218651009999
0.041433815867879614,0.009346565384960434,4.433052587911148,0.23023743365738003,0.2918778602207067,0.15480921881481224,0.2730041768091174,0.050071310497983613
0.04379698991061331,0.0060624610242362735,7.224292203368135,0.080947327307474,0.22686321405748838,0.1472337938482652,0.1915176015654144,0.353438063221358
0.04536406338933861,0.003493531903444213,12.98515789840504,0.02793451000176129,0.37703375470033623,0.04614787666548082,0.44328117673194206,0.1056026819004795
0.03890938612309053,0.013441549033875656,2.894709979112551,0.3607175503128258,0.29050208251642656,0.1892683295965919,0.13131026021222886,0.02820177736192676
0.042917038158450556,0.008018651470559341,5.352151582597326,0.21536613805572552,0.12221143978486428,0.08283132591188871,0.4500746943718296,0.12951640187569197
0.04337685066010706,0.007993997263917819,5.426177821688205,0.10122604542593217,0.15444475901571988,0.2098626970060695,0.23302368039842747,0.3014428181538511
0.04113058730609386,0.009715528716169722,4.233489345529854,0.24120992083669623,0.19742154253016636,0.16145918124254108,0.10893435747133012,0.2909749979192662
0.04289760472904832,0.007902341059469322,5.428467894035579,0.10963520313097327,0.29336579936106966,0.20240558319358434,0.21890494711632083,0.17568846719805184
0.04118445993079561,0.010430757301803125,3.9483671932119644,0.2835249763040317,0.12872983996612267,0.13037039468747702,0.2726727263880851,0.18470206265428343
0.042474727986346404,0.008570572951694161,4.9558796390561435,0.22046871594363598,0.12867924938294634,0.12028228570712018,0.3933912930863343,0.13717845587996308
0.04373886014703195,0.01607269263263125,2.72131503704812,0.002795513915986057,0.009481600626045783,0.4766967144516125,0.27276389274763124,0.2382622782587242
0.04047694481019391,0.012278676383616113,3.2965234643860946,0.281257931611555,0.10776495187411103,0.24360518461068498,0.22117880811151777,0.14619312379213129
0.04048760673395358,0.009795636242974488,4.133228891894759,0.27864642357682906,0.34740461185931987,0.07216140723043378,0.006298392495377576,0.2954891648380397
0.043478830498185315,0.006083874023365954,7.146569822320267,0.14764767266467108,0.19916336911822266,0.08138527252672893,0.30795870315361495,0.2638449825367624
0.04023193845004944,0.012713768852283997,3.164438406698095,0.26950590527137414,0.13434830011819646,0.27606382480453384,0.14441301077098614,0.1756689590349093
0.03978685905203511,0.012517599084931115,3.178473665922978,0.2915335785344421,0.21180687317503766,0.24338027694713676,0.09657151428469846,0.15670775705868512
0.038894744885527306,0.0161110685205532,2.414162961066706,0.3480371226344181,0.019330108308046542,0.3472537216462423,0.15060714898914762,0.13477189842214551
0.041590272413726634,0.011867407287519938,3.504579509752227,0.20895151849617583,0.0647640450455613,0.28975999540133573,0.29849651303127855,0.1380279280256486
0.04154364981724294,0.01238775331245287,3.353606482902829,0.17049372933508491,0.03356944487925252,0.33053150240361284,0.06911348721842463,0.3962918361636251
0.039412336329307705,0.014097993031626434,2.7955990785988387,0.35338603544068514,0.04366870983515063,0.24365688477585665,0.16623891531944096,0.19304945462886663
0.04454494222400651,0.004318037553104383,10.31601547605385,0.07454377539990954,0.3003428964988048,0.06916309846281259,0.3674994872848531,0.1884507423536199
0.04131688896082638,0.01004795646162514,4.111969346067793,0.1960604509958802,0.2846682332155719,0.22789104108931094,0.1670250561573406,0.12435521854189632
0.04063022893167441,0.014455042676296569,2.8107996525184946,0.1915827305898891,0.14164397946382623,0.39224995516422095,0.10482474481465431,0.16969858996740947
0.03836508098711611,0.016800822201090804,2.2835240161416164,0.33783033507800964,0.15816227880854777,0.38488158323042926,0.10551887299788691,0.013606929885126408
0.04010041552642275,0.01413513105675605,2.836932700900307,0.2391793381155207,0.1933415675093336,0.3549388774396753,0.1609611620098985,0.051579054925571854
0.041862236347931736,0.010510697208463938,3.9828220257569,0.154744510441564,0.18452825636487225,0.2736547939569553,0.1288188597313113,0.2582535795052971
0.039945122344840316,0.012238158184499045,3.263981535672185,0.3013188548314983,0.14060737304175455,0.21621173687527104,0.07595592112773346,0.2659061141237427
0.041335427121479876,0.008904739296426708,4.641958146721595,0.17547702356013112,0.37728271825656495,0.19537363876001657,0.043859295148377865,0.20800732427490956
0.04430443310692643,0.004754185498596393,9.31903753440136,0.07472089277438969,0.3145836583612218,0.09379714594935934,0.34339264820268517,0.17350565471234394
0.04395140843827465,0.006047229524019249,7.268023855172385,0.12635946492654268,0.22369005834231317,0.10484817299524492,0.4765285585940811,0.06857374514181813
0.038710706676217156,0.01491484889165396,2.595447460274228,0.4273190567989694,0.022462056645537427,0.14656452355569727,0.06843086696503031,0.33522349603476553
0.041354470096665874,0.008240308598466022,5.01855841956747,0.19552397201090282,0.3584923169162529,0.13975030249387654,0.015551603875199226,0.2906818047037684
0.04168985988551343,0.00887429166427902,4.697823946143703,0.21131755411237943,0.3017280567128351,0.1553933732670156,0.2691811261936835,0.06237988971408634
0.03928455175829121,0.014225178602139335,2.7616209860720606,0.3334066456643752,0.057922478538467506,0.27679208971539604,0.07086184652378782,0.2610169395579735
0.0410652738753354,0.009504132155599667,4.320781024824078,0.24775573450956417,0.2521825278223896,0.13684951229688505,0.12335625540351976,0.23985596996764144
0.04120621989194288,0.00937260945626438,4.396451178748501,0.25727187413504626,0.27582403341313505,0.10480510817051403,0.1980772836773596,0.1640217006039451
0.04181222828385898,0.009818446728209923,4.258537978693305,0.24986402459923907,0.07379003797704912,0.15238166870572098,0.3187445306272092,0.20521973809078167
0.03960820260697655,0.013327708056928738,2.971869014371548,0.3628504053928389,0.09416131288169743,0.1781375781296986,0.20264209575249084,0.16220860784327426
0.03960031181782509,0.013332612832388834,2.9701838878591222,0.3227854639909835,0.07013154838916826,0.24493275782424292,0.06544064108345173,0.2967095887121535
0.04031864068476714,0.012440043894971544,3.2410368504458855,0.32944534647613094,0.007934897667855052,0.18131388177055038,0.19550649860999664,0.285799375475467
0.04382867031450119,0.010535005850867002,4.160289128922905,0.029322486364558326,0.15933551473919158,0.3082479076448961,0.20883051197222408,0.29426357927912994
0.04193651439164983,0.006841448707636789,6.129771073901067,0.18374189124858348,0.4644343639834751,0.03904170930176028,0.04601722603238407,0.2667648094337971
0.04186650831047671,0.0078093180411264165,5.361096588715432,0.20351278427943126,0.27597647071728326,0.09900911313762463,0.09770033297345168,0.3238012988922092
0.04200446462706409,0.009706194036459313,4.327593747794759,0.11888303241806288,0.2963432469656786,0.2610633108188732,0.03395259149004598,0.28975781830733927
0.0414881783085236,0.009584919574694309,4.328484760379096,0.2784973382889997,0.25858991845013507,0.0028060976917910706,0.1708996688824376,0.28920697668663664
0.04228533507760371,0.008498653091895183,4.975533725212234,0.23573753083628735,0.114310700179523,0.07659847492560654,0.2696858449214286,0.30366744913715443
0.04008930032653003,0.011355444469571424,3.5304034495483796,0.31875371806586106,0.31635475367728405,0.1185060485040817,0.21092617866472316,0.035459301088050024
0.042101958847509904,0.01806141779431269,2.3310439593932255,0.05467107999525037,0.04136309813702263,0.5365933606187395,0.08822168524672383,0.2791507760022637
0.039688198430029194,0.013561184941349082,2.926602549974587,0.25800933030951373,0.19348723980212953,0.32036106844627676,0.0016627146883399942,0.22647964675373983
0.042392650992748304,0.008947011622226298,4.738191117069285,0.14934363172470003,0.2502761676002356,0.21839099067075016,0.26475036279501085,0.11723884720930323
0.041571922858175014,0.0172041572561573,2.4163882158945382,0.07439163026442527,0.21173934512325387,0.5084511397775675,0.11315510031301734,0.09226278452173604
0.04107478620843556,0.010006567273964198,4.10478289745844,0.29122010567779416,0.29294268915167376,0.046022510828832894,0.23728825422038569,0.13252644012131343
0.04118898901551088,0.012381486778947563,3.3266593706294763,0.16874037364572222,0.17095923886590983,0.33197513557118274,0.06330514122812726,0.2650201106890579
0.044747944535474135,0.007730779066451519,5.78828396864454,0.00191264394208897,0.2118936115978607,0.22000647487713945,0.2540613474854753,0.31212592209743556
0.04205609205062221,0.008501534630312573,4.946882401757146,0.2354987638397922,0.22872243853380012,0.07928344796250814,0.3101640165690964,0.1463313330948032
0.04217664210949927,0.008598293665536499,4.90523396270481,0.18498694443154046,0.22239975089800534,0.17462039004278018,0.2630618600912388,0.15493105453643533
0.043113253344370384,0.009199312533959591,4.686573391785122,0.06751096807173178,0.26110097575100727,0.26105415124713255,0.13962378590471913,0.27071011902540926
0.042379144719856154,0.010821820410733027,3.9160827948895487,0.13343785209588596,0.1243417620164469,0.2943106446918035,0.20315515835333156,0.24475458284253207
0.04330244691791276,0.0071797567181053805,6.031185821201413,0.196755298652632,0.19401800323132246,0.03971093951919916,0.46084754559992624,0.10866821299692019
0.04155072410539095,0.011209897143956045,3.7066106469847084,0.20471900211977095,0.04747008694550719,0.26795978912683077,0.16189553788901456,0.3179555839188765
0.04106671479412603,0.01123999405574332,3.653624244858217,0.3291271600049168,0.08065268898399587,0.006690264757740134,0.13233432285421495,0.4511955633991322
0.04030472054136837,0.011564715899826605,3.4851457563235666,0.29315162003244255,0.12077394379164143,0.1896253758555097,0.08492345825289166,0.3115256020675146
0.04102262549227412,0.010203319172558041,4.020517715706179,0.29839541007889636,0.23277267278536515,0.027479478942920466,0.135135943273632,0.3062164949191861
0.043217891982440276,0.0101658233315468,4.2512928439672555,0.0712268289974784,0.20818975318556943,0.29143557921883834,0.24008922334133825,0.18905861525677561
0.04272282839293457,0.0070671033421088325,6.045309701129406,0.16021918473978833,0.29368929306464386,0.12481392217406212,0.28497950308516595,0.1362980969363398
0.03962557495812849,0.012007624156454252,3.300034581514548,0.29280682582156164,0.3544102092867231,0.21311620217328775,0.1199332913803496,0.019733471338077825
0.04214909244415207,0.008351969372988662,5.0466052450416825,0.2317448519436495,0.1781227337063568,0.07532743180045035,0.25126120508291466,0.26354377746662866
0.0404930825514577,0.012665918973891703,3.19701102106576,0.2575727824974795,0.17463994891092946,0.2835329795663188,0.25398414769963373,0.030270141325638565
0.040785421021516846,0.011532388579630137,3.5365978816874817,0.25431376490007035,0.14225681858511519,0.2384837114545937,0.19708909907795075,0.16785660598226998
0.04367051798051837,0.006954102656116491,6.279820724548537,0.14989276669818882,0.012402655524258994,0.12697970460161878,0.314686858840446,0.39603801433548735
0.043016059898077316,0.017320112211981188,2.4835901391170525,0.001793039211698579,0.1589131465920563,0.5142922906890555,0.21672610969555753,0.10827541381163217
0.04422266034797701,0.008382501461472049,5.275592321842684,0.03293084563862252,0.256369234513027,0.23907944405333842,0.34508442091729413,0.12653605487771788
0.04313279557030866,0.010751129252808066,4.01193163583657,0.04340550860304916,0.2537162348450387,0.3137298576066437,0.11441668659465379,0.2747317123506147
0.038988166536969876,0.01248648328375625,3.122429722681793,0.3289441441410135,0.39323641158966055,0.18306428463423877,0.0436990816707896,0.05105607796429766
0.03856055660592125,0.013312145198858935,2.8966448329624974,0.34536616692745997,0.3906790163625299,0.20681138195278362,0.02695730117463528,0.030186133582591118
0.04203765134493068,0.007911758518843773,5.313313246961192,0.19251092124836305,0.2954312003369542,0.128506758025053,0.20924047236752807,0.1743106480221017
0.041566033755831885,0.009027754925820074,4.604249239968825,0.25815970998182075,0.24151396444990567,0.0578401941601534,0.1965864430586486,0.24589968834947154
0.040707106276419776,0.01090577965676878,3.732617708918638,0.31856340693527346,0.20202023608242448,0.06024070909000511,0.19116628083108497,0.228009367061212
0.04391194827711797,0.004941777122572954,8.885861743245728,0.09692462849781709,0.3460975888601407,0.081571574245358,0.3241689927168853,0.15123721567979892
0.044807471071980125,0.008475260304754189,5.286854852923564,0.0002146215644418123,0.21040950984835888,0.24332777443355855,0.3366942683031798,0.20935382585046086
0.04368945335948694,0.007349645343799206,5.9444301480951225,0.034145829281715785,0.3362055167928578,0.2050848282762379,0.0984990819412678,0.3260647437079207
0.04397998507102836,0.009894874781145941,4.444723762935277,0.06400081997818378,0.051598730137514565,0.28318614980374757,0.3307580386876332,0.2704562613929209
0.03705423509591038,0.01914536433570869,1.9354155108346112,0.40043946662986596,0.11328819789583988,0.426838105723853,0.008340477390821357,0.051093752359619854
0.04448961588643779,0.007056965188526583,6.3043552997498535,0.0777017898734029,0.03330083711220132,0.1833853403514569,0.362140805136147,0.343471227526792
0.04031217078669793,0.013698426174480707,2.942832284032521,0.27121426785539143,0.002698243735325877,0.3152597043157379,0.14439103186058572,0.266436752232959
0.04118121373421039,0.011357163222619543,3.626012317247642,0.2786128064114063,0.06804011596823922,0.1975401210128244,0.3549858900753693,0.10082106653216089
0.04092904758417887,0.009391720997766723,4.357992277870209,0.24879999105366396,0.33336196718978256,0.12548466961257787,0.13488041698982184,0.15747295515415383
0.04064646312249705,0.010677533602231469,3.806727717906919,0.2746945270583619,0.149151119829836,0.16509595090080997,0.07548385117047285,0.33557455104051936
0.04130663915431215,0.01062792945552076,3.88661209384064,0.2176860104736486,0.1464294933703792,0.234324554714233,0.16759019093733957,0.23396975050439978
0.04245275881193056,0.014608468596894596,2.9060375856888228,0.07829355053579028,0.10927517979326906,0.42903213601456797,0.20350562115403031,0.17989351250234248
0.04037855351211406,0.010893705205050463,3.706595024564648,0.2975708922171987,0.24865143532859454,0.13572967522049392,0.15694840366975188,0.1610995935639609
0.04413478956402639,0.009052194638986608,4.875589989409162,0.06032176499151658,0.10960937716740678,0.2566645646670377,0.37331352772572096,0.20009076544831814
0.041753921830512575,0.008019784932744354,5.2063642829165575,0.2153656067253497,0.36545658787689705,0.0883444019217958,0.2139035497263303,0.116929853749627
0.0416459676784671,0.010015634348056225,4.158095856060231,0.2466777305487803,0.042534888923948654,0.1695213000676958,0.22568201746632702,0.3155840629932482
0.040296619989335154,0.011268555889848276,3.5760234393155876,0.247438601220089,0.3219934039126235,0.23218254879103503,0.11925035208887122,0.07913509398738118
0.0450633075400553,0.004267255029662312,10.560256470919521,0.03667462440090668,0.1799220415336723,0.08870026613698238,0.2393178650527123,0.4553852028757263
0.03979606455445983,0.012637983066811796,3.1489252948096604,0.30915062777489805,0.14213369275679605,0.2271843278387029,0.09683782089207763,0.22469353073752546
0.042960137015482194,0.00766298189188652,5.6061905954610065,0.19712970304370395,0.11644122081529612,0.10027568515144984,0.37857299424375046,0.2075803967457996
0.04175889909392757,0.00971291001322358,4.2993190544414785,0.27096986051165145,0.003757429968085102,0.08766308447446962,0.1719228265700825,0.4656867984757113
0.0423766499496564,0.014853211376962168,2.8530294812463257,0.07726010008769554,0.13371354459605264,0.43653772746306974,0.21210987217827293,0.14037875567490904
0.04047329347064503,0.012833035644770834,3.153836285581967,0.21417634963551954,0.16756477788934862,0.3232601367885581,0.0280888486174576,0.2669098870691161
0.04344823684150416,0.008382958603644602,5.182923940792748,0.07647470567629111,0.2210419584263246,0.2322906760943125,0.2327023929959793,0.23749026680709248
0.03978812992441334,0.013785621960459914,2.8862049197732342,0.4107647983614232,0.0814543518506781,0.029687984587115405,0.1949157570599845,0.2831771081407988
0.04327212145455428,0.00853655136014719,5.069040134470434,0.09638317659289013,0.23638903263520836,0.23009447505417044,0.30955287819470506,0.12758043752302597
0.04095457310503283,0.011724889295867404,3.4929603232559154,0.219915176257345,0.20745244228681747,0.27673841103495217,0.2165250669038985,0.07936890351698687
0.044496572848630137,0.007626380180802148,5.834560013234215,0.004620497196611021,0.29290807326396906,0.2166388516953006,0.24584524113875914,0.2399873367053601
0.04152434907856054,0.010649133666858348,3.899317106685434,0.19831665478463545,0.202552030533524,0.250525667194856,0.24638907112447703,0.10221657636250758
0.0454336998673856,0.00730385898586409,6.220506167399742,0.014080637835802233,0.017591560266497767,0.20312156239487747,0.3797308071868493,0.3854754323159732
0.04300689185450042,0.008233974690948581,5.223102264545082,0.15079924337938502,0.11247274165315296,0.18891464582947448,0.3104602381070026,0.23735313103098507
0.04392723429258462,0.00815423670952072,5.3870442884367185,0.0576195170058349,0.14929096530673097,0.22891303393002777,0.22183928193917454,0.34233720181823185
0.03829761602163785,0.016268418680865593,2.354108089600762,0.4791185187949133,0.05163611551210887,0.11534122407856641,0.20156117729485984,0.15234296431955147
0.042645463343380784,0.0098443126762753,4.3319899261383625,0.2804254099195194,0.027968486574773632,0.04533977296586238,0.5758102723776787,0.07045605816216592
0.03632604654523964,0.018575842858531165,1.9555530708291113,0.530353990958508,0.1972634060497592,0.19900837427455098,0.06483825038099399,0.008535978336187798
0.04016216513897683,0.014936732511805665,2.688818662798811,0.1612679766780072,0.3791743244217718,0.41757419988526084,0.027954113342349957,0.014029385672610103
0.04381681320862786,0.004721333484018914,9.280601202381053,0.07058664089531734,0.34061468716586335,0.09107008662226167,0.10259487021476597,0.39513371510179157
0.0394697800094075,0.012767283908759258,3.091478210359875,0.3760668243897662,0.288100823023596,0.07049569614859852,0.163823901760474,0.10151275467756529
0.04226660329590457,0.008055943149607373,5.246636242457166,0.22738260350980102,0.26396356313189706,0.04810441064482034,0.30390842872415336,0.1566409939893283
0.03860739940630381,0.014823959174986558,2.604391913831537,0.40969328346360645,0.026610598241700544,0.18581962589325418,0.007617120000541415,0.3702593724008974
0.044088105520468976,0.01034545581565133,4.261591398782971,0.030690962763951404,0.13067576878867748,0.3019801970755096,0.28931682311929746,0.247336248252564
0.039525273805681174,0.013184471406945451,2.997865639487044,0.2935357064386435,0.2754379860927143,0.27122736863191216,0.1478862673960886,0.011912671440641507
0.04060255512242595,0.013297279216106066,3.0534483380063877,0.27632190338251883,0.028430879405964445,0.29323393166920364,0.2902392112712416,0.11177407427107156
0.04139469590284822,0.009885838075620415,4.18727229661309,0.24048944767610023,0.21594186063223172,0.1715796742890049,0.2839246935071983,0.08806432389546477
0.042544216319467296,0.009887281786576267,4.302923415941133,0.126943719037652,0.08886702750041732,0.2637584456853229,0.09948701864642652,0.4209437891301811
0.04252115101499786,0.008737058532047435,4.866758172562395,0.1283564605861053,0.2070724405781625,0.2233452035425007,0.1297638977466141,0.3114619975466174
0.04093546777788633,0.010318351391159997,3.9672488584714047,0.23318576931610796,0.2563462543202635,0.20415771733756582,0.15505296657059997,0.15125729245546277
0.040070566964036734,0.011705525905042685,3.4232179988405753,0.30180917292741477,0.1588097774522217,0.1841767584717861,0.06893937539164961,0.28626491575692775
0.044032577533617764,0.00420915067328374,10.461154981478973,0.04199101580394295,0.5406921987432048,0.07846222359630195,0.2090569295831231,0.12979763227342722
0.040861107708177594,0.01452259163975268,2.8136236783198196,0.16402330511425434,0.1819658319087339,0.40536953619839455,0.09974260950456461,0.14889871727405263
0.043228221809279085,0.012614799587032936,3.426786253006702,0.039980992594760886,0.13094172216943203,0.3718331482879811,0.15016027574283952,0.30708386120498654
0.04108122476662714,0.011968890179188167,3.432333671008219,0.17575461052847285,0.17114694267556657,0.3136570438999997,0.010209231998026038,0.32923217089793483
0.041812030824325004,0.011212800142210617,3.7289553273070033,0.15852717504619787,0.1147201796786071,0.2962808717254768,0.11103875617171945,0.3194330173779988
0.040030953497303005,0.012950110226808219,3.0911670090988355,0.36681597918204184,0.10495843784941115,0.1334305045993338,0.31816517948052864,0.07662989888868448
0.04100174159201628,0.01103267456254183,3.7163918286165636,0.31643807066952556,0.05583475982591101,0.08888759775384203,0.21637919845970982,0.32246037329101174
0.0400732695799492,0.011498736266164346,3.485015105343964,0.32401866305641147,0.266830589103363,0.11924015327971768,0.18201915949130032,0.10789143506920745
0.04037507221771271,0.015103611268750865,2.673206526524428,0.1911448981909606,0.22302792873120358,0.4132111355108247,0.1432426275395223,0.02937341002748882
0.03831724843379957,0.01918134214681204,1.9976312471006072,0.33912058722366256,0.01067939880173558,0.47542913697642036,0.1715477361905923,0.003223140807589096
0.0398797153450572,0.012836536616850278,3.106734825397363,0.2861819910471611,0.19404940752968172,0.2644436340799583,0.1407396637372901,0.11458530360590871
0.03984503361105436,0.01270585639311885,3.135958126571725,0.2940881946693423,0.18223746673245889,0.2496596735298319,0.12470351824125574,0.14931114682711116
0.04474680756313425,0.0055563290754603,8.053304070984549,0.03358602438005824,0.31929595938929084,0.1425526655366591,0.39841879775039607,0.1061465529435959
0.04227690483318766,0.010165214193314336,4.158978259503198,0.1715061648416676,0.11030493696034877,0.2505248042608257,0.29184076718427837,0.17582332675287962
0.043277240123064484,0.005758637251266876,7.51518774924461,0.1391867524642343,0.28250676571341277,0.07262470558096439,0.22739576557615185,0.27828601066523667
0.0413236724463512,0.01246907750659659,3.3140921952317237,0.12813093025564232,0.3120120610214157,0.349854591596069,0.05587226084007171,0.15413015628680132
0.04183271792496271,0.009336779434138404,4.480422636097435,0.16135405448359064,0.3081516328854349,0.2253701479494573,0.17853184022012344,0.1265923244613937
0.043472906762171096,0.016164982115432294,2.6893260043058524,0.008106442336171334,0.04035906933610287,0.4799279050509473,0.23291310905828344,0.23869347421849507
0.04114156046881546,0.010333624468027049,3.9813291644292184,0.30247066876886597,0.3038334783576358,0.0224678274714076,0.2980524021391886,0.07317562326290204
0.041056310891732076,0.009608035755936202,4.27312220048369,0.16612303369296644,0.43583793467578563,0.22988122638687905,0.01505575036812003,0.15310205487624876
0.039213361734557785,0.01676538800180392,2.338947463091132,0.2908947286346918,0.09738339544131405,0.41817553882311526,0.18440309189777238,0.009143245203106562
0.043004486847466925,0.00701301839772612,6.13209383015601,0.1543218147337262,0.1930398474142652,0.13017719300943598,0.26497590443787067,0.257485240404702
0.04442135672465392,0.0069597990669032364,6.382563102417152,0.07981875132801736,0.045922276403689954,0.17939047985407547,0.34931177454569645,0.34555671786852066
0.04396445113336012,0.004978939433647458,8.830083538725187,0.0857931851506506,0.30038659325093686,0.0970647401002774,0.25399073707124115,0.26276474442689407
0.045300946177065274,0.0051583100754733985,8.78212932418721,0.05417639161540675,0.1279918242400369,0.1184365029241028,0.5061551308685377,0.19324015035191588
0.041289565562348904,0.010224921334795276,4.038130388528374,0.26844126216593983,0.15340604121151524,0.14673121768812744,0.28992693451514717,0.14149454441927042
0.037549595276671344,0.01626924814971653,2.3080104827908468,0.48605803281949395,0.2769303386637141,0.06647576869802371,0.03464735844720119,0.1358885013715672
0.039668772474224095,0.012382038336699945,3.2037352328854602,0.3174889214806393,0.16424601490871998,0.19961305086132064,0.04478202864773878,0.2738699841015812
0.037937589634303825,0.0170780036032877,2.221430005261296,0.3286413704596646,0.2555195901302412,0.40274521373701083,0.006684260705727008,0.006409564967356342
0.04146711961478726,0.012029203044681398,3.447204229636939,0.21289788062804446,0.11343415106511752,0.29230994496415874,0.33774173635660976,0.04361628698606941
0.039560645082705743,0.014020419048462103,2.8216449840737923,0.3413218038226607,0.011133681206207273,0.25614028685385687,0.14306446054164587,0.24833976757562937
0.04327780835134047,0.010692191529486753,4.047608783661388,0.03253339960986018,0.31224454174270294,0.31235384142357286,0.17306955000435328,0.1697986672195109
0.04195037196697761,0.008783425497875145,4.776083314775778,0.19799116493461097,0.18091847185658633,0.16952745731434954,0.18376360635619604,0.2677992995382571
0.03895625347494401,0.017197478126444003,2.2652305872127987,0.2907162389290296,0.09316858481271151,0.4347954756651506,0.10274369494323253,0.07857600564987567
0.04041978183371035,0.012470319774887611,3.2412786972076373,0.36931229648349734,0.07904998811389553,0.03707478851448289,0.20816864141300737,0.306394285475117
0.04488635300241768,0.003567049995082864,12.58360635939866,0.04364249258551099,0.3520841873350739,0.0492111516079374,0.3079658805040619,0.24709628796741576
0.044209388176559936,0.006695249464724762,6.6030979740913,0.039724188485529145,0.2697018270933416,0.1839165540271066,0.2442198606544555,0.26243756973956706
0.041187611942812626,0.0098921492175333,4.163666665056954,0.278969359300549,0.22436502518284132,0.09205603656238132,0.2486029330732009,0.1560066458810274
0.04338575741411428,0.0065010086586771475,6.673696297297749,0.12313258040334613,0.174859705161453,0.13653559784037128,0.21131631766628342,0.35415579892854626
0.04284613775778836,0.008133038341412591,5.268158830583676,0.22944114304726612,0.12675173811184284,0.04135948047974555,0.40494716359848515,0.1975004747626603
0.042090408255544075,0.010052125354806554,4.18721481974138,0.13814900281528156,0.2387463017228782,0.26563222288180927,0.15978854229070835,0.19768393028932274
0.04299040693917594,0.008265098373273999,5.201439232494753,0.09284163661771151,0.36299730770436917,0.2204694239301211,0.2793536438708001,0.04433798787699808
0.04199945107267983,0.008955200421403143,4.6899509889583415,0.21705149202809498,0.12573161623540308,0.1533735699971611,0.23246885877555204,0.27137446296378875
0.04249377274610165,0.00678283922737659,6.264894584938737,0.16206157875670868,0.40507219200203015,0.10158398871866045,0.2611140615953911,0.07016817892720952
0.04409681844901099,0.004905468801688972,8.989317888196188,0.11853375516326169,0.3669371388102456,0.004735934809578772,0.3752149277810408,0.13457824343587296
0.04163680529339228,0.010885581369165556,3.824950076743948,0.24047272598693856,0.03169861090685715,0.22162878949816076,0.3143174371043421,0.1918824365037014
0.04169736491910053,0.01014608693927833,4.109699154821787,0.13655590648099244,0.299257878333509,0.26876854000234884,0.0443818288031695,0.2510358463799802
0.04182475661481486,0.008145507566497985,5.134702321907813,0.2148070144027877,0.24300988545908164,0.10222573642601623,0.12968715417095458,0.3102702095411598
0.04029890749094778,0.013996844542511511,2.879142321581917,0.21268242280242428,0.18859319090549687,0.3660006111613339,0.08513782213705019,0.14758595299369462
0.04080789130623484,0.011957557353171368,3.412728043107552,0.223030729918464,0.2092996232416312,0.28373287821239973,0.1920413731397928,0.09189539548771226
0.04050461707108191,0.015967050108805687,2.536762695367504,0.19067858356419037,0.04301835448124744,0.4429342366164753,0.061697761761293324,0.2616710635767935
0.04142847789027665,0.011122460672818404,3.7247583164327587,0.26877371012803236,0.08987597568849048,0.1961872733769707,0.42423707858684706,0.02092596221965942
0.04105399101845555,0.01043854121679855,3.9329241668738275,0.30602105289227055,0.28799732148834045,0.026801350104929393,0.2750904207295995,0.10408985478486012
0.043559727971586616,0.013147774725504898,3.3130874905459597,0.03234682227999547,0.14668333220565463,0.38760319640219293,0.31905351605803783,0.11431313305411897
0.04149596320683288,0.009783976217949566,4.2412166876187705,0.20376381001606864,0.2005465025640347,0.2104744338465894,0.15318390701422654,0.2320313465590807
0.04056642446130285,0.013085334950481324,3.1001441395896916,0.24612680814746907,0.048122739965757944,0.31094086066353344,0.12424805834119534,0.27056153288204415
0.04213811931826455,0.008765039352831622,4.807521977029283,0.24851083605898916,0.12364683911640212,0.05951452255248506,0.25580877612720215,0.31251902614492155
0.040583706777887335,0.010565509734073681,3.8411499113010343,0.30337931880156743,0.22674959562044852,0.08230504061213857,0.11444521642243459,0.27312082854341085
0.041217788027296476,0.008514426956651774,4.840935066698255,0.199191315388375,0.35513138308630754,0.15002838384804243,0.003063229404906586,0.29258568827236836
0.04224217317991608,0.008066897029537442,5.236483498579907,0.21498194959371342,0.22451199411446263,0.09594525151578719,0.2901661981328958,0.17439460664314108
0.041367221067317037,0.009569118915731312,4.322991639210451,0.250443082124457,0.20074312417715115,0.1366785280997923,0.2232562192569918,0.18887904634160776
0.042832974365132524,0.007353991076616473,5.824452860886488,0.20505926807106384,0.2604081604016731,0.03450597106691525,0.3654854193111382,0.1345411811492096
0.04431255532833616,0.004819012670789652,9.195359787480083,0.08498306596857397,0.2919077648521699,0.08745242650444951,0.3766186276021093,0.15903811507269747
0.03652012884670184,0.019752732656895387,1.848864634633386,0.5924584202002441,0.12396476420595345,0.08349696166395461,0.19002760698024418,0.010052246949603647
0.04025979795142277,0.013103406953453429,3.072467953902036,0.23992513016213635,0.22772269724946848,0.3154783836344571,0.170852261441522,0.04602152751241612
0.043188390024462064,0.010163252179382017,4.249465551201954,0.06570820158343112,0.16818557589968702,0.29232419152497063,0.13664904477164797,0.3371329862202632
0.0403126426863671,0.012492688614263333,3.2268988630950717,0.3677290131987599,0.10431242062259509,0.06714808220427694,0.265075009067244,0.19573547490712412
0.04466672477920219,0.007304865391995517,6.114654053467821,0.013633551360481553,0.227295215606136,0.20638807051859923,0.2819664568421975,0.2707167056725858
0.04245892351534399,0.00782158192031069,5.4284317351569,0.18719592446910266,0.2198044763818951,0.13120792876768103,0.2846691007187588,0.17712256966256243
0.04280181713802323,0.010004451955824212,4.278277043762066,0.14412555341164715,0.004201999542041165,0.2596284827863154,0.2326160089845773,0.35942795527541893
0.04419266772580651,0.004275284831675601,10.336777423198305,0.09341565689668929,0.4073227843329003,0.0076347228406818375,0.2933845331295254,0.19824230280020333
0.04247508930316042,0.00709390164156661,5.9875497926667425,0.16769372642322533,0.21917501542325082,0.1130997543241229,0.09278258602332697,0.407248917806074
0.04238955962435015,0.009806550128861917,4.322576142204414,0.08791843351428279,0.28448325806085584,0.27459681894327687,0.012893107406894687,0.3401083820746898
0.04160035298991581,0.00952809476704999,4.366072547239763,0.19880258946324744,0.2004930664776088,0.20379835440177815,0.14671861374562603,0.25018737591173956
0.042567316290115065,0.01310230401623239,3.2488420538386675,0.09643106511767748,0.03893579417133599,0.3790276755935023,0.15821569758682621,0.32738976753065807
0.03993933183319621,0.016562916468329362,2.4113707214285514,0.20092377937379002,0.17108158921200944,0.4581928785727604,0.07286135057118054,0.09694040227025949
0.0411398037053763,0.010474634477563666,3.9275646127314947,0.19665980138629102,0.23045334689197425,0.24506308052464437,0.06806690113521398,0.2597568700618764
0.04141000034154886,0.008877889188946938,4.664397072347414,0.2557859995643727,0.34544749303832994,0.02875389072629117,0.14976372104062033,0.22024889563038597
0.041191905700849143,0.01166961873900342,3.5298416016945993,0.257366927565226,0.044193484161102414,0.24028274133423963,0.2968578056062881,0.1612990413331439
0.04167144304444076,0.011863281311764555,3.5126405544405412,0.17792760433079916,0.10395758492136147,0.30931473758563344,0.21291599818725815,0.19588407497494767
0.04134799503673011,0.00954122381363116,4.333615461117042,0.27039668416888696,0.1903890140218392,0.08012149708534803,0.18375235949325971,0.2753404452306661
0.04558670102225454,0.0036613381240933668,12.450830673701539,0.010405000589559815,0.2767471334670187,0.06926946822901861,0.3606065627359734,0.28297183497842954
0.04110058213110292,0.01052238513528174,3.9060138554795865,0.3084426154575896,0.22041479502966052,0.005668196367919384,0.16800068277920585,0.29747371036562475
0.0416264736539257,0.01591553719260267,2.6154614293052663,0.14654574032474782,0.052294265259872484,0.454133174567617,0.3170018839158437,0.03002493593191886
0.0424348322132448,0.010868134369160743,3.9045185467762757,0.12533615677472867,0.14630650633058429,0.29904478644962085,0.21116592578002272,0.21814662466504345
0.03963006879436888,0.013568495101302832,2.9207416517815337,0.31712092561014227,0.10946129806601707,0.2644258766178697,0.14450728750765832,0.1644846121983127
0.04005557724443883,0.014133371518220594,2.834113374349468,0.21634645918689036,0.27073227152446144,0.3678517003900719,0.10469393750113781,0.04037563139743857
0.043512017159006454,0.006069866534177108,7.168529474908031,0.14822451320615365,0.18898843122247838,0.07881613769055668,0.30782600051177617,0.27614491736903507
0.04238331991487869,0.008162196161554756,5.192636770298523,0.2331786549385418,0.2125845128314756,0.0192438442029241,0.25359606471163443,0.28139692331542404
0.03782585734726756,0.015865365505497993,2.384178122726474,0.47175496237600173,0.26512682036505647,0.08326708587418422,0.09526660941110743,0.08458452197365025
0.04044382162372663,0.011848112424750545,3.413524464811799,0.26870878584486174,0.2271526289976207,0.23613603557613938,0.24062171440367028,0.027380835177707858
0.0414466996259341,0.008997097901519788,4.6066742942669245,0.25217957327885676,0.25295526339947805,0.08074239683447391,0.17621754900088765,0.23790521748630353
0.04141471513078693,0.011212284981037868,3.693690911426813,0.23954651655498727,0.029478404524720912,0.23817350254028052,0.24624130145208079,0.24656027492793045
0.04291432844817386,0.01791470400349716,2.395480742511653,0.0037194282370164077,0.17001187572518417,0.5317672025860086,0.2475108027948735,0.04699069065691733
0.041326437836839786,0.011223026746735839,3.6822898821709904,0.29060424763844894,0.010890751462638305,0.16988929531991123,0.36093124754100925,0.16768445803799234
0.03812809074012363,0.015055959147184642,2.5324252256126316,0.4275036719214751,0.19174608503174734,0.1625305967280687,0.05034234290482866,0.16787730341388024
0.04029498363410611,0.014714200691766668,2.7385098571241566,0.15154727791174064,0.38070525568982283,0.4136980107217831,0.009862249374071723,0.04418720630258156
0.03959162734350085,0.012282970747529669,3.2232941164875326,0.33686907339148087,0.25386763164084364,0.15548010670370588,0.13611749923105967,0.11766568903290986
0.0401365938082882,0.01486202278122535,2.7006144721424654,0.2615439567072485,0.008700664551755229,0.3677808044046104,0.14951858057076253,0.21245599376562327
0.04214703203554423,0.010822488338503003,3.894393850774444,0.16602662662601492,0.06658035388062648,0.2783750264071621,0.21486608473557975,0.27415190835061654
0.04228342261370215,0.007969455959961022,5.305684958438362,0.2082516938183181,0.1894216179106311,0.10387060405782651,0.23864503867647693,0.25981104553674733
0.03886870195126096,0.014048208284328496,2.766808490063534,0.358357342924699,0.12406765345677921,0.23306392261029144,0.012162059467341307,0.27234902154088897
0.04010486326279249,0.009993994054428598,4.012896450045513,0.2810836732845091,0.462558129605326,0.08610092483691928,0.02684448214349816,0.1434127901297473
0.045311230004176334,0.0035657251800381012,12.707437538327664,0.05818960879762465,0.25811589591744066,0.0021335876650441917,0.3640121828858028,0.31754872473408774
0.04258664469211747,0.008218263405498092,5.181951781154474,0.14816082017509222,0.2780838241055616,0.1896461441708493,0.3000730460912718,0.08403616545722503
0.040455790200945585,0.012403619704467992,3.2616116234499457,0.35146408403118073,0.06354705494987672,0.12459935549791065,0.32975303001534806,0.1306364755056839
0.04315105065895212,0.007479768659884268,5.769035463674324,0.17563392158099575,0.049790955046306484,0.1246786419519013,0.2973234990629375,0.3525729823578589
0.04296167887266455,0.0070019919833451336,6.135636683796948,0.1945790046886681,0.29183668750355496,0.004811950717918445,0.30171112061061306,0.20706123647924535
0.0399711616987666,0.012632638044210711,3.164118338456202,0.2454857844394035,0.2456484173792487,0.2930996025718602,0.03030294608782166,0.18546324952166593
0.041273692547167784,0.009918464746624452,4.161298507535095,0.28962289581689765,0.2291439484142647,0.030772599663777284,0.1956131413676026,0.2548474147374578
0.042108136162967116,0.012032942998863136,3.499404606748778,0.11146865152713897,0.2565040741201394,0.34082444964373115,0.21245129757602263,0.07875152713296801
0.04195965115017464,0.008675443953533065,4.836599876031315,0.20715452652952093,0.22159657640155034,0.1518200646073177,0.2561219556012863,0.16330687686032466
0.04004653230058322,0.012305511293200405,3.2543574457334037,0.2745127621525809,0.24767498699833773,0.25178808614788406,0.16459303860974417,0.061431126091453014
0.03850564863007534,0.015419677243315597,2.4971760447688665,0.3828228830180309,0.03642169495338143,0.27351402733816554,0.027996954505547154,0.2792444401848748
0.0389429769729889,0.013565288290382381,2.8707813751808713,0.3523572115075828,0.21534152390023412,0.2141625447422375,0.0630790206530729,0.15505969919687268
0.04226592882164004,0.010359863818786173,4.079776487505237,0.13629451552025196,0.26492402735695686,0.2754827262235281,0.29253978345092885,0.030758947448334312
0.04328849133867352,0.008352600036288467,5.182636682063499,0.10250635785256865,0.16019508910238,0.22208109768447248,0.24320960185256157,0.27200785350801726
0.041400713782829765,0.011777333224978643,3.5152876285288976,0.162219015526175,0.18207969438559413,0.3142388816669678,0.0785222983266697,0.26294011009459334
0.041671227115611456,0.011373716469354516,3.663817998970779,0.20854489743128837,0.04104282165034034,0.2714389151480964,0.25059798043418763,0.2283753853360872
0.04078386048433795,0.019808628738724743,2.058893678218514,0.10833236149137818,0.11935324391757313,0.5838164399280241,0.0916658953505484,0.09683205931247622
0.04070537193003186,0.015650971008974,2.600820863235392,0.22931792877514184,0.003080963219505018,0.4133339160221614,0.30948164722848703,0.04478554475470474
0.04131384572354621,0.01121317212516771,3.684403062967189,0.3287157021996061,0.03270805257068254,0.04275139376980551,0.2935714204345428,0.30225343102536306
0.042632186343883306,0.007720284481509445,5.522100441504456,0.14836500571062283,0.27212551148155695,0.1695319108653078,0.2568901252191501,0.15308744672336236
0.04199045457746665,0.008598831719115763,4.883274373670917,0.24447482330760792,0.19808030050455297,0.054725070905113825,0.23466183111147357,0.26805797417125166
0.04324539569556802,0.010886915279970247,3.9722358981823733,0.026534630481275825,0.24569727521960658,0.3183917358456102,0.046183154776337394,0.36319320367717
0.0428935925071751,0.009248815079536952,4.637739228031208,0.1144193392722708,0.20352794563734067,0.24799660186169975,0.27298447506274015,0.16107163816594863
0.04150508260325064,0.010252955980425187,4.048108924147496,0.2822703516582053,0.10088028627778686,0.11624949917990489,0.34098519850400755,0.15961466438009547
0.038395764048986605,0.01571526289163033,2.443214874212223,0.45985960417822686,0.0282909417601969,0.12203524868575233,0.0951072119599784,0.2947069934158456
0.043950289407177635,0.011325340951191405,3.880703423993089,0.027156222978280038,0.11595875798168438,0.3325780455610007,0.26782305984247423,0.2564839136365608
0.04177177041010717,0.014215873984722302,2.9383891876784354,0.08259533817084713,0.22285423285608968,0.41604202855972927,0.013219463097196951,0.26528893731613695
0.03756825260533077,0.0184389970376013,2.0374347112655085,0.4035911910136931,0.03578719163201758,0.39388575032875894,0.0845445588886709,0.08219130813685942
0.043479368121000596,0.007746624655394289,5.612685531462293,0.06863100634386127,0.3270280581765362,0.21201639044552023,0.26365363464107094,0.1286709103930113
0.041354400507770644,0.009878444526954031,4.186327148462722,0.24385763307231392,0.1625074840635128,0.16750549128565786,0.21008764321083587,0.2160417483676796
0.04080353631330136,0.012475238511495705,3.2707620199567042,0.2331481627614748,0.04065862103099442,0.29635798293514154,0.08920868061606685,0.34062655265632236
0.04221323331139335,0.009383983556581845,4.4984342797345755,0.2157807721397913,0.06716621733772173,0.1769234404043445,0.3210249432871772,0.21910462683096524
0.041288647844254386,0.009508136714754702,4.342454161411328,0.2716344475324638,0.22362112331722186,0.069967186719762,0.17663129491471546,0.25814594751583686
0.03916205150194642,0.014428295752059716,2.71425344856518,0.30487212880328135,0.13510206489874974,0.31623973704442454,0.012304387829779289,0.231481681423765
0.04086135704715695,0.011774396664487359,3.470356758949568,0.3479044104539421,0.189145072672355,0.004882535880352283,0.3056614134370589,0.15240656755629173
0.04210763770035364,0.014986191431133607,2.8097624332274043,0.08677140678991849,0.08979832837672846,0.4396294592375403,0.10710577361068971,0.2766950319851229
0.039660201075773005,0.012393259760578614,3.2001428068123827,0.3265100572770136,0.2553221900449829,0.18411602291960286,0.17775052243401443,0.056301207324386
0.04069294732033336,0.011047506678159043,3.6834508007841666,0.3210170606913209,0.10419535077333227,0.060102750973478225,0.07847908726238287,0.4362057502994856
0.042011437349605205,0.014582743738654714,2.8809007483444153,0.09498705229261413,0.07329202598535774,0.42554866820416337,0.059878445445542196,0.34629380807232263
0.04172202550899135,0.008104443082938393,5.1480434968844735,0.22703736924615167,0.3152821525072238,0.012715943720869673,1.0475027538641815e-05,0.44495405949821615
0.04053244465570155,0.01265768302475254,3.202200953874334,0.3103296258785182,0.046543414499875896,0.22418043137640384,0.33050731925727134,0.08843920898793069
0.04206151907744123,0.009412876835352253,4.468508386242704,0.18832976354155967,0.18226721771740187,0.20780508543910164,0.2793077329748912,0.1422902003270457
0.0408298843932092,0.010751318993192743,3.797662818772363,0.287226208487318,0.15343785219896838,0.14777298043975884,0.21194979638947037,0.1996131624844844
0.04329436118707505,0.011576207661845122,3.7399433779831144,0.004118578663158963,0.353846903095442,0.3395346290561192,0.10131215439247997,0.20118773479279986
0.04013420251657271,0.010827952623933624,3.7065365827203434,0.2588580350713779,0.3092473424015865,0.1968456328514331,0.006363270526708091,0.22868571914889443
0.04364604451944958,0.009368194411737226,4.658960158295425,0.0426648374314248,0.30765239260204535,0.26926324793602885,0.29366816314040456,0.08675135889009651
0.0402388341723859,0.010611654323306043,3.7919473200338434,0.27178711831722546,0.34025393142649735,0.16534463995391677,0.1000038017078148,0.12261050859454545
0.04090053152137682,0.010785853537883562,3.792053301829135,0.2574578041130159,0.13939164465670628,0.19836269634545214,0.15449834612605237,0.25028950875877337
0.040487034895181934,0.011167870186866224,3.625313888658555,0.30919162440155984,0.05674669886424808,0.12038510701904398,0.008066070142277965,0.5056104995728702
0.042367861723612406,0.00836469200823903,5.065083290799116,0.16796206869833324,0.19225440621703235,0.1810661793305181,0.2087848426255892,0.24993250312852708
0.04184456372481462,0.009545223935717367,4.383822109006373,0.27600207280434685,0.10654764199654741,0.04282339642271189,0.24908766952525493,0.3255392192511389
0.040558089561187775,0.012994481776221804,3.1211779168757428,0.24211699709322632,0.13087512607241594,0.31030772325514266,0.19313963432614992,0.12356051925306517
0.04014978114040818,0.0113754539421024,3.5295102371086333,0.3233297926758,0.22162541412515585,0.10896311095477583,0.12632211484159678,0.2197595674026716
0.0412240586626199,0.013104913510528345,3.1456948288518607,0.2245852679181562,0.08524052491828261,0.32417806731506893,0.36593836571904953,5.7774129442648995e-05
0.04083854669521273,0.010030120583590353,4.071590800416308,0.25534989226813815,0.2745139595269732,0.15793884644124354,0.16110995341032566,0.1510873483533194
0.042971456211301884,0.007243383956045859,5.93251116771668,0.14383510467145355,0.26224589413627925,0.1514892463599785,0.3209354538750127,0.12149430095727598
0.04172361789813085,0.010121595649456378,4.1222371791123456,0.2050283096694509,0.16096035883405949,0.22350805594120274,0.2604743561487513,0.15002891940653557
0.04224141649221706,0.01010483177270717,4.18031862799634,0.14030443945884638,0.26748882986627626,0.26491828281482604,0.28288968411883947,0.044398763741211864
0.042738676875273815,0.015270936343118139,2.7986939317269854,0.002201995836677324,0.2698318959142943,0.45249006412947734,0.04495406407900895,0.23052198004054197
0.04092424008253045,0.01192252463157373,3.43251461809969,0.2240382055690043,0.0818952061283025,0.2817113620769273,0.08844159633512921,0.3239136298906366
0.041802261473182445,0.009740558022810094,4.2915674210133945,0.15641527685733067,0.2688628514147574,0.24438850312531507,0.13313908994712514,0.19719427865547154
0.04042742180719716,0.012176848072226285,3.320023504227383,0.36069626235181607,0.23379672025365394,0.023700528064162885,0.3040144949483206,0.07779199438204652
0.03945772242613085,0.01300110146298202,3.0349522721962177,0.2786272535198594,0.2685819842623116,0.27887039895284343,0.017778254275052065,0.15614210898993355
0.04376224233833583,0.011757572029967868,3.7220475644796394,0.02809816061902284,0.22981002157568836,0.3441067605404281,0.36223728401533334,0.03574777324952732
0.043982303355843154,0.008068718753358737,5.450964979729253,0.05058814406009513,0.2814757519252548,0.2260240528051349,0.35462262707851755,0.08728942413099759
0.04280677803822411,0.012821122455010707,3.3387699234940627,0.07062365372041673,0.21245622341195275,0.3738669892731234,0.2851930345030437,0.05786009909146342
0.04450360207144964,0.005673845656909999,7.843639880695397,0.03546250328441664,0.3371020942274776,0.1477195623149922,0.33301765574310344,0.14669818443001004
0.039245892599471574,0.02074440015482997,1.8918788832914917,0.19059393527581892,0.12703351533917168,0.595596995879447,0.009729847991862254,0.07704570551369999
0.039602629418330995,0.013202376212287727,2.9996592114586162,0.3775713901808336,0.062377771720674983,0.12673007303551495,0.11864313135841374,0.3146776337045627
0.04181603889833389,0.01030903837609354,4.056250192579017,0.1479471253027437,0.30243724620531903,0.26891874558778067,0.19108630858311146,0.08961057432104527
0.040120268617818575,0.01176301369648982,3.41071341520165,0.24424470562062925,0.26692148824546647,0.257764673532922,0.015939568565012236,0.21512956403597025
0.04220040375366247,0.00767574730754658,5.4978886175906565,0.20790075854147608,0.278527289170927,0.07781552180676911,0.23223913833632645,0.20351729214450132
0.03938292456268803,0.013699084806367279,2.8748580740505383,0.29871508503461713,0.23568363555550126,0.2897840145773173,0.12223430472514979,0.053582960107414535
0.04367755013119018,0.005123538789101772,8.5248793712846,0.12377626806889634,0.2776482493811386,0.044846708906673825,0.21731672316802708,0.3364120504752643
0.03934436159554393,0.013231068139028695,2.9736345684356995,0.3009324553329233,0.22567317307773416,0.2665075149859579,0.039163086847337616,0.16772376975604705
0.04123240262379259,0.0085576644564646,4.818184077390994,0.22146401766572296,0.32587873483022556,0.11765895092614165,0.04433560549791284,0.2906626910799969
0.04266913991662414,0.00747434694086553,5.70874489158822,0.1553687644538804,0.2656673709839446,0.15186632217376092,0.2669216652466697,0.16017587714174425
0.041107819434708884,0.009401557171762576,4.37244795555523,0.26281630345898105,0.24201347170372423,0.08934580659097316,0.10389048027467651,0.30193393797164503
0.043842767867817836,0.005145561537633824,8.52050209625495,0.11257240155662064,0.33989995681490187,0.07071869141334888,0.3679972660552304,0.10881168415989834
0.042153745396726686,0.007934109207146791,5.312977713837862,0.2174093047997399,0.2064954296840359,0.07447983723396898,0.17983821195877456,0.3217772163234807
0.04161547326076097,0.00950355500514139,4.378937485840525,0.18571394569900096,0.2708917193252248,0.21410196021703148,0.1755966115353779,0.1536957632233647
0.04157799859083475,0.009440907634669978,4.4040255661592616,0.25740431699073646,0.1447102501735484,0.11056810556768945,0.22913983985942352,0.2581774874086022
0.04189033654440082,0.011029347673552055,3.7980792504031964,0.20474876226629155,0.05867284766975988,0.26009435798176456,0.3167454075657176,0.15973862451646637
0.04094444700877198,0.010383276740892762,3.943306918472014,0.28778350468348657,0.20434835803506068,0.11596172627421826,0.24223953326327877,0.14966687774395587
0.040385554366847334,0.013027477900181083,3.100028622292729,0.27374646916992496,0.0010715803732167608,0.2846544364264258,0.10666138722876022,0.33386612680167227
0.040371499960802804,0.013602458250559234,2.9679561750643875,0.2529277584727654,0.08030637550210518,0.3261023893106154,0.16644315971264112,0.17422031700187293
0.04125916486130221,0.00999208838952519,4.129183335142894,0.23734049732996995,0.23965903769764882,0.18185282286439916,0.25532830557292513,0.08581933653505701
0.043152992956354004,0.009332234531573625,4.6240793467368455,0.15326131250326097,0.019299257325673808,0.22846716106551013,0.3975283418751594,0.20144392723039575
0.04084846965997931,0.012305231025563504,3.3196020111380804,0.315967697573996,0.02637646721018425,0.1930252385956501,0.4077590200939,0.0568715765262697
0.042362106324001766,0.008001007846564904,5.2945962729169445,0.183878125474175,0.1963470373626162,0.14630291027821118,0.22792890464207355,0.24554302224292401
0.04467524848559458,0.004838427502150582,9.233423145378813,0.017493801274356888,0.34257802066362913,0.11964777314301218,0.20591683948836106,0.31436356543064065
0.04176214526966802,0.009255055169798937,4.512360488778727,0.19598500111763092,0.2311824103851789,0.1940904647389969,0.2139049195492689,0.1648372042089244
0.04372509085351573,0.01233130003705419,3.5458622142131553,0.07842213707053783,0.014356947260888174,0.3549209301772152,0.4793669688677572,0.07293301662360159
0.04073850624735702,0.012747355841958425,3.195839729621779,0.23273918055686507,0.13888441689967865,0.30744471836151255,0.21170777654452796,0.10922390763741584
0.04508210001701788,0.009014869888094114,5.0008597546768305,0.0021977138990502223,0.16086187557977788,0.2582405299370892,0.4648915995829518,0.11380828100113087
0.04025320915641829,0.012693812486315088,3.171089001024268,0.23759209154368968,0.2627501520650036,0.3011221696577349,0.15239432794732174,0.04614125878624995
0.03989956967830414,0.011622221036446547,3.4330417183756547,0.31532301404427393,0.3260690060705908,0.14997929935628307,0.19869474898695663,0.009933931541895615
0.042249763330817244,0.019479531796992182,2.168931151483887,0.0370518954431896,0.06016381453291491,0.5797221126375143,0.17831948070748563,0.14474269667889567
0.045161538143013755,0.009056560052399895,4.986610576390581,0.005352241133792904,0.01470285373120793,0.26030293661074094,0.34781945561544186,0.3718225129088163
0.04055155096976375,0.013276688098061718,3.05434236838658,0.20834007067214796,0.20909082776599305,0.34266404174690607,0.13174839310878633,0.10815666670616655
0.03899652744418528,0.013267046249048611,2.9393526420382945,0.351220916125745,0.283363001293536,0.19604439797305195,0.11322158085251473,0.05615010375515237
0.0423892921929198,0.012056757308678421,3.515812013766596,0.02217435520522824,0.5050787749790822,0.35161731917678596,0.027156786606621318,0.09397276403228236
0.04296986761370984,0.008820869295206325,4.871386954691834,0.11782601734087214,0.11087496145562457,0.2311265550222216,0.16835073946760956,0.37182172671367203
0.04230296805586817,0.008635092195044004,4.89895962896,0.16371293408940762,0.20725115843643444,0.19634760588423053,0.2096716716837625,0.2230166299061648
0.04359921933787999,0.006361859512598617,6.853219448109299,0.15619304897606814,0.10507227169788314,0.08275888925992751,0.3147390871332276,0.34123670293289365
0.04361208336635779,0.009784334347839842,4.4573378030551805,0.03187065207285036,0.29791477342933703,0.28412514721408977,0.22803330447955467,0.15805612280416806
0.04417233108791462,0.004949171024938595,8.925197950390626,0.08864695058127185,0.2916829623200196,0.09182690144443577,0.3490203753515833,0.17882281030268946
0.043159154520127585,0.008321295971147169,5.1865904865991315,0.0951127482223855,0.1696261488245729,0.2233392306607629,0.14132483675860472,0.37059703553367396
0.04519049943379865,0.00336390342081046,13.433946751928739,0.0027655895419854194,0.42806963976707574,0.00032077261455792065,0.10162313828958149,0.46722085978679934
0.041115201827093995,0.010393146498431111,3.955991752189821,0.2212253963869397,0.19582517965233656,0.22061695588097674,0.1240572167184812,0.2382752513612657
0.043728025941316244,0.009342614488583392,4.680491311586449,0.04443036553799895,0.22776119968175637,0.26954248100497025,0.24606330672030838,0.212202647054966
0.042226354575318564,0.0083987660024762,5.027685562720643,0.21143088554139086,0.16914156470673122,0.12828572056541376,0.28098292892517773,0.2101589002612864
0.0435784804611321,0.005708986109169851,7.633313451426297,0.1500889463425698,0.27084037031360275,0.018671808635175997,0.2806165176678289,0.27978235704082255
0.04266414836867982,0.01160144835557354,3.677484660627155,0.10503224724909714,0.017313883969554054,0.32802057887894515,0.09186111315002114,0.4577721767523825
0.046527956498473584,0.003265041456215671,14.25034172533955,0.005590910890335024,0.13991332989469454,0.025610511009833258,0.47653521029251455,0.3523500379126227
0.039254831377321955,0.012589574887165717,3.118042644739323,0.3090199340167549,0.3506065679518804,0.22221826931733188,0.08441011000868706,0.033745118705345814
0.04110591927707989,0.011733924358801122,3.503168933098505,0.24672847506370854,0.06981315849204735,0.25449186512433525,0.25015387841354814,0.17881262290636077
0.04175844441759523,0.009474700527163126,4.407362987133733,0.17609926810556226,0.27722020500660993,0.22042156843784777,0.19921564970464611,0.12704330874533387
0.04214111789697715,0.010967517020878264,3.8423571914003327,0.14948727581771992,0.12012178140184088,0.29227976376509807,0.19708886189082156,0.24102231712451974
0.04430972910750923,0.007244383388544307,6.116425198806723,0.017846307010856485,0.40894542550891166,0.20035898801826496,0.3536474207682793,0.019201858693687512
0.03938633599671004,0.012633113991371955,3.1177060559739864,0.3404191365511936,0.2512929910736678,0.17423279623109686,0.11560586880822252,0.11844920733581918
0.04221536122626815,0.010501575613166916,4.0199073721221765,0.17202789746389952,0.07429215984793072,0.26298178272704253,0.2571284979591941,0.2335696620019331
0.041817701690127614,0.009719656929108549,4.302384538377218,0.28247229048074524,0.1686631172840844,0.03575777245058488,0.34232001957827385,0.1707868002063117
0.041443811816047914,0.009823628995302548,4.218788376053847,0.190688562475024,0.27060045945898725,0.22331830680250114,0.15679083089358484,0.15860184036990285
0.04162505391680588,0.008882966750596811,4.685940529272978,0.25404387077676344,0.2462991070342928,0.053424336031188055,0.18734896412930863,0.25888372202844706
0.03943419830206013,0.014056723451350112,2.8053620346548525,0.3754195940912064,0.058285078223364914,0.2036177147260982,0.24219228558793435,0.12048532737139594
0.04127324201211275,0.009452346447873954,4.366454640624819,0.2567280253812791,0.1799275903251739,0.11240455095384816,0.12727394067765582,0.3236658926620431
0.04140088528569817,0.010390710495547158,3.9844133183616397,0.21458761716309788,0.201253516176984,0.22639687921386875,0.23591922234687884,0.12184276509917058
0.04383591868734478,0.0077631352558141745,5.6466771791093056,0.033504856175088554,0.27720020593277156,0.21946484673793745,0.13183760257389676,0.33799248858030567
0.0420638642035111,0.008541782681200573,4.924483070271568,0.12379384818629659,0.3317520283342139,0.21659732582035315,0.013393121924798117,0.31446367573433814
0.03929744212147202,0.013149160566239793,2.9885894178193717,0.31077607475186725,0.2619609297772159,0.2505851196081282,0.08922561916088134,0.08745225670190707
0.04464860952236202,0.0097845568947783,4.563171332387012,0.024487388375966968,0.12938326113080634,0.2824429727958714,0.4538854414578862,0.10980093623946917
0.0431905616333612,0.007144629121938306,6.045178958378709,0.18492400935593767,0.08733257196351285,0.08422857363841287,0.31439452985867916,0.3291203151834574
0.03897506644760174,0.015262896192006494,2.5535826200543656,0.34645632679492516,0.023223501976530392,0.3111006391349105,0.0761816407347254,0.2430378913589086
0.04021674032521229,0.013223605165037396,3.041284114527519,0.27823040927202697,0.11836228380809735,0.2891664552703314,0.22053002830634907,0.09371082334319526
0.042096330741170716,0.010422683325696772,4.0389148768804715,0.061469147319833314,0.5280281006237932,0.2966429856158622,0.04707689212966758,0.06678287431084354
0.03977906668882889,0.014232616656612006,2.7949229329062866,0.30617433699022056,0.0769430544983748,0.30605711723559675,0.21567932970572953,0.09514616157007844
0.040628048335631675,0.010249391078632803,3.9639475188267643,0.20188275180180085,0.40880704760263853,0.2290758113271879,0.03932706927778564,0.12090731999058699
0.039769832964214435,0.011860839442683338,3.3530369546269743,0.3097416158008549,0.25063678969979236,0.18037594765842085,0.08838341299793664,0.17086223384299531
0.04065025335781462,0.01377526484319924,2.950959841464202,0.2592435061646196,0.026797958522721047,0.32691564324766376,0.2825481682984602,0.10449472376653529
0.040307556027805995,0.011140856807817281,3.617994264096736,0.2667003729505132,0.20884261716606295,0.20413706384600191,0.0427999587952421,0.2775199872421799
0.04251022564174492,0.006754850314864266,6.293289067886493,0.15936867351217895,0.28424930408386373,0.10599662185753773,0.10899751246613412,0.3413878880802853
0.04115083555491898,0.012905252394592575,3.1886889381692045,0.19880384345947263,0.023973152285518284,0.33451801762984634,0.09095600339230651,0.35174898323285625
0.04157984495157476,0.010413366285016119,3.9929302219402723,0.263036492662868,0.02088529467912444,0.1671687853481702,0.2817169619089473,0.2671924654008901
0.04119887713490779,0.010033023725345822,4.106327091685187,0.19699705463411923,0.2552248809743139,0.2266337225308383,0.07623193216669102,0.24491240969403752
0.043010325372159416,0.008392884409103386,5.124617863854772,0.15270330090655534,0.15491758977266493,0.1925117088297032,0.3906158394301693,0.10925156106090718
0.0446031376069381,0.006093026257242034,7.320358672986813,0.13736832931120502,0.004020355550505996,0.08490327805336831,0.5360606290748882,0.23764740801003256
0.044241634030052934,0.003982811995646746,11.108140198033322,0.0787992491383196,0.3899014759887064,0.010949048284323634,0.19548591127247983,0.3248643153161705
0.04092263009487561,0.011681648088737909,3.503155529426406,0.2604387659872092,0.0637654036579227,0.23852207201905473,0.20970858139214796,0.22756517694366538
0.043675825434471516,0.006624347542572275,6.593226752337925,0.08062003104506296,0.24562288126291965,0.1694285210723353,0.2196721414532746,0.28465642516640743
0.039507125067192284,0.011785128839957765,3.3522862247583087,0.33467395687077955,0.30605354939925344,0.11331174995719487,0.021157530113478776,0.22480321365929332
0.043560289866641067,0.01134998179440914,3.837917157549832,0.015570353317106331,0.3222023577387191,0.3324125999764584,0.2539539799028677,0.0758607090648485
0.039660653601723925,0.012724227060691025,3.116940102731084,0.33208834420251077,0.22598338626840253,0.19525571533782307,0.2152403723019677,0.031432181889296015
0.03771193652818441,0.01748290722217747,2.15707468151212,0.42152680766555956,0.03459921096168274,0.3292732481314526,0.09635714356939713,0.11824358967190791
0.0423887744551326,0.01564849524555533,2.7088083416309536,0.1181081759277745,0.007243653061955683,0.45158215657269846,0.40722413694154036,0.015841877496030953
0.044737606798468416,0.0035087746800579263,12.750207943740019,0.040047501155307606,0.550173955686866,0.00478107335267587,0.3295933305465856,0.075404139258565
0.04311858518012849,0.006229356768633554,6.921835878343312,0.16506874587589473,0.27854263715121547,0.047994978193120645,0.2669202177831799,0.24147342099658914
0.04091768982995045,0.010653080402105098,3.840925655819224,0.24217009209724763,0.18821021139929495,0.2105161342260912,0.14605978545493525,0.21304377682243092
0.042118346772560517,0.011809890116008397,3.566362291167195,0.06082507692200029,0.40454010868118867,0.34294132282083634,0.032643648784024225,0.15904984279195053
0.04251320381247348,0.007282352693984412,5.837839170793185,0.15541713026179185,0.2913892839426473,0.14264940790533068,0.19764872984720006,0.21289544804303004
0.0401391931641792,0.012305512317393127,3.2618872037895392,0.34432275811669977,0.07742457738330634,0.13840469187813342,0.18205953905748737,0.2577884335643732
0.04410672153620393,0.005402732357252173,8.16378058724282,0.017472591026114155,0.4583733191109336,0.13780034141774972,0.13181516011613995,0.2545385883290625
0.04047970041436384,0.01138686847308035,3.554945814124554,0.3274037077760699,0.1751234724769526,0.09539555881797573,0.21693531271018995,0.1851419482188116
0.041514503799070984,0.01196078723730068,3.4708838954684067,0.13949717864217726,0.3244080880787227,0.32838694974866334,0.1852853765300645,0.022422407000372242
0.040362782574778266,0.01265942233039822,3.1883589567793966,0.19886942337244465,0.33411838589636694,0.3247243446615714,0.07559569704325364,0.06669214902636347
0.04294750872926632,0.008341066283989776,5.148923083335489,0.07165153372913871,0.38579012910915833,0.2306196792389232,0.1590845570948324,0.1528541008279474
0.042745938513489706,0.006884795753083143,6.208744608632327,0.10919843452026816,0.3499493945027473,0.16243373943287176,0.09675044831336245,0.28166798323075043
0.03888223646138474,0.015057829087278093,2.582194035807935,0.2791981216455186,0.31430842216241245,0.3611408569863527,0.04447881071636338,0.0008737884893530391
0.043419156886348634,0.01134078202572185,3.8285857878116625,0.01803260894478722,0.2520520836754149,0.333254168893841,0.11807667995288322,0.2785844585330738
0.04087267850869257,0.009396579373629834,4.349740143035022,0.23451397428458085,0.31455565036639344,0.15141237225994728,0.053410941948405115,0.24610706114067335
0.040627769870610876,0.011415902520049839,3.558874981566811,0.2372839026426741,0.20496709306189942,0.25013971358639436,0.10756426828098867,0.20004502242804337
0.04053046781987191,0.010488270803013313,3.864361302363339,0.23078461745821716,0.39049478756280864,0.21210441968816243,0.13516838532744788,0.03144778996336396
0.04015935400242084,0.01082596631521489,3.7095399000069493,0.29269999474886094,0.38156564231438755,0.13706768209361497,0.18712042787882924,0.0015462529643073342
0.04288455726089588,0.008924619316499597,4.805197369215744,0.15387536012407999,0.10485174121567443,0.21401045185192868,0.3386140066467871,0.1886484401615298
0.03985717794421701,0.01164936049703743,3.4214048019505587,0.33892484778731774,0.35395130138055303,0.07647737215131038,0.17387966189091694,0.05676681678990196
0.041641464676803824,0.008922042912049078,4.667256713209447,0.17811950987441075,0.3585799399664059,0.19436063737930875,0.18434571043836778,0.08459420234150691
0.04287708356116046,0.006666752228241065,6.431479991041008,0.13352209449610877,0.4031262752156379,0.13041365815160966,0.31479957777203915,0.018138394364604495
0.042715869231324116,0.013384530521617116,3.191435752067245,0.05609969003886337,0.13618015176047155,0.3941070081511909,0.09587572433867819,0.31773742571079594
0.04329370545162882,0.009160540508361171,4.726108182384328,0.07362356323653632,0.26933149510276577,0.2578989574195841,0.2733333314040973,0.12581265283701656
0.04263784408124631,0.00905837222350465,4.70700949676253,0.07225757440503393,0.3951519168767093,0.2538302095398319,0.09451845679121966,0.18424184238720526
0.04316869190827241,0.009523360707734758,4.532926267636941,0.04346832774692973,0.3079944108945458,0.2746372510828265,0.0859928335950899,0.28790717668060806
0.04174551206487476,0.009025553176065688,4.625258003639835,0.1804705120023758,0.2620119977936858,0.1984327986715822,0.14178290567285173,0.2173017858595047
0.04252679086884404,0.006408666726743401,6.635824997948405,0.16959650512884922,0.4051758722352131,0.0030668724330055776,0.043954510156815514,0.3782062400461165
0.041818986489433704,0.011363542099861158,3.680101338291751,0.09753316787199293,0.3488658885333016,0.32253804370794853,0.032249459795510825,0.19881344009124613
0.04141321350953981,0.010291387054898916,4.0240652973814885,0.18521231825723872,0.21557114702766547,0.24657144734819514,0.09983992885843089,0.2528051585084697
0.039619273952898146,0.017385382100284997,2.278884279008666,0.2649033150232164,0.005224599213312588,0.4561483871142104,0.1807142206972074,0.09300947795205335
0.043159118894847574,0.009890661918864297,4.363622905008096,0.079134342635681,0.25358796002981837,0.279956285029565,0.29456523936128437,0.09275617294365122
0.04145583692815224,0.008586318155697313,4.828127280683733,0.20735576486546953,0.3649877949850321,0.14458171627313757,0.175162604473528,0.10791211940283284
0.04073768413536845,0.009560922263237369,4.2608529819355,0.24775534371891522,0.2853706737744876,0.13783993946055803,0.010488439405675435,0.31854560364036355
0.04247043208593783,0.008619144667730153,4.927453212955804,0.22523600949367725,0.07999777716357334,0.11493723371035594,0.3496227589772888,0.23020622065510468
0.04044405499518002,0.01325160451283685,3.052011924744796,0.21188452975606595,0.22761651403766012,0.339613074144961,0.12092958838090585,0.09995629368040707
0.0413871502206889,0.007960065207447343,5.199348138752378,0.21730287303040507,0.4619827824292729,0.06976837574749281,0.11929528373505123,0.1316506850577779
0.041206081284569956,0.009255506343311973,4.452061265599528,0.23739304174050488,0.23933494158507782,0.13872780673478807,0.10303025310793638,0.28151395683169284
0.04534747926797171,0.004158650196175399,10.904374527503322,0.013810921349809085,0.32158059954655177,0.09153456794611485,0.39298871982068273,0.18008519133684164
0.04157549889501465,0.010236386768866453,4.061540447207877,0.2831853754575876,0.05333474165480666,0.11193631972336768,0.3088946977775057,0.2426488653867323
0.041403238148499166,0.010037425428269174,4.124886251397897,0.2418200684238693,0.17682802340096251,0.1786888343278262,0.26937097806477933,0.13329209578256263
0.03976169592607888,0.013251012484353784,3.0006534197313415,0.37499435468623743,0.155945969714701,0.1376701854277421,0.32655192783171694,0.00483756233960249
0.04279355596654691,0.013045438516805096,3.2803462996985786,0.12347859262970053,0.05146305508242989,0.3672294424533987,0.450388341743993,0.007440568090477856
0.04139089469396012,0.010916185616719823,3.7916994220548594,0.1570334136892498,0.2942404199087579,0.28615353890034234,0.09446765076544683,0.1681049767362032
0.03872582390594622,0.013585512412138033,2.8505236115603907,0.3872530576808456,0.3202899772407294,0.13536770753758387,0.12042398194800437,0.03666527559283686
0.04251910362056846,0.011307195769223191,3.7603579603972435,0.12142503928560396,0.13853477763243244,0.31467017720290136,0.2586165642263671,0.16675344165269526
0.04262038221372942,0.01204450699495196,3.538574242315795,0.05081889041447388,0.24726443916820315,0.35272186346405643,0.0294100037555209,0.3197848031977456
0.043778037726397,0.005175677551640397,8.45841675599011,0.09465317850397637,0.3685347326666469,0.09661938920516447,0.31531704945471667,0.12487565016949562
0.04123949634253328,0.010909715213809165,3.7800708390933666,0.21562656103769579,0.23889688083650074,0.24620618007127773,0.2717926907780003,0.02747768727652553
0.03904681639826138,0.014971761536383264,2.608030878889749,0.32892088023525395,0.07229361694625312,0.31659667093631927,0.058002973943857304,0.22418585793831633
0.04174917218399406,0.009057223938690148,4.609488786696799,0.13942543263600213,0.34871689420219776,0.2273992263494998,0.03179718609371893,0.25266126071858136
0.04441980019068551,0.006007764743412967,7.393731626956309,0.075275504127542,0.11095235610021212,0.146738052640955,0.30097477651431076,0.36605931061698016
0.040237512992953,0.013676618341083331,2.9420659398005666,0.4068047977309998,0.07511876865352178,0.02658829077081659,0.3646417617371364,0.12684638110752547
0.04214640135282875,0.0072050618907678774,5.849554381598381,0.19490358035334043,0.32726399101819015,0.06234160766880401,0.12535601092713505,0.2901348100325304
0.041411105537860225,0.009160217630353676,4.5207556423811015,0.19531067822072115,0.2817224522179396,0.189823416107444,0.09121881664310154,0.24192463681079376
0.04077826613988357,0.01000785974521753,4.074624063288891,0.25345018177302736,0.3116517663190383,0.15894950172650157,0.16785301273871242,0.10809553744272048
0.04302375277900582,0.009265537160506283,4.643417001487147,0.07210587551068026,0.2673610513395464,0.26219043485959254,0.1421002328949418,0.25624240539523896
0.043053704905415435,0.007645810394782442,5.631019170289078,0.10870703641279335,0.2594383002108632,0.19377672422542358,0.21886547771212775,0.21921246143879203
0.041779047058601824,0.008705761722772017,4.799011090473412,0.2182897279848753,0.29261727942445553,0.13458416171022386,0.29153959185649847,0.06296923902394688
0.04344590233935699,0.009330193935367721,4.656484381816304,0.0702989240343159,0.25219345258360887,0.26372012943051026,0.31721833687422674,0.09656915707733835
0.044458150541887446,0.009236660601085711,4.813227687142869,0.017156202807610675,0.15527684808125491,0.26783779599288104,0.2972503653319789,0.2624787877862744
0.043118319393440366,0.006284679274371285,6.860862346512327,0.1603614718872508,0.28258276071306443,0.0700321269689207,0.30149643142486593,0.1855272090058982
0.04049748833155509,0.013866508467718513,2.9205252660274206,0.18567521787222122,0.2773663412805812,0.37386879638685416,0.114506378675755,0.0485832657845885
0.04053145266293173,0.01041662635018604,3.8910345154319415,0.2358409576334179,0.3064043558674219,0.20491256814849984,0.04586836206965379,0.20697375628100662
0.044731598173841924,0.004266401227801049,10.484620593665328,0.0925203376730094,0.24077602616321528,0.02506539863679817,0.38671871940638025,0.254919518120597
0.042330819880759096,0.01478981525177443,2.8621601527903056,0.06561505918934406,0.2079209576695521,0.4357006594324901,0.19450098234131305,0.09626234136730052
0.041766343339504845,0.010035310000884392,4.161938528637786,0.1645249912971337,0.22746932225931163,0.2506968335449131,0.14256999786639366,0.21473885503224793
0.03868749456580089,0.013623117213301669,2.8398415693015,0.34962911279819886,0.2823158896790727,0.22122080286817894,0.025148025844917734,0.12168616880963176
0.04144510015061889,0.013834390320435909,2.9958024308015183,0.13236564016805674,0.16348792696714923,0.3935570859407096,0.08644968120545686,0.22413966571862765
0.04092361566016548,0.010940104404560008,3.7406969939983274,0.31816648972167344,0.19862398793243782,0.06705728150949354,0.30820722115870997,0.10794501967768506
0.04521441983208552,0.005397809633103626,8.376438389897086,0.027219251616066566,0.2452719958505065,0.1368366586154726,0.465605362152418,0.12506673176553637
0.03949984402831388,0.014733106782264522,2.6810261143198364,0.2964132327305899,0.013077410918799624,0.33593117414712664,0.015254812851333193,0.3393233693521507
0.04312865368932954,0.011806189499577596,3.6530545008508124,0.030602475313873768,0.36236607190307385,0.34523514313934967,0.2468520270697226,0.014944282573980075
0.042219309157164375,0.008328082683626652,5.069511286213482,0.18291395474501873,0.18194323596250403,0.16408335186567663,0.18597146829516878,0.2850879891316318
0.03920843256701231,0.013587332072462535,2.8856608757267437,0.4043287051142539,0.21140116861412261,0.03728514044966227,0.054411989535926394,0.2925729962860349
0.03894446970235234,0.01458216283611321,2.6706922793308183,0.4356320443947362,0.19344875009117898,0.04349328210037366,0.15662242691206676,0.17080349650164442
0.038247011872346234,0.015269573327530579,2.5047858936168197,0.4557572399743157,0.3139843459730522,0.05390183984180983,0.15414998339834243,0.022206590812479794
0.041743469125134616,0.008677570116921688,4.810502083265544,0.2491023992037754,0.2566086355466348,0.0219314703100611,0.12798021212449176,0.344377282815037
0.041920205283631565,0.008979246444638945,4.66856606977972,0.22962650610017185,0.159472508234536,0.1345914508094858,0.2757386254620537,0.2005709093937527
0.03856635151561261,0.015170712564564943,2.5421582111900354,0.4461155322396808,0.033523090083532284,0.09934959879905718,0.014569182523111752,0.4064425963546179
0.04112921057570171,0.013097771420850052,3.140168602288251,0.22938662293637477,0.05869931882675755,0.32189019437433813,0.3158126873935977,0.07421117646893183
0.04149092083452183,0.009959772273924028,4.165850352136105,0.29023659246301575,0.29969859504596696,0.001801841911503751,0.30897385847010056,0.09928911210941287
0.040506083933965834,0.011858656154466272,3.415739811185116,0.2526415767576705,0.2350353456542823,0.25375573126283474,0.2123439986108131,0.04622334771439937
0.04288839662445779,0.006929944040234964,6.188851796702767,0.14782859578864815,0.2906645142641674,0.13256445813113282,0.29111611693187694,0.1378263148841748
0.043303708168489906,0.009484644054327366,4.565665081414689,0.06993962385425,0.2039064525648765,0.27004252926576866,0.2035254761774972,0.2525859181376076
0.04211231193535304,0.009185808169646235,4.584497211090232,0.15229527099545057,0.27059903018770265,0.22597096772651165,0.19977096145674242,0.1513637696335928
0.040935237353631415,0.012224542832536016,3.3486108981254463,0.23111452903963156,0.02200575212175394,0.28762493605703415,0.08818385389753787,0.37107092888404253
0.04022766513644514,0.012914307662352952,3.114968776352953,0.27082704466390844,0.1760146474488989,0.2824247721937079,0.22363889179383628,0.04709464389964857
0.04086459642726485,0.009729094356221261,4.200246696254315,0.28271430802162517,0.38004736824705354,0.015638900617824854,0.09347296867851967,0.22812645443497667
0.04212359297931128,0.009698089736112952,4.343493834920386,0.16620759737174728,0.2552218230057823,0.23474508033233576,0.3154421624973327,0.02838333679280196
0.0414614002808399,0.008865007178742834,4.676973119690088,0.2013049304052925,0.3929340759324289,0.16573558045992298,0.23016675356475538,0.00985865963760029
0.0438099294965945,0.006676293638160836,6.562013576841884,0.09288978679734804,0.19212239397940167,0.1653183756016561,0.2961278748576191,0.25354156876397504
0.04006381734567145,0.01079210972357798,3.712324871766484,0.3090464509529566,0.3000898519359513,0.08468660209788244,0.006192542132763184,0.29998455288044645
0.04308240070633651,0.00709247347505873,6.074383056607732,0.18206190094107744,0.19201290587059422,0.08762026721584426,0.3833552776541066,0.15494964831837751
0.04281234123426419,0.010754377097352594,3.9809224510830394,0.0729683859150374,0.20782485788173494,0.3098091925001053,0.11130377586521342,0.2980937878379088
0.040210204713529735,0.011377355325938211,3.5342312480878664,0.27119436600517643,0.23702767832443827,0.21105040479180695,0.08546074618683024,0.19526680469174795
0.038043631624503124,0.01766916926239361,2.153108109359377,0.3649487420813311,0.042406170782309655,0.3977591995755035,0.04461831582686377,0.1502675717339922
0.04097874661787881,0.009060275257291073,4.522903052520616,0.25721339311372465,0.3554376313906902,0.06091216851404597,0.05985982560339503,0.2665769813781442
0.04201339316846357,0.010944338934857158,3.8388242011267644,0.10926657494049104,0.24055797364646475,0.30627958142942024,0.028691627912292062,0.31520424207133174
0.04404149888350013,0.009418478383767487,4.676073680798011,0.01054660394522324,0.2522142853307488,0.2737624207735994,0.18729064599385759,0.2761860439565709
0.036583890545704205,0.020349558554490874,1.7977731776216164,0.6121140210065361,0.0330377301684041,0.0028379021056495726,0.015488045426530005,0.3365223012928802
0.039935487806125484,0.013352581609961651,2.9908439410946377,0.274116607541082,0.21171495693257159,0.2977507945604865,0.19770129388690028,0.01871634707895958
0.04245139704060614,0.00716317037814954,5.92634194072773,0.11074591774893067,0.4860533389962605,0.1693574133616909,0.15902641241397686,0.07481691747914106
0.03612651749706377,0.019530064968723344,1.849789929266442,0.5003390976619858,0.1168095449828922,0.3278475198210217,0.021311980008027913,0.03369185752607243
0.04108279754694642,0.010147977760095739,4.04837284020209,0.220678748438354,0.19556021387741596,0.20941336694649315,0.07111285618983186,0.3032348145479051
0.041476543358037195,0.008260826109152552,5.020871134435745,0.22951210536323544,0.39851887646356254,0.06747995219985749,0.16651034588629737,0.13797872008704729
0.038531960852326394,0.013586094178079232,2.8361323237768064,0.34627825528193895,0.34283714560942613,0.2231295596107563,0.007405493850867655,0.08034954564701073
0.043419907517303596,0.006539633383331033,6.639501784301431,0.030296093710796883,0.5105121296490237,0.1746509508851189,0.07107426328139228,0.21346656247366824
0.04489192371875665,0.004493750270820268,9.989857249135095,0.025875666763104294,0.3277112838832024,0.10546139993625556,0.3123811176728975,0.22857053174454017
0.040873340660578954,0.012182728634696008,3.355023483341247,0.23337106995925155,0.19601814753395455,0.283364513346426,0.28290908332555165,0.00433718583481633
0.04013758562477812,0.01188870019152774,3.3761121887303895,0.333634410872829,0.13523623837196672,0.12983716701669357,0.14943272254331316,0.25185946119519753
0.041555920190832416,0.009435674171805191,4.40412835735744,0.27258845683626526,0.2710032600024303,0.04600791915552296,0.30203816860602045,0.10836219539976105
0.04097344067508403,0.011848038496507916,3.4582467542758675,0.23821639183780124,0.09313583929543423,0.2675283303462744,0.19058887206646724,0.210530566454023
0.036281908243043635,0.019034862243824707,1.906076743729218,0.5000108030275254,0.12605625450169267,0.29928911603810143,0.021485958138431138,0.05315786829424948
0.041984403904162026,0.010571149091755121,3.9716026649276386,0.1270108856133985,0.23646551406699853,0.2881557831073695,0.08883602512038806,0.2595317920918453
0.04424001936656705,0.006322955726189199,6.9967308458808715,0.1640195547326061,0.004428341402922748,0.039791136781488476,0.42820709329425005,0.36355387378873255
0.04269528939485802,0.012227787018574021,3.491661191841486,0.15621267876619438,0.003782407951956049,0.32811442520795336,0.47229514751304097,0.0395953405608551
0.040510630868399365,0.010399238592787012,3.8955381691595994,0.2609497485228507,0.22483296025705599,0.16984636195227573,0.01712844796939015,0.3272424812984274
0.04253888799362894,0.009986147093943807,4.259789846218774,0.14418263903209483,0.12067750262700547,0.26015738031512636,0.2553565851918655,0.2196258928339077
0.04025575973254743,0.012749767859126534,3.1573719755008374,0.2849904154571398,0.042722612832834544,0.2614710676199718,0.11272134118028655,0.2980945629097674
0.04288604664573019,0.0089826180369,4.774337110801901,0.1765845155753768,0.02590065394196487,0.19764158397250361,0.3609501579810949,0.2389230885290599
0.03999506205409893,0.013550055641697274,2.951652975580635,0.3966942722032265,0.018324082710808175,0.0920336613148681,0.29278432316258696,0.2001636606085102
0.04117192651549145,0.009720782353604898,4.235454001315344,0.20849456315401044,0.295052162935987,0.2022677705262457,0.12793442761674495,0.1662510757670118
0.04026835753848752,0.01169970329777574,3.4418272424175953,0.26575557107090136,0.19593060144241256,0.23383351642206165,0.08778250697796759,0.21669780408665687
0.043407789778361995,0.01090226715372823,3.9815378917327213,0.05001864120709193,0.2689692980880535,0.3162442079223507,0.32294314389729817,0.04182470888520579
0.04047749985658152,0.012259016867785471,3.301855303172739,0.3210392621291027,0.04252886303665901,0.1850675097869564,0.2640329521503957,0.1873314128968861
0.042611779473870584,0.008999607731937,4.734848533748168,0.12157296437858756,0.24457727784392183,0.23637164487916454,0.2084789236379752,0.18899918926035092
0.04151178335470091,0.00991833376791973,4.185358581999766,0.28942089238313756,0.16528376071550402,0.028201562153370795,0.22040777933673514,0.29668600541125245
0.043051225097342646,0.011389091693508477,3.7800402574580083,0.10556339117443446,0.04966630579508945,0.32175784995839996,0.304787979321773,0.2182244737503032
0.0406276363342477,0.01010996217292717,4.018574514852478,0.24522732991535182,0.30202819721534174,0.1774683324663673,0.07612443167698542,0.19915170872595375
0.04183217720076708,0.009522606754014114,4.392933393278405,0.2769993369383526,0.2090224316788065,0.007947322553528507,0.27776829185790125,0.22826261697141118
0.04318084530723432,0.007364667638068445,5.8632442669958005,0.10357510836696755,0.2545338115793462,0.18601853170232838,0.2127639396940393,0.2431086086573186
0.045063321233128936,0.005109178751189034,8.8200713710871,0.013424093589999964,0.2626651775799738,0.13103971422230315,0.294770006671682,0.29810100793604116
0.039988916441317496,0.012208105627098164,3.275603739252931,0.26685015919371374,0.2509355122136482,0.25579263365431915,0.09550243549223143,0.13091925944608757
0.0434410988520683,0.009204971114598457,4.719308546571502,0.04695260110940273,0.3389550167968879,0.2636279447847866,0.2500427695175653,0.1004216677913576
0.0418024317314936,0.011282200309828272,3.705166597253039,0.17806963153362168,0.13160505589000637,0.28815731999390737,0.24988167897775482,0.1522863136047098
0.04109944269489641,0.011313804336625427,3.6326810568791537,0.33245181907807836,0.06764748613895163,0.0416977527938894,0.25933522389569064,0.29886771809338997
0.042629724995520396,0.014211538026627774,2.9996559778150846,0.041510104689763155,0.15722897831114432,0.4203457724371995,0.04914622350524522,0.3317689210566478
0.04009642969584318,0.010254185649030422,3.910250025523428,0.2542959913543112,0.48625254504052084,0.16651863658013016,0.08897223756320283,0.003960589461834926
0.04363363134278501,0.006748487477153711,6.465690495907719,0.049653214128087514,0.30658244284789204,0.1816638891854299,0.08114045535805284,0.38095999848053763
0.0415811702500441,0.010330592313444135,4.025051902970826,0.2903117147638763,0.0421584688349347,0.0991462498640566,0.3131311932512215,0.2552523732859109
0.03735525061527271,0.018073475051323826,2.066854908045841,0.42779446271007737,0.034497649503089624,0.3508204816484185,0.034570933354270604,0.15231647278414384
0.04078813352965849,0.01051099115506095,3.8805221056645416,0.30710826086506415,0.2908833375087739,0.0008664287219526524,0.08261745463646973,0.31852451826773953
0.043811148125810176,0.005461396409074286,8.021968164225644,0.07961364130805391,0.20598276264822915,0.11605550469371877,0.07034067672376314,0.528007414626235
0.042885118020866315,0.011903856716070605,3.6026238423191006,0.030963802472835537,0.27058481553688923,0.3496430196944624,0.029070124416725678,0.31973823787908723
0.04279578525907128,0.00929176054490117,4.605777888083368,0.10578928427305591,0.263960656246234,0.2525966814235196,0.25140770847688404,0.1262456695803065
0.037782528016084546,0.015067939104609794,2.5074781463993037,0.4157007619257939,0.3183813451056114,0.19137972532938866,0.04076911525088004,0.03376905238832592
0.042995645861661616,0.012352164758618068,3.480818682544182,0.0958770056100656,0.1142525533138628,0.3537313327386842,0.3813462335465241,0.05479287479086325
0.04155366884424201,0.009393732578375802,4.423552458784891,0.2470374887738108,0.18513762217090068,0.13065237517997677,0.25016051660797145,0.18701199726734039
0.041845722228905084,0.009979827177614788,4.193030749346739,0.2730493388923929,0.09637110855592877,0.11243114802918189,0.41924206278047194,0.09890634174202449
0.044556557612035586,0.008055072085185773,5.531490859526924,0.015406878291658448,0.12696485730605553,0.22917910630808694,0.18216065054103286,0.44628850755316624
0.041754398151187574,0.00948734311821541,4.401063356823303,0.16182340944609114,0.3437134695904004,0.22990050321440397,0.20262995900252903,0.06193265874657538
0.04300019723515593,0.008623597041167363,4.986341201923213,0.08276790941905178,0.26481597769762616,0.23818386156211063,0.13663445010655872,0.2775978012146528
0.04136684923520591,0.010780895526065119,3.8370513038729213,0.26052146299611706,0.0356459150313341,0.1927026400033238,0.2540542132509024,0.2570757687183227
0.04247400340248885,0.013038276563561019,3.2576393970038886,0.08383301700564348,0.20614833775653268,0.37908786444719805,0.23094724966425667,0.09998353112636901
0.040574168666121506,0.01121287700288546,3.618533285942615,0.3241806501947114,0.2616300271371605,0.07990560589965695,0.30231165223292045,0.03197206453555075
0.04206630882842484,0.010284906566140636,4.090101213647683,0.12081972230795135,0.24997790174418608,0.28074157411247935,0.07735249137872101,0.27110831045666234
0.03867194411787749,0.015585438051266406,2.4812869545707237,0.3189441969200113,0.21705623834218057,0.35128366443374165,0.08804672269073198,0.024669177613334443
0.03705820102286189,0.016635864424095113,2.2276089825057364,0.46840127598709175,0.2726355020806452,0.19240115789614567,0.03067323350594918,0.035888830530168225
0.043065488728666015,0.014001002080732267,3.0758861744568535,0.03871458336330415,0.07837215430782137,0.4141329074747312,0.1200933682342443,0.3486869866198989
0.0424839920233977,0.01775371273841082,2.3929638070284867,0.011310191388013853,0.18748486166406947,0.5279347783153365,0.10780211921206673,0.16546804942051327
0.04131908075258277,0.011828706021212158,3.4931192539983806,0.3484672297906224,0.05117999159300287,0.02242258375489615,0.40726579920118766,0.17066439566029099
0.041044614620071425,0.010864604780633934,3.7778285955908033,0.30737359904926764,0.05939167277671108,0.10287228264956168,0.2149142964955937,0.31544814902886587
0.04261590785565301,0.009525962052544952,4.473659208443704,0.09874349468269808,0.2978770684380048,0.2630296272933961,0.1857225630489808,0.15462724653692025
0.04240684116664152,0.007802133008055369,5.435288160668149,0.2190589455238547,0.2587027535042867,0.0477159635457098,0.30147843756750414,0.1730438998586447
0.04035666076481702,0.011209686626817794,3.6001595859306788,0.3302409636385342,0.3373723946785091,0.010845157165109132,0.13574831219523578,0.1857931723226118
0.042857957626265854,0.006534944706281718,6.558273949138181,0.17586869206994155,0.26804013187048487,0.04598958712770642,0.2028838618587261,0.30721772707314104
0.03812789224906444,0.017267843390813355,2.208028610529837,0.3777485171552143,0.0038224458824248266,0.3686054930878655,0.046317913775577556,0.2035056300989179
0.04254772879115677,0.0064019744626606905,6.64603225759725,0.17244385929999695,0.4244367888958896,0.025916358778344018,0.16681835884058113,0.21038463418518835
0.0404555272129352,0.011684515908852035,3.462319494322108,0.2795107044580446,0.17816669525419476,0.21619773443801477,0.2063695914705529,0.11975527437919284
0.045390077728032066,0.009096002265603266,4.990112843273539,0.007921942238761208,0.06046702511929443,0.25922805355421724,0.5318341348107496,0.14054884427697742
0.04124683941420154,0.010437976069258025,3.9516127590751933,0.1909816921279584,0.2260639280981718,0.2479947667228176,0.08026497071769562,0.2546946423333566
0.04105136282771377,0.011135262287040421,3.686609418755288,0.20637029244096813,0.1725709178167189,0.2642134902568232,0.08102735067491292,0.2758179488105768
0.040701737147365184,0.01206154336947321,3.3745048954827777,0.2196462846996048,0.27013519670754854,0.2891799829204703,0.20862439242831002,0.01241414324406623
0.04325639851924942,0.007788381125684508,5.553965300516503,0.09675586083422938,0.28532065110315874,0.2037353270779772,0.28923206153242337,0.12495609945221123
0.04063036327460755,0.012039202999494696,3.374838290899561,0.19953781901011253,0.3410153591309605,0.30125976582986574,0.14924044956188542,0.008946606467175744
0.0401048072026479,0.011453325818081577,3.5015861628011753,0.3071227220067112,0.27433511484380824,0.1566980546161414,0.19056608643034784,0.07127802210299139
0.04296698358378653,0.008019619765075307,5.357733264475171,0.20659720509550655,0.08181419544015857,0.10556411146436347,0.42430747239315064,0.18171701560682077
0.0389322975132799,0.014513522439331307,2.6824843986718405,0.4335475875940966,0.2521814916027081,0.03766374809181259,0.19238339698796292,0.08422377572341991
0.04210989784137519,0.00868113770326064,4.850734924474092,0.17303288967410968,0.22737385849195502,0.19037148195035863,0.19420399254434678,0.21501777733922997
0.03945956141031294,0.013643659305202973,2.8921538223447976,0.305022106738791,0.22329767565681755,0.2805201168680892,0.163359302130769,0.027800798605533153
0.041549452587208976,0.009475655934375663,4.3848629451050884,0.2655134549464022,0.27156488485032837,0.08418800867921288,0.3589733182544737,0.01976033326958293
0.04243152462196964,0.007384665874210866,5.745896340435839,0.19612557708954634,0.2580896088073766,0.08238526138158182,0.24316272368620892,0.22023682903528627
0.04132037396498871,0.009425065568021505,4.384094059269512,0.21124351637766142,0.2707696838685601,0.18567875137007092,0.1404905246769071,0.19181752370680047
0.04267062220532423,0.0074264556193541125,5.745758729658354,0.2058954011929963,0.1624305737501224,0.04111951826836448,0.18898914853630705,0.4015653582522098
0.040865992870143586,0.00999766138159262,4.087555210199934,0.2887449908914267,0.29782051547638494,0.0630749454060351,0.17452064006492402,0.17583890816122924
0.044201341390340945,0.006288373034487489,7.0290584143030905,0.07594648751983794,0.25091300849657827,0.1564950172661788,0.40655187102153073,0.11009361569587423
0.03957370935705193,0.012493391500444888,3.1675713800886425,0.28373641348858514,0.3047693722336087,0.2500640217699352,0.07295160686930365,0.08847858563856732
0.041373354851618346,0.011336560823278856,3.6495508202682583,0.33263187114954607,0.025973329343702223,0.04010481712197895,0.3351843204316151,0.2661056619531577
0.040990022648925734,0.011548015594767563,3.5495295544542236,0.29096928093153207,0.06245517905297578,0.19060725928979008,0.3277617669936989,0.1282065137320031
0.043020442708941176,0.011091971258270269,3.878520932594805,0.09717279127227504,0.0055175283287487425,0.31382330498155914,0.14810960673778392,0.43537676867963315
0.04330810084677454,0.01109159382137807,3.904587703464401,0.0930989239763493,0.04977299747083464,0.31538245381572644,0.31680413318459866,0.22494149155249085
0.03844454996048406,0.01523062210780265,2.52416150097959,0.41566364427583147,0.0724573159194062,0.20610718037687634,0.09140751348518751,0.21436434594269835
0.04161610663844663,0.009079830812167669,4.583357058005735,0.2616465787625819,0.2794219263161651,0.0013771863152009939,0.1288107496977275,0.32874355890832446
0.04046533663336557,0.011430454975873508,3.5401335046397167,0.28822046192148154,0.14486265105823135,0.19024819082945843,0.15775854691959326,0.21891014927123545
0.041053273738876,0.010930928221858345,3.7556987755882107,0.22678368708444208,0.2586091920732412,0.23699786905342343,0.26332887331929034,0.01428037846960297
0.04362761632403803,0.013576400814141878,3.2134891214019885,0.024610868806487333,0.16782466435063267,0.40015474239051935,0.357600218397284,0.04980950605507669
0.0428670301571775,0.0072755347895552625,5.891942159182207,0.15107325169506922,0.18458215547400986,0.14690839833545988,0.21296901145807165,0.3044671830373894
0.04355483685303628,0.009626089544375905,4.5246656653514545,0.0520433636269867,0.2781069399503915,0.2764008794525249,0.3033775405434215,0.09007127642667546
0.04070466619219131,0.013356540015118929,3.047545707654504,0.264067331207691,0.018342361065508996,0.3065780727547029,0.2743269817845777,0.13668525318751937
0.04166099728185242,0.009085877548048316,4.585247496627486,0.23671900041839647,0.1983717904670661,0.12914025290996586,0.2370830702194509,0.19868588598512063
0.044123691158872325,0.00721847264806441,6.1126076540172,0.047519427326368026,0.20356149504069918,0.2000475891827398,0.2248745634419412,0.3239969250082518
0.0419931660699749,0.010460799479495568,4.014336203679899,0.22414522205079968,0.03525113898301827,0.21835948306483668,0.3588798673628055,0.1633642885385398
0.042622186884721316,0.015584829899763127,2.7348509517815867,0.018382783962694715,0.20566220199105592,0.4626400512222463,0.058332345438472856,0.25498261738553024
0.04361142298473723,0.005001526582289439,8.71962235273659,0.08548227337195341,0.3055900459396879,0.09086471206618188,0.07001179332625998,0.44805117529591687
0.03964989573180237,0.020769858911368715,1.9090113178428654,0.1609136429865246,0.1576487644228833,0.6034396228930698,0.044397268984709436,0.03360070071281278
0.042931569430128526,0.008532238883122323,5.031688636267761,0.1557932062260616,0.131834251456189,0.1966594891255982,0.35874259439451706,0.15697045879763424
0.042317664288878315,0.007774358421973885,5.443235569030273,0.17412760573212382,0.27786366447377,0.14605259404488224,0.2361126098130605,0.16584352593616342
0.042623993351705906,0.007617511637593507,5.595527172068949,0.21461687829527706,0.31407483737598685,0.00023703521876311935,0.30344429888917823,0.16762695022079477
0.04097594871946617,0.009603564526046457,4.2667437291989465,0.2605398158384414,0.19325132963609218,0.11203639351013057,0.02834296479632241,0.4058294962190134
0.04066699070472912,0.009657312815442397,4.211004808677329,0.2597386131763714,0.3636523972490861,0.12107232072834212,0.11573940599616946,0.13979726285003088
0.04325602612043679,0.010737405668972659,4.028536077893709,0.07608918224849044,0.16399963131240564,0.3083379492544509,0.28851888533232806,0.16305435185232492
0.04280685214633107,0.00857081141649133,4.994492360894238,0.12491167894619715,0.21908019904934625,0.21928446692277392,0.24489481733167376,0.191828837750009
0.04434245358784395,0.011950260019580446,3.7105848337349183,0.009655247551506586,0.027443125005905206,0.35140897419465605,0.2692960730158605,0.3421965802320716
0.0433292239299108,0.006866510827543715,6.3102243654963415,0.14187717109245065,0.22353869611072624,0.13453367690331242,0.3798156391078839,0.12023481678562668
0.03919443706326186,0.01408952198331866,2.781814536338866,0.41815808304181606,0.10550549293993344,0.06343474771022638,0.09380050555855829,0.3191011707494658
0.04128651017009229,0.009298109143214356,4.440312490870541,0.22301116604839263,0.263871767066482,0.16442690765965629,0.14090439675143454,0.2077857624740346
0.04310767095624413,0.011872766815120695,3.6308024597386916,0.02918624468748463,0.3705947335361357,0.34723551260093005,0.24245857558348116,0.010524933591968292
0.042946672395604735,0.012164601910641873,3.5304626251709887,0.07596497520304749,0.13890023665599147,0.3536151868723277,0.23987889221275244,0.19164070905588104
0.04132486824832714,0.008453331659083844,4.888589483404446,0.20664508231229275,0.32999473928562917,0.13692256310382075,0.039991869896196366,0.28644574540206114
0.04253024549042057,0.008416017268818618,5.053488381968431,0.1447012509575095,0.14319574027481416,0.19998377559634145,0.10675443063946657,0.40536480253186824
0.040153247142924495,0.012146751165903608,3.305677921157732,0.24215338701382874,0.28335747021651103,0.27576967478464154,0.08990446999642189,0.10881499798859685
0.0386337027820145,0.01772240685892194,2.1799354393314387,0.3102925078657993,0.007041616295040713,0.4416652284275309,0.004818458469546585,0.23618218894208243
0.04119981784862814,0.009936573877120759,4.1462800315400345,0.21403128677958763,0.29259132536235716,0.20616907618659788,0.19107214106231,0.09613617060914732
0.041469226042943744,0.009734183500332881,4.260164814185557,0.2184178492919648,0.277106555076119,0.19057429057456549,0.2881707559343205,0.025730549123030147
0.043104078585138345,0.006068222367417506,7.103246383418615,0.12149702370233383,0.34771132033247487,0.1171740479376163,0.22527921337264126,0.18833839465493368
0.04102854629304415,0.011241405924156104,3.6497700171897476,0.31995476636790804,0.055603568716981355,0.1022722544686373,0.294591773598963,0.22757763684751042
0.04275584977548012,0.007888681302826642,5.419898223060426,0.1837566652294549,0.1336261201757108,0.13918063035032285,0.31635848759774027,0.22707809664677114
0.04102473317895025,0.009719435223514058,4.22089681504331,0.2501243200289524,0.261724046621623,0.14726105176531995,0.16418934738198548,0.17670123420211917
0.041955087315422065,0.009035711949947919,4.6432519703844575,0.26091514124195275,0.20491913832983813,0.035646274170159475,0.2930211724946187,0.20549827376343094
0.041179927228755894,0.010228162806452078,4.026131379408527,0.26893858360611456,0.13130946063373666,0.14676055878637959,0.2129628389009524,0.2400285580728166
0.0439699963457875,0.01169409561834829,3.7600168307840427,0.0347233677119573,0.1802771801447088,0.3407143220230784,0.43913254586226147,0.005152584257993922
0.041782891402840826,0.00785850227314198,5.316902629861457,0.1743233161016542,0.30600992675143646,0.1467625727684144,0.017722889408146827,0.35518129497034806
0.042224675466998575,0.008745747805888358,4.828023446842298,0.22404815438569056,0.14354502085304005,0.12761114660292436,0.3400441945476549,0.1647514836106902
0.04066610690398848,0.012652043986595427,3.214192659073377,0.2654185551136016,0.09550716863118856,0.2761004893841994,0.2739425503218083,0.08903123654920207
0.04158542279787521,0.009297779750669264,4.472618615738004,0.22922767870285943,0.23837086147799302,0.15469842825199112,0.2704436507809192,0.10725938078623717
0.04054181848889209,0.009125798106642517,4.442550450396483,0.24922889592641592,0.5095782915918875,0.09195484184281157,0.07605588776846899,0.0731820828704161
0.04057636343567937,0.0121421841981245,3.3417680685446083,0.35614388830403837,0.05706002110650817,0.06788088581602675,0.24791273165278943,0.27100247312063724
0.04265316269914797,0.006862679286453849,6.215234738324502,0.18986840505793268,0.35399642588260055,0.01401652326317248,0.22364432184737476,0.21847432394891964
0.041307650261578524,0.010245074180636457,4.031952285875236,0.1523739536238821,0.4266257567407481,0.2622447889572763,0.11684497953446665,0.04191052114362688
0.044543885836365246,0.004862540385158187,9.160620233062836,0.046943260931498226,0.3932411879712496,0.10969408995720217,0.3974815752240572,0.052639885915992904
0.03978005874476444,0.011826799789316743,3.3635522248967242,0.3485415879254706,0.29519910622699264,0.041171967230759346,0.030483987568520138,0.28460335104825735
0.0444082197182611,0.009792109596224792,4.535102398709064,0.0277152157487004,0.09307994287954047,0.2844610805274487,0.32221061146207797,0.2725331493822325
0.04039877477641374,0.011642568388498073,3.469919473809963,0.2649442528922098,0.16669332232086373,0.23211053293011777,0.10247322770869655,0.2337786641481121
0.041013747869481657,0.01195031867631129,3.432021269088147,0.20376543066145608,0.17231638437422234,0.2974614353002029,0.14082546181419922,0.1856312878499195
0.04267944720506828,0.008398533569818114,5.08177372278963,0.20629933816970522,0.10539854393617264,0.13366036471711296,0.39600040035080813,0.15864135282620115
0.04080985888165847,0.012475401725033778,3.271226031925475,0.22839870300417855,0.19064333920236046,0.299129371847449,0.2547156825055888,0.027112903440423202
0.04257715539776488,0.006739078764654522,6.317948919231484,0.17339300706774147,0.3472883750340571,0.07871369244921021,0.24558961838972587,0.1550153070592654
0.04351554339907582,0.01083149907761645,4.017499617296901,0.022026619972781214,0.3391864593897245,0.3161300955138205,0.2542764321832169,0.0683803929404569
0.03801258672856622,0.01617643767762206,2.349873778523658,0.35286315066151636,0.22516687349692904,0.34484915523050697,0.01519891680783652,0.06192190380321124
0.04115899964416185,0.008970837996206554,4.588088611294343,0.25408023030301047,0.34034328539156233,0.06594756813922721,0.11896458368717404,0.22066433247902592
0.04104114712814065,0.010574064524903821,3.8813028832462084,0.23382392010152142,0.1870442295836652,0.21602429732419182,0.15788759767049937,0.20521995532012224
0.04150658761768303,0.011918666979970932,3.4824857249081607,0.20886799358232602,0.05114489505555459,0.29228929392934805,0.2477666720402763,0.1999311453924951
0.042814949210791084,0.009275852532648102,4.615742764354634,0.08670535803560554,0.24726126976490648,0.25867745380352153,0.11482868500847256,0.29252723338749387
0.04121881132425467,0.011143535548104953,3.698898894908112,0.3035120255531878,0.08829545374894955,0.1366991142871024,0.40593580431198517,0.06555760209877529
0.04238284876621977,0.007890475306648591,5.371393625743631,0.18370848552424834,0.20331751810372226,0.14050700545829428,0.22844212940048117,0.244024861513254
0.04220604231984215,0.009310561311229738,4.533136178259867,0.24439649293849325,0.048666862692256056,0.12627910090697084,0.3590836592442485,0.22157388421803118
0.03959260456348947,0.012565766600477283,3.150830810591821,0.2853182729114005,0.27770674888119506,0.25214631023865147,0.06573999682543559,0.1190886711433173
0.042760292306361275,0.008302380729980624,5.150365141886364,0.11802370302784028,0.25750395694837264,0.21308981867524984,0.20144286938847983,0.20993965196005726
0.03682249621470319,0.018723811458275116,1.9666132772571385,0.5306620910295801,0.041794439603094646,0.21209595212657006,0.14795852027927314,0.06748899696148214
0.04100820201833454,0.00815985507570856,5.025604209615647,0.21911600187290745,0.5402720081378412,0.07896420806370134,0.07642015970720585,0.08522762221834433
0.043745719320871554,0.0060225115943767565,7.263700307645253,0.1534135364861099,0.11496967499598845,0.007937924640287405,0.1572119631154916,0.5664669007621227
0.04160784222028424,0.010889682531243504,3.8208498825294037,0.18362422257901967,0.11528629557773558,0.2705163517198957,0.12516880494346416,0.305404325179885
0.04210656625575501,0.010776842919598665,3.9071337097416916,0.12702409854458804,0.28433494984625046,0.29418791430008995,0.2260692420229639,0.06838379528610772
0.04043717766188129,0.013538136162056262,2.9869087722145813,0.20883349916345043,0.13459123051741248,0.3517779869249063,0.012856193222966503,0.29194109017126435
0.042691759048820895,0.007284477697619911,5.860647917526024,0.1492014182610202,0.2220315892324714,0.14909439412067094,0.16838698100557697,0.31128561738026045
0.04240027494385458,0.009238368068600854,4.589584938487526,0.2668523733814363,0.10938104843987675,0.019554853818444656,0.3835997066670864,0.22061201769315594
0.040510299351376,0.012237907957960412,3.3102307592553184,0.26126794231793404,0.20627600647009206,0.26135661059627036,0.2647483526371765,0.006351087978527179
0.0420668674647131,0.008820926757343396,4.768985008258067,0.2523794770452755,0.2376363435103189,0.045348262973938604,0.35300901223437753,0.11162690423608944
0.04323165431073178,0.011129946924300723,3.884264193240792,0.020567404320816378,0.30295809259938883,0.32633472784619155,0.0907920182988607,0.2593477569347425
0.044818537739148914,0.0070048275777647995,6.398235679835285,0.0020832328634514154,0.3034583318985363,0.19559543026980056,0.33347516525703125,0.16538783971118043
0.04204967413625034,0.006998344663652039,6.00851717901916,0.19186550751968276,0.45949521467152654,0.021120709089791054,0.10228706339384513,0.2252315053251545
0.04066415880055023,0.012518260222954944,3.248387401787964,0.2729120336535501,0.002339723402232611,0.2632142920999342,0.17321576146181555,0.28831818938246745
0.03904401659547787,0.014073896439158969,2.774215141077951,0.3651650930695789,0.17750354214220015,0.2232840166444132,0.1863281125447291,0.04771923559907855
0.041640112314860686,0.009722341799615558,4.282930303531113,0.20308109546275202,0.22665940340190624,0.20778063756914145,0.24263749724084535,0.11984136632535496
0.0403479618078649,0.014681297111704699,2.7482559273115856,0.247120719355079,0.06377328085583846,0.37004671934007843,0.21993277584125795,0.09912650460774593
0.041579602637307825,0.010394214679413276,4.000263985278287,0.20190979634894768,0.14703511797754418,0.2380864243583279,0.19303568536093837,0.2199329759542419
0.03895860071964709,0.015541725386220015,2.506710146493099,0.276039790575952,0.26122328194839217,0.38242428814867807,0.05302851062405599,0.027284128702921864
0.03881859202715666,0.014160153532471858,2.7413962665121128,0.3086294920097777,0.28748112011029103,0.2998317346615131,0.0195662755812819,0.08449137763713636
0.040043580957542055,0.012528650845638614,3.196160660146559,0.3384678460204689,0.033593495266593366,0.1694829554981441,0.12813169055505255,0.33032401265974115
0.04074428015031026,0.011237030124611105,3.625894003885689,0.23804265315921055,0.13341946564812096,0.24090290045991045,0.05166613833541265,0.3359688423973454
0.039589050596339145,0.012419768238430762,3.1875836840367016,0.3066366493042209,0.29789445344790316,0.21712917864182188,0.14591712978020216,0.03242258882585194
0.04055601316065821,0.011031863981762254,3.6762611674423225,0.2938218349769947,0.12923805367376295,0.15386232724223048,0.11658361981811187,0.30649416428890003
0.04064042729873427,0.011923868500239803,3.408325687080241,0.2865893078867121,0.03446975801352542,0.21891810883048535,0.17444859300327895,0.2855742322659982
0.039931017414459834,0.012499225258638547,3.1946793971780325,0.28635588851361427,0.21371021364726145,0.24834401329524924,0.14431998897150888,0.10726989557236626
0.040656745059667404,0.01026210758554047,3.9618318869462676,0.2875108000589419,0.3349490025986025,0.10169521136274708,0.22498664458894999,0.050858341390758385
0.04414206001589013,0.004478367713174391,9.856729693283945,0.08914825970867286,0.36337029398099496,0.059636868964871984,0.3343163584033857,0.15352821894207444
0.04157837125485493,0.009968822737351392,4.1708406649732295,0.1927811948520738,0.26448854867222205,0.2268842966534152,0.23997104211105524,0.07587491771123384
0.043022551986341334,0.008578329047904424,5.015260168511627,0.10631667629670033,0.2154091309127603,0.22847332138815052,0.2322411647089576,0.21755970669343133
0.04291958676264027,0.011770104196241186,3.6464916577668665,0.08358625368880616,0.10432344714745874,0.33995678669321683,0.1998730354018234,0.2722604770686949
0.04149191829816665,0.009992177142604261,4.152440224588793,0.16933302403283468,0.2612647285463532,0.24551821300040658,0.07386465780050716,0.2500193766198984
0.041467477436794305,0.013631260753440202,3.0420867289424356,0.13594622801737435,0.1998058829518168,0.3856893794781395,0.1468113092798201,0.13174720027284909
0.042072757133580004,0.00784081421281936,5.365865838880997,0.22086789785937055,0.3302088611005028,0.04329018679703074,0.23157138285299209,0.1740616713901038
0.04305819061088112,0.007314254880302393,5.8868868142452495,0.12607316748658592,0.23023146839683364,0.1703531270251338,0.24495444267137775,0.22838779442006887
0.04122891364534028,0.010210105032932279,4.038049903733419,0.2992402464323109,0.24630902489417214,0.020291140633919857,0.23680540555660617,0.1973541824829909
0.04270636041139946,0.012295486150135496,3.4733364659134556,0.04320604887907973,0.29135421720694493,0.3612777651798877,0.09488765503630521,0.2092743136977825
0.04092103318827149,0.01232606823632428,3.319877223109908,0.19569488320918288,0.14903947761499428,0.3160073559816063,0.06092963780894594,0.2783286453852705
0.038478991102788365,0.014693823021488965,2.618718834881488,0.3680102818764419,0.211902709834532,0.25515447259853624,0.07262973903220443,0.09230279665828542
0.0405682209627312,0.01429048404892619,2.838827629899602,0.23781668055825148,0.10050098627217231,0.36073653247653165,0.27563783751355986,0.02530796317948467
0.04268001527563918,0.006924019734726839,6.164051650745758,0.15510863244076228,0.3720535146492066,0.12024803703784102,0.3119355558588874,0.04065426001330253
0.03993521792459939,0.012397454441892424,3.2212433699013,0.331775656923404,0.1602112486501479,0.1752644957839387,0.20316918718728333,0.12957941145522622
0.039264582884484756,0.014309191538663429,2.744011272641915,0.42015462678002397,0.00844819631158153,0.09396422817550289,0.10938313796693812,0.3680498107659535
0.03968229176925103,0.015006815563747989,2.644284631918291,0.32950575586794745,0.02354552205304623,0.3153938450684572,0.3032048055572675,0.028350071453281656
0.0449374128625028,0.004269982698451514,10.52402691907841,0.07658050302922736,0.1871601062508177,0.06131085239781296,0.4054358215637275,0.2695127167584145
0.043355466917673606,0.006119510335193421,7.0847934790363025,0.13904871443399508,0.2454034093756163,0.09914857382222071,0.2950237688832329,0.22137553348493505
0.04368254619347093,0.006091138990751384,7.171490629223417,0.13501548985917247,0.21036091861078615,0.10109387035465738,0.38379687869959667,0.16973284247578724
0.04123885417658181,0.009443912758717218,4.366712741868165,0.24153389492409263,0.2634164796717453,0.14430839620091043,0.19661435690901902,0.15412687229423244
0.04455838240606924,0.00567557041292362,7.850908219657902,0.03001931442309287,0.31223846369619773,0.14970260542717093,0.29310752287938013,0.21493209357415832
0.04392246067644268,0.005331430526965904,8.238400642057842,0.0656196040214719,0.2601636942300582,0.1221729204224276,0.10596104793141525,0.44608273339462706
0.04403205290018589,0.007217587330016209,6.100660911585674,0.01343013617278969,0.43222534584571226,0.20128363618452602,0.21910443458402587,0.13395644721294617
0.044474750837402204,0.005909837697359043,7.525545220518804,0.03894373393251667,0.26757086142049746,0.15681667029096277,0.2838686372248022,0.2528000971312209
0.04316381356985311,0.0066730856009121695,6.468344054203783,0.10866970816281546,0.23128302599058045,0.15433583805766132,0.12009886241114472,0.385612565377798
0.04473868453638696,0.00833173693671477,5.369670799283249,0.005343624632982629,0.1206734107317645,0.23834885260893765,0.21369216588945333,0.42194194613686187
0.039428273690014067,0.012682375571122966,3.1089028604222984,0.32765757194283923,0.29190553910974276,0.19965637320640656,0.16657771861809736,0.014202797122914052
0.04118217649690771,0.010087413457285813,4.082530836203919,0.280039003580922,0.146794539723328,0.10939133719659991,0.20675167547511036,0.2570234440240398
0.04095851609892198,0.01313165543037786,3.1190672277442943,0.19540886632517088,0.05588338580465548,0.34432164669700044,0.04215989908873101,0.36222620208444206
0.04213595465961152,0.009755299837180608,4.3192885265317775,0.12606032201125397,0.2696899436531411,0.26058081364433316,0.11574425453175079,0.22792466615952103
0.04395731262215151,0.010958779076363348,4.011150541118369,0.07822840008961929,0.07209520981547052,0.3101830264093553,0.5313709195006339,0.008122444184921002
0.04122661070454383,0.010768724850815817,3.828365129175028,0.16566145477017857,0.3137323165864117,0.2760446140329972,0.07475403836463115,0.16980757624578136
0.043489534739705085,0.012220177794679763,3.5588299507916243,0.06597697589835204,0.10133150414108641,0.3552723958534548,0.3840549365605636,0.0933641875465431
0.04080604610947549,0.012859196234488397,3.1732967881797753,0.16584115242206623,0.30018536902287213,0.3486682911885452,0.06979417335642975,0.11551101401008683
0.042281788177584975,0.0113129685032449,3.737461848802751,0.15210060355468102,0.08428745807503181,0.302511392880656,0.2690756796158847,0.19202486587374643
0.0427412430864807,0.0069817007097789765,6.121895633053252,0.18284662316404204,0.35120900736771515,0.0701563363731575,0.3750459487583316,0.02074208433675381
0.03890874386099299,0.014902414306308228,2.610902036492357,0.34105980608736436,0.0512701034081314,0.29995235399883946,0.00666502907767278,0.30105270742799195
0.03940199261879922,0.01578814266479208,2.4956699122479153,0.2893190408999799,0.009428602620208858,0.38350425219327416,0.050306336640494526,0.26744176764604266
0.042553698624340074,0.009764966503182539,4.357792585409405,0.10484520301112293,0.23974158370103546,0.2694431541315407,0.14661628686059444,0.23935377229570656
0.03965219104147006,0.012309646194396872,3.2212291413801166,0.3497065806366882,0.2629406585006485,0.12284434767681167,0.17676072008899302,0.0877476930968587
0.04200560521139898,0.011234065124499261,3.7391277997661874,0.16640881037536923,0.08926177507475226,0.29304324285176064,0.22140878498131314,0.22987738671680463
0.04387404805824718,0.011386769326338886,3.8530725266174963,0.046431143846852596,0.0006149258814281377,0.3323212891172735,0.22836165642210046,0.39227098473234534
0.04087058456185602,0.013163472019448473,3.1048483638261595,0.2423369713781673,0.09683682729539039,0.315067642058176,0.316198222520229,0.029560336748037257
0.03911205236756811,0.013448153684086533,2.9083585216497174,0.38123439682533805,0.11680669488842028,0.13988594812388117,0.017265692043040255,0.34480726811932033
0.040952891928650086,0.01218935896780673,3.3597248253013645,0.2500307606107959,0.07875863176553427,0.27080928248817493,0.26038486875674893,0.1400164563787459
0.04579424534090416,0.003908598405888266,11.716283072703396,0.029787416374039127,0.12233018935407373,0.07222711944169613,0.418624406787843,0.35703086804234796
0.04274782691042677,0.008018763033078118,5.330975205787744,0.06460617669509966,0.4232480586626861,0.2199959382293651,0.026475032973643425,0.2656747934392057
0.04376382536549302,0.007791189752239029,5.617091452934539,0.0820911458616969,0.14331061422324776,0.21010321713880764,0.2630889860509891,0.30140603672525856
0.04210242610517771,0.008781075663299208,4.794677522384435,0.18773957380925815,0.13353354515533772,0.17985473005068214,0.1508054221003237,0.34806672888439827
0.04445871628538266,0.00467521977041587,9.509438800441238,0.03823369216246046,0.33120631026250547,0.10945817629947771,0.21221452623377815,0.30888729504177836
0.041017307293586824,0.009297211481156253,4.411785983003765,0.23166924163728836,0.2981145153717151,0.1505074157034205,0.07835406247654819,0.24135476481102777
0.04256281390449815,0.011596640355535738,3.670271095729936,0.08733981990587522,0.20018153377340722,0.3337581558534158,0.15917000996824343,0.21955048049905831
0.04158712305435318,0.019815838731728607,2.0986809398970814,0.07132013495630854,0.03338877892466957,0.5883880191967508,0.10672407251035536,0.20017899441191592
0.0407520809861146,0.010419123746240053,3.911277184016631,0.3027762921780635,0.2246572622588484,0.05839675493996707,0.11813495871700792,0.2960347319061132
0.04295548793161662,0.006829879887811234,6.289347490323513,0.15830303191404624,0.2879581854074998,0.11248131654071389,0.3392301730253323,0.10202729311240782
0.04187781469014829,0.010737272649391807,3.9002283035553154,0.11692833186669235,0.3350500263258054,0.29663965430092015,0.11187046683267077,0.1395115206739113
0.04073668106777855,0.011532486959971788,3.5323413942865804,0.32601693178582924,0.033322969186623905,0.11406149573468771,0.2057514680144984,0.3208471352783607
0.04076917873185759,0.012697768163145629,3.210735792939364,0.19382723195951707,0.1681361578615758,0.33028529572808857,0.03996251883414259,0.2677887956166759
0.04313699908642159,0.00868055140564203,4.969384670469686,0.05745752147424551,0.33145586316976233,0.24563796133503057,0.11969876327366721,0.24574989074729425
0.038919475995812615,0.014415395379860795,2.6998549099933498,0.4295238377948437,0.23062364442927757,0.003213098893881641,0.027647274566928066,0.308992144315069
0.04121261602984889,0.010320399000877356,3.993316152441909,0.28939099160265663,0.17150703655289126,0.1036365039222686,0.3056271348937619,0.12983833302842152
0.04478957414245555,0.00743516617792234,6.02401789962029,0.028679866598320943,0.15872617100794575,0.20891895251473566,0.3741860788086705,0.2294889310703271
0.0441602666980825,0.005222567200869211,8.455662703724089,0.0796152438110768,0.3180455486318153,0.11139781857500182,0.3666144052161385,0.12432698376596776
0.040049088843885666,0.011727022874701426,3.4151113434154814,0.25680120845358306,0.2481715065087146,0.24394722537858773,0.011120382539835326,0.23995967711927915
0.04176247940112559,0.009360329611741963,4.461646238262497,0.23051000631639415,0.10683361305472125,0.15662355853372298,0.20450131100432814,0.3015315110908335
0.03934018509255134,0.013506568151052882,2.912670683817239,0.3166159616406838,0.17391728295886794,0.2619594426540593,0.07544014384951682,0.1720671688968722
0.04042278395746853,0.011978437636208521,3.3746290781093355,0.2576605252826186,0.19751543172021205,0.2550386032762786,0.16600458299673967,0.12378085672415122
0.04182274666928584,0.01121713781056468,3.7284686499880357,0.20379056959941358,0.025731066721977745,0.26857912383846766,0.26028164568652834,0.2416175941536127
0.04067886506824514,0.011250394980265782,3.615772169741558,0.2950919719707505,0.17054426495767971,0.16616920036160854,0.2736691833438655,0.09452537936609567
0.04073330045576064,0.012185161830148618,3.342860851874614,0.2564463273189566,0.06061202185683295,0.265254942854193,0.16326281646778498,0.2544238915022325
0.040887210576839736,0.01307148413926217,3.1279700255328193,0.18491515550819335,0.22814555145165974,0.3475196375047429,0.15681824057385754,0.08260141496154647
0.04337944470966662,0.010811958849106984,4.012172568826374,0.04665859965693123,0.30256643800224864,0.31339052445629106,0.31832406529697904,0.01906037258755003
0.04239231868731882,0.01314272241508943,3.225535573866136,0.015177800793263333,0.49572204222223043,0.3850447956346755,0.06273483360718037,0.04132052774265034
0.04355230122934354,0.008572589900028101,5.08041347331928,0.05447335757430811,0.27157047460126565,0.2433562979483443,0.21494022810930197,0.21565964176678004
0.04093383081658186,0.010499384810277807,3.898688499969245,0.2931644845162413,0.11382143868078515,0.1099886742551715,0.1452134499289534,0.3378119526188486
0.04029207087641712,0.0130083366244061,3.0974037680437614,0.22241692213540842,0.21921120735784913,0.3245047779451941,0.07137255968700641,0.16249453287454194
0.04215518105335704,0.007384205452271389,5.708831007727455,0.20416078717370478,0.31450905016259517,0.049171317420235436,0.14389078995539029,0.28826805528807437
0.039640366863236715,0.011868744171979348,3.3398956358687695,0.3362298232532258,0.28444160375484684,0.1191506514601737,0.0867582861857625,0.173419635345991
0.04301584534382494,0.009344964352060265,4.603104273409167,0.09141792531850026,0.28971736077772564,0.25826409333686695,0.29929326978134574,0.061307350785561425
0.04190106351441183,0.00700806628477997,5.978976483914262,0.17505142087300435,0.43403008063551207,0.09236197684549521,0.08222868308530741,0.2163278385606809
0.044037554560059713,0.00844683195335774,5.2134995467210805,0.12344798428279372,0.052244886709574084,0.20710163646067833,0.5797725780478076,0.037432914499146375
0.040446051144564725,0.011789906289381943,3.4305659563206765,0.2593606451819504,0.25793981581620395,0.2432042129558862,0.23159845008786203,0.007896875958097408
0.04318322964878576,0.01359201697780964,3.177102391741182,0.019711618969697135,0.21235964760656767,0.4022437306939431,0.16947653462370132,0.1962084681060908
0.04082915713467654,0.010541336116512354,3.8732430769113013,0.249638910686762,0.19804941128225134,0.1957607208144727,0.1283029626266098,0.2282479945899043
0.04180690627437998,0.009688578168301458,4.315071370447467,0.17167725103779083,0.1939858707744096,0.23264087938333913,0.1201036137954018,0.28159238500905864
0.040409615875826865,0.011707068589340409,3.451727951147469,0.3413700545116943,0.20286417656744504,0.07672318292080142,0.267739278722481,0.11130330727757806
0.04135110473315527,0.01306129604757447,3.165926611152369,0.22860054737433252,0.03434474436818324,0.31982123935600154,0.37991071475704435,0.03732275414443838
0.04026865617597668,0.010697440411006794,3.764326290104268,0.3125674412843597,0.36778368848398973,0.04678529628854466,0.10544100611932912,0.16742256782377685
0.039495655366762084,0.012915430142258528,3.05802090458719,0.381924725237669,0.2252181339864994,0.06251452143310805,0.11701611867989589,0.21332650066282757
0.045787140593545286,0.003093029650846971,14.803330637650788,0.01776417163778131,0.2854795732431495,0.011456288052164717,0.3532866142863897,0.33201335278051475
0.04071160941839919,0.011937821065714734,3.4103048784440575,0.2961285731669432,0.05396474538805984,0.2061872577965852,0.26724508467004304,0.17647433897836876
0.04396067826027553,0.009386003684044209,4.683641700994294,0.057806527514233125,0.04371832731303874,0.26776503486403813,0.2199083819005096,0.41080172840818047
0.04032247112383781,0.01280591845983485,3.148737144493564,0.2506314280372789,0.21754068612214628,0.295283597962021,0.20878238818633077,0.02776189969222308
0.04456936269780774,0.005999177498022702,7.4292455444929875,0.03377197404472981,0.35524052981474,0.15705524020300574,0.4024457164086153,0.05148653952890909
0.043103510416107986,0.010621818670064322,4.0580160286098135,0.07135815230418802,0.2775422983388163,0.3042161039496723,0.3112956335061895,0.03558781190113387
0.04158074425903444,0.011926804587587837,3.4863272852065763,0.13702635099804047,0.23198383750798632,0.3297497418069426,0.08578093249797948,0.21545913718905116
0.044779315664730375,0.004231983047064794,10.58116612631241,0.06800019403980784,0.3540645682500122,0.060421755633980785,0.4737969416445436,0.04371654043165577
0.04081515207573352,0.00961190217806569,4.246313718097702,0.2665290306572454,0.3021920020362996,0.10033275782344124,0.09910339402751178,0.23184281545550195
0.041248190801204246,0.009489367126496773,4.346779953958005,0.20808395875371935,0.2378048237011964,0.19152218518185754,0.05758160260443988,0.30500742975878675
0.043299781785630834,0.011590811075690263,3.735699038046155,0.06096893450030284,0.20684031140149856,0.3366608408572849,0.3340871304026199,0.06144278283829365
0.04375438886613103,0.006090597721488362,7.183923625715795,0.09815384780970028,0.24758291084645026,0.13869908943999365,0.3006629997814589,0.21490115212239694
0.04306023834524944,0.009925669281924461,4.338270510751957,0.10546818748154614,0.1629201211707649,0.2739306877004837,0.31120079168991127,0.14648021195729408
0.04438044602069457,0.008131428015940806,5.457890782983185,0.03848121112921565,0.12948971244250598,0.23109194912424566,0.2785079300302595,0.3224291972737733
0.03953025974680634,0.013425706802757518,2.9443708497110324,0.30124290960125405,0.16577633961513913,0.275646851559152,0.08207267614412414,0.17526122308033062
0.04168798073423755,0.009723311897276257,4.287426051396685,0.16584180284681949,0.23634628277078465,0.23770795407014966,0.08773287566774599,0.27237108464450027
0.04195727313137157,0.008374521662763344,5.010109809367537,0.21905594993357133,0.23300009318600665,0.11245148841797628,0.2426255582467423,0.19286691021570354
0.04162774840823662,0.010820353301352009,3.8471709055040937,0.19928999386882837,0.1318835767460033,0.2570290201578259,0.2331413202285522,0.17865608899879024
0.038887648459447345,0.014584552372629067,2.6663587243464577,0.3738364705060603,0.09352468646413449,0.2405977776627887,0.12039266040982202,0.17164840495719436
0.03889712721760361,0.014553686141576436,2.672664975678136,0.29554086078141467,0.2917119222291752,0.3285695954592857,0.04942116560603774,0.0347564559240867
0.0371411916317317,0.0180645893239845,2.056021920322265,0.543266933691855,0.23299924011227383,0.015898527570344236,0.06106312414015261,0.1467721744853744
0.04378587530181418,0.008022844107281988,5.457650019906486,0.019366575653239945,0.3800616863494923,0.2283071741521205,0.15827723819902303,0.21398732564612413
0.04168094745459023,0.01587688526157297,2.625259726192717,0.05456801346172569,0.3394636130126467,0.46896454389556513,0.06319530189090035,0.07380852773916209
0.041810787398600696,0.009925756705540143,4.212352633554242,0.2863043066089029,0.06919154758039069,0.05740664560162844,0.30535006350363225,0.28174743670544583
0.043672842477948226,0.004578720476305111,9.53821983760644,0.09818546760817107,0.3712010636884681,0.04746140045586836,0.14997001142285427,0.3331820568246383
0.04207356483461566,0.009048871868423286,4.649592285800234,0.1794518687129429,0.17540909206955138,0.20060748022682728,0.18897005266602238,0.255561506324656
0.041063392610129035,0.011489945838831922,3.5738543232596798,0.20645115971072217,0.14565823286342722,0.2780750876739205,0.09409881878801118,0.2757167009639189
0.04216744940735888,0.01198174424455021,3.5193080862611774,0.12652319385103566,0.21708137749402986,0.3340373254654899,0.2836357029647048,0.038722400224739724
0.04110234138760558,0.012975637750849768,3.1676548141083707,0.1590366660114985,0.28913224418427197,0.3549854279463673,0.16624428616920578,0.030601375688656545
0.04373978820377531,0.005947663585444723,7.354112682300401,0.1569869245830095,0.2100341507045462,0.03147943381413717,0.3705151675045109,0.2309843233937961
0.0425585468436223,0.007960704016094503,5.3460782812148055,0.22663503368293308,0.21632431981484698,0.015418086321988681,0.2826027062104511,0.25901985396978017
0.04321931324816715,0.006579440476270122,6.568843263199203,0.12041676291671356,0.22931242567730575,0.14309708612901267,0.1990543658425796,0.30811935943438856
0.041519167509013424,0.01289143899201072,3.2206775003740327,0.15004576985517706,0.16408071171372784,0.35704857490420894,0.1476571672101381,0.18116777631674807
0.04044281539726532,0.01240050575770791,3.2613843489509984,0.2444291998222288,0.18065352814767255,0.28504681168327295,0.14365885364922418,0.1462116066976014
0.04327054424850086,0.012868067438722933,3.3626295832340745,0.03021156939930597,0.13885544972205047,0.38003368262503967,0.13168228609319996,0.319217012160404
0.042744180016685736,0.0105393784540815,4.055664212355193,0.16063399316183954,0.011800655440421547,0.26937556169396054,0.366419459149334,0.19177033055444442
0.04230192485078965,0.009378474436987673,4.5105336838106105,0.2705319455012244,0.05088329961931072,0.03180485934871841,0.3256866801141177,0.3210932154166288
0.041203586136329615,0.013487391625474838,3.05497069266564,0.17484671484480913,0.1806044762746355,0.3660137264042326,0.22816673704568693,0.05036834543063596
0.043224542884994416,0.013771975528955734,3.138586965545671,0.059568318782242856,0.06799863777878001,0.40487052085760405,0.3121169503966921,0.15544557218468097
0.043889629422185154,0.010551934192206926,4.159391882352678,0.06631847236700589,0.0505197709848231,0.3033667512675627,0.3624841889398937,0.2173108164407146
0.03904722335774046,0.014687531380557046,2.658528676196063,0.3565418505651646,0.13064036024768313,0.2702354395106519,0.20211872731970743,0.040463622356792905
0.042820241040871815,0.006532155513619961,6.555300306551012,0.17811126964033003,0.3094635721553959,0.01892424859101402,0.17436139630754377,0.3191395133057163
0.040924951111186006,0.01107727483988474,3.6944963181586847,0.3216214697780014,0.2008729861184169,0.06975075643438323,0.3454169578929164,0.062337829776282154
0.04350980149493571,0.007963327704600728,5.463771316330281,0.11950361456786628,0.05364965073650814,0.19815442153952145,0.27162500162264225,0.35706731153346183
0.041844459678291514,0.009083611164929957,4.606588604303624,0.16431667024700505,0.3457457616074551,0.21222903648690164,0.21527541361438504,0.06243311804425305
0.04227259802018478,0.01152871591505102,3.6667221511631554,0.08735561255113967,0.2649515139119646,0.33123382806461565,0.09405981004141904,0.22239923543086093
0.040913311520390135,0.009532832763252001,4.291831456238942,0.24094944731410217,0.2967991755563013,0.15025917331288183,0.09519115799285958,0.21680104582385495
0.03934698264410827,0.012469558113006818,3.15544322320981,0.3687230669648849,0.3416959565584688,0.043136730347869155,0.037261368309824044,0.2091828778189531
0.04314225799931498,0.007639942107311995,5.646935198373378,0.10886717154056923,0.32317876412036056,0.19081674840281304,0.33467136369140643,0.04246595224485079
0.04110385904663276,0.010426442139222643,3.942270862656637,0.2500473263048386,0.197728246747359,0.18864869830448047,0.2423503687536324,0.1212253598896895
0.043727086498919085,0.010043298155281401,4.353857251158536,0.05300231368401844,0.17688952442725578,0.29020797103254153,0.30598494067234827,0.17391525018383597
0.04065025871674946,0.011550209519062339,3.5194390759458276,0.33019119497075955,0.11134966540703052,0.10395244090216987,0.26434132907355495,0.19016536964648514
0.043069839340558774,0.00882477586534697,4.880559007700687,0.07441439503006154,0.35178815086159076,0.2458791553098337,0.24044768329549587,0.08747061550301803
0.042405583779706546,0.010768834240104498,3.9378063432142727,0.0868878367518679,0.24959662754061246,0.3069578695113078,0.06385311211450011,0.2927045540817117
0.040954307615225546,0.009891403866927856,4.140393837537789,0.2382669891108411,0.2463745415015432,0.1758802144623827,0.10637336955973767,0.23310488536549526
0.04153865479581797,0.010100287060455931,4.1126212103859645,0.23216519750201942,0.10732286623203761,0.1946475525031603,0.22141251083880362,0.24445187292397907
0.04088071713394802,0.011267937260912514,3.6280568650093254,0.32080640845325376,0.14695824850752803,0.10179683958537786,0.3439615871763333,0.086476916277507
0.043804304599546054,0.011207281393004248,3.9085575764064737,0.0038263891935830345,0.2925207729504573,0.32853413677816307,0.23479975227032482,0.14031894880747184
0.04125752593748879,0.010747022007932051,3.8389728714650313,0.1682607551177531,0.257456563453528,0.27396183703646265,0.03172585650628854,0.26859498788596775
0.04031268934293525,0.01210532995418881,3.3301603091773506,0.3523270175960487,0.018421656097827987,0.06191375300425613,0.025986779772043403,0.5413507935298238
0.0433138181222874,0.006476486970843296,6.687856907191084,0.1763156825228991,0.29582406175658166,0.0007099214593071226,0.32788461110408657,0.19926572315712557
0.04047470023320087,0.011857509192624623,3.413423475005708,0.27298825861109804,0.15396111738089968,0.23314482101289055,0.18605080036450755,0.1538550026306042
0.03909302778605869,0.0141180653773825,2.769007420002936,0.312979947440943,0.16357877044061941,0.29454402868506163,0.011907876595456722,0.21698937683791933
0.04098484121495787,0.009677177606758224,4.235206057015571,0.25475361562097276,0.251292416883273,0.1355428033340217,0.13192226446158214,0.22648889970015054
0.042336362345981066,0.006394060514689389,6.6212013866180435,0.14140564713910064,0.3955630872728697,0.10581035667378548,0.03140231071019127,0.32581859820405296
0.043440264507538975,0.006883246720816272,6.311013722080773,0.1536812505949053,0.13509521653199705,0.12185541762615858,0.3722919657856115,0.2170761494613276
0.03846708975769117,0.014785016058312917,2.601761784091059,0.414750783824812,0.1436620721535316,0.17309362465162864,0.0885446781027988,0.17994884126722893
0.04486677837857699,0.009320018961909394,4.814022220549767,0.03650109057669724,0.00032839434443575257,0.26671372521764225,0.43916678093813133,0.2572900089230934
0.04262830534688748,0.008178673403249676,5.212129552691241,0.1687415186580677,0.14516046179699935,0.1716077754653758,0.25265490496043286,0.26183533911912427
0.04169239189182644,0.009771981962663106,4.26652362347016,0.25541072473679854,0.06474119207242786,0.13953494664105356,0.25326141634240085,0.2870517202073192
0.042320212072465876,0.009783765313826307,4.325554703633317,0.16872245321614462,0.15319099703505645,0.23758426074303868,0.30815141467256363,0.1323508743331967
0.042116027979898225,0.011335797106611856,3.715312437564105,0.07578883964216052,0.3829876898367063,0.3261199705468461,0.06659688581629959,0.14850661415798758
0.040020184562651814,0.012996992541430842,3.0791880840954904,0.2269338762510017,0.3000493422376354,0.32022354382765605,0.06388146977466758,0.08891176790903929
0.040020388402743294,0.013149111817075775,3.0435811147922394,0.3316435541995487,0.05174943540459096,0.22202208506685314,0.2433400080461638,0.1512449172828433
0.04043551775298474,0.0131805825144939,3.06780961376481,0.28619997393538077,0.019916215424715326,0.2794103673740716,0.23218152389549954,0.1822919193703328
0.040072164066913524,0.01278602723600592,3.1340590260959904,0.28568533945441194,0.06623183241529135,0.2622381497174151,0.06149256341172297,0.32435211500115874
0.04451566182764352,0.0051440779145642546,8.653768968313607,0.02501317305423587,0.42232003531490386,0.12826684467104882,0.31145498576156144,0.11294496119824998
0.044949874437535314,0.005492630191254619,8.183670276783722,0.13501581383697564,0.042478079828221174,0.005575145930256025,0.5010573622465735,0.31587359815797367
0.043307632637036964,0.009760614814942399,4.436977942284729,0.019375037980089334,0.39902838242906724,0.28286035858745595,0.11230657074807472,0.18642965025531286
0.042392732814959755,0.009529535951037674,4.448562136999294,0.14038123687631718,0.1635246673503453,0.24602110616718822,0.16925520215706494,0.2808177874490845
0.041852801794318224,0.008390904440117562,4.98787730130935,0.19737250444781165,0.2684420406756772,0.14956161241066546,0.18423987459639019,0.20038396786945548
0.037560516847013455,0.01798559517689422,2.088366633274766,0.5368548892467742,0.01737690221241984,0.09067304567703448,0.16197993596685242,0.19311522689691915
0.03962283927632235,0.012560342291454755,3.154598685043732,0.3709416187415236,0.2960603350017579,0.05870441791077174,0.17468343597623756,0.09961019236970907
0.04145006651039026,0.008848720344551104,4.684300655508288,0.25290246015661566,0.2797003057644689,0.05006771889733381,0.1269507057295686,0.29037880945201305
0.04104165240528234,0.009084900427307002,4.517567664464556,0.23603316022819443,0.311829157351647,0.12848719860250604,0.07532720660888706,0.24832327720876543
0.04287187722778235,0.01029460660096486,4.164498838038569,0.05419482086541952,0.3312198704723549,0.29767412872369703,0.12024158601543711,0.19666959392309147
0.04114723197307204,0.009592589850341084,4.289481007218188,0.2602624006205809,0.3044592861692404,0.11468322782117756,0.2572656863640834,0.06332939902491765
0.04140492226133721,0.009711509225949436,4.263489978540313,0.2817912964572087,0.21402400588657108,0.047635527361637835,0.23073391201489765,0.22581525827968474
0.04107834429123772,0.011573365528648238,3.5493862342422395,0.2473769008229007,0.11493331398527572,0.2465446854889999,0.2754614569419438,0.11568364276087974
0.043404592916922946,0.007460981911809599,5.817544316549016,0.0680342206790954,0.2904736310447399,0.2030626602298244,0.15061758852935336,0.2878118995169869
0.04323567656729527,0.007363191980669675,5.871865989750145,0.05545482387080296,0.33050706844070216,0.20012704392308475,0.01733880573392092,0.39657225803148927
0.04167944985697633,0.010994778280359331,3.7908404148022674,0.21303302021743434,0.05879968806196863,0.2529058862919216,0.25609562568300726,0.21916577974566817
0.0437975466884894,0.011814601130845847,3.7070694307353045,0.0578992599938343,0.08485731316823004,0.3433026676347032,0.4160454327366577,0.09789532646657466
0.040942619383142614,0.012550117460449418,3.2623295767684763,0.2626228123320137,0.08821607966473839,0.27241358790760634,0.36617320881470855,0.01057431128093287
0.0416081596278818,0.009569022205812962,4.348214345516493,0.23227919799708593,0.23113130388828476,0.16438720865499074,0.323494358501255,0.04870793095838372
0.044071167796850226,0.008108358538534522,5.43527615206018,0.022227400845319555,0.21478551528766837,0.23090136986913634,0.11552516040324441,0.41656055359463123
0.043401403872264877,0.010293977989786917,4.216193576023303,0.09081670237417594,0.09669914193899318,0.29027673773567586,0.3303066833389658,0.19190073461218915
0.0452927297611812,0.004972455304727503,9.108725365136952,0.010632695241360091,0.19834330709702294,0.1249651296997357,0.2851633716020803,0.380895496359801
0.0406968352917546,0.013320856399713284,3.0551215380289327,0.18408928337256528,0.2520720367691846,0.35644548158426703,0.11546594461063764,0.0919272536633455
0.03751041106218701,0.017368069229797868,2.1597340824639013,0.5161029169931902,0.023717938673299046,0.09647463339112618,0.007915933144082182,0.3557885777983024
0.0408011753069524,0.010694410295082515,3.8151870165027733,0.26454696236210046,0.23410414490838954,0.18262992685170334,0.2332217551314239,0.0854972107463827
0.04105140315266979,0.009433088576161146,4.3518517632086,0.23514376590486272,0.2791221642950621,0.15385805737042282,0.10653935995016957,0.2253366524794828
0.0409071362871386,0.018277446655673824,2.238120950797025,0.11018604211871977,0.18306529315747316,0.5364463885328699,0.1063179791867336,0.0639842970042035
0.041058990591645486,0.010313179995720635,3.9812153582777148,0.20880737197418747,0.22450121835472706,0.2282209215141104,0.06286086655364567,0.27560962160332947
0.04235400046756068,0.006146218926230344,6.891066031964082,0.12092908749250747,0.4732237187171985,0.1137796149430201,0.008640629126510795,0.2834269497207632
0.04296782748676254,0.006519048096797323,6.591119876515679,0.12159438934044832,0.37679000167924,0.13739882100037734,0.2566093301972643,0.10760745778266992
0.041635792725026606,0.009579682104639494,4.346260373803235,0.22353271567911856,0.07116593708772646,0.1761801178372119,0.103699969247068,0.42542126014887516
0.036240672679659025,0.019696399902558292,1.8399643010371585,0.5922512209691697,0.1354609434103559,0.06732028182585381,0.020905174437966856,0.18406237935665365
0.041454061477570914,0.013254600941176793,3.127522409881807,0.17640660944523684,0.1469082966593201,0.3569073896617969,0.2910536356206003,0.028724068613045887
0.04369850936123599,0.007965307512848647,5.486104496373426,0.17091102710885392,0.028603807503489433,0.1486444048114772,0.5693190225471204,0.08252173802905903
0.04327239657091671,0.012434710552326256,3.4799681415038175,0.03260022686443776,0.06434314219487336,0.3645195413580763,0.010541187597520209,0.5279959019850924
0.04210623697752261,0.009575407879988005,4.397330902793391,0.17876772014050063,0.15801766219967264,0.2229103724447796,0.24312056721012787,0.19718367800491932
0.0405498166824777,0.010541644524513378,3.846631006024134,0.263279751072217,0.18392000168754608,0.1743235079932789,0.01478752516311882,0.36368921408383925
0.041657300251768656,0.010484741912088593,3.9731354954707125,0.1723259447535581,0.1867168885298718,0.26271758094556097,0.13207269633288313,0.24616688943812598
0.04033687090721702,0.012867945144929763,3.134678493956013,0.22333763299972453,0.24027662800530528,0.3184238483369118,0.10861502645078432,0.1093468642072741
0.04234467796586774,0.009217897762473193,4.593745673580406,0.24602871393707565,0.033108926812955006,0.11420368539702551,0.38287559708310365,0.22378307676984013
0.04453817904529149,0.01202185952920981,3.7047662166635678,0.010220725288231945,0.02331991962766856,0.3530214687583208,0.36730451680487447,0.24613336952090417
0.04428328764081417,0.005945299580236409,7.4484535292422205,0.08480824729770294,0.1687892497111421,0.14007467337214022,0.36004051120145514,0.24628731841755971
0.04003867968183475,0.013460712290595422,2.9744844713610377,0.2729684322636381,0.1262197005330726,0.30442786819686574,0.15025562322870878,0.14612837577771487
0.04209163569554455,0.010157972004003157,4.143704637003985,0.14543914469219116,0.17598036704163442,0.26587462374289844,0.1361189685712695,0.2765868959520063
0.041522622453847816,0.008889192229654473,4.67113561964919,0.2089997746930692,0.1723166786262385,0.1566406538548191,0.011229666750967975,0.45081322607490515
0.045256491134469376,0.004632907291249462,9.76848624187859,0.03384544557655422,0.14281282087722572,0.10698500124205006,0.31799323979647565,0.3983634925076943
0.040440814576969464,0.01124618008167412,3.5959600756232417,0.2955364365932052,0.11579531426364725,0.16492137587769035,0.08939332614348833,0.33435354712196874
0.04382575871159529,0.008432731192028234,5.197101355848431,0.03523653972245791,0.28248516705835514,0.2414464089724957,0.21115521630902379,0.2296766679376676
0.042040183697834944,0.008878376582219027,4.7351205829712155,0.17450478538812048,0.1521558783643505,0.1961408356721236,0.09339230632115904,0.38380619425424645
0.040513760442471757,0.012721648730040778,3.184631277139649,0.18173705295808584,0.33888344351662475,0.3360415490809279,0.0596248648634086,0.08371308958095296
0.04265541085849596,0.010064920222522119,4.238027715614337,0.1533478684935885,0.04436960382838225,0.25745947447073797,0.27544481638125135,0.26937823682603984
0.04316083844795761,0.007127729166495331,6.055342092800024,0.12611847342943214,0.22616505742737733,0.16249822352780308,0.266503725372018,0.21871452024336935
0.03950199456730456,0.01506460553858753,2.6221725133208036,0.30060947984917186,0.051319541580869134,0.3465343153527351,0.1271814241626587,0.17435523905456518
0.04179549911261845,0.008620072033398684,4.848625272582496,0.2428754474319047,0.17388526120090886,0.056913099450682965,0.1046342682526466,0.42169192366385677
0.04149741100191505,0.00974243270570999,4.259450617256369,0.18095460871344918,0.2615657296660747,0.22778308452304824,0.11158506272875894,0.218111514368669
0.041385105412135526,0.01307972264219952,3.1640659778681743,0.20025269516266758,0.09946158906127815,0.3387480467209173,0.32255969386096545,0.03897797519417142
0.039476535172028225,0.015601436375042393,2.530314146919114,0.3183635694176733,0.029463889046764707,0.3522690332951891,0.23672461765640504,0.06317889058396775
0.04187448486693648,0.009437498548057446,4.437032191708856,0.2743080766452071,0.17311835037235423,0.019987473879062575,0.26798623143197203,0.2645998676714039
0.04214772178591017,0.0076239208345299375,5.528352497446787,0.21475981018783918,0.3257125472231181,0.01788625579566281,0.14171787720143342,0.2999235095919466
0.043237184512264146,0.01081827224896684,3.996681125897285,0.07692724013899394,0.1502517090001711,0.3108860022750796,0.27579424778339073,0.1861408008023647
0.040470869603017795,0.011977952474456075,3.3787802789604573,0.2002031543935305,0.3079181100418929,0.29960510119420425,0.030651611199598666,0.16162202317077376
0.044275071359495266,0.006388417238519176,6.930522805012991,0.09680714932006881,0.042211753875420296,0.14831246423304276,0.30973829915868134,0.4029303334127868
0.03782883091345682,0.015675431296160877,2.413256145795593,0.43330561316290483,0.20084823393361856,0.2005476134456155,0.07277469470150832,0.09252384475635263
0.044675154047268274,0.0037429168569561317,11.93591943252505,0.04494602176876547,0.42795154860131096,0.05595398088191012,0.3318025691093607,0.13934587963865272
0.04162121936851586,0.010339622058266992,4.025410129496738,0.1535793942905156,0.24952220952648252,0.2676656784104536,0.06868580099930681,0.26054691677324154
0.04400375526466051,0.00461912748706783,9.526421469824724,0.10803122966144824,0.3449410502043817,0.006536405683802067,0.22940351547362492,0.3110877989767431
0.04130931080046327,0.009535819174882961,4.332014905365514,0.26584604847508125,0.2665399975399141,0.09470633201767353,0.2703491682314378,0.10255845373589341
0.04233558617543395,0.008977446284610254,4.715771593978621,0.18489407349750678,0.0011652560511473946,0.18643471974226536,0.09367704651649764,0.5338289041925828
0.04447436705963017,0.004394438427518348,10.120603074360513,0.07840755835753278,0.31700562429888957,0.06848670984082951,0.38146724328343123,0.154632864219317
0.043016541218418296,0.01032652216284046,4.165636846566935,0.09536815481389717,0.19783958712508665,0.2900762256587194,0.3063435992142384,0.11037243318805831
0.037536006454440045,0.017000923232056552,2.2078804746122853,0.3746134288855767,0.2423939592451274,0.3588352172147855,0.011025568783425584,0.013131825871085018
0.04404380692441105,0.004156192977655889,10.59715156663682,0.04192120230036736,0.4521834935086147,0.07755119948605264,0.09926593999770414,0.3290781647072612
0.04007037507317842,0.011861177680282846,3.3782796407972606,0.2850336579246934,0.16883058672163986,0.21809531919730457,0.055888887257575175,0.27215154889878707
0.04382601117039784,0.009331827535029353,4.696401750448765,0.033213394954607754,0.16810921314605157,0.2696962175394282,0.1344380039976468,0.3945431703622658
0.03487367816736578,0.023088565380125606,1.510430708587233,0.6969215556826814,0.21751630203127412,0.008820723504008306,0.07630210584294683,0.00043931293908925235
0.03980975497671658,0.011950775304770603,3.331144127596894,0.3515269631360567,0.241367098298473,0.05374869640558098,0.035918944470909556,0.31743829768897963
0.04028536567838599,0.01096718519930928,3.6732639183409783,0.31912556186745966,0.3649027128749967,0.06267047806373367,0.2055031926345861,0.047798054559223806
0.03965782152177076,0.012843673899684046,3.0877318928773443,0.29335637248408447,0.15208524718956926,0.256554437708452,0.011176809512177973,0.28682713310571634
0.04373566631719665,0.005232528462717481,8.35841919042,0.10515548118809492,0.3861908256911676,0.08516429786018867,0.3620393057259359,0.061450089534612964
0.04028192482652555,0.01058858528163524,3.8042782633474377,0.27439231454898155,0.32230486772568423,0.1597476216330556,0.1010570536562505,0.14249814243602818
0.04120135586319656,0.008123089917098607,5.0721284983526065,0.22754723056341913,0.48569322209663607,0.03418808735287131,0.03179028966682568,0.220781170320248
0.041861522454312086,0.012153084274593457,3.4445184044206285,0.130718335918824,0.08356878341419226,0.3383027754250124,0.01121497689390175,0.4361951283480696
0.04092320089348879,0.011809897397494294,3.465161424871605,0.23614183969013874,0.12561957484949066,0.2677675003850033,0.19270554115093533,0.17776554392443195
0.04252934381415504,0.0069157137439599635,6.149668044212972,0.17817231410850276,0.3774445772446017,0.07951536652706705,0.2987769505249509,0.06609079159487756
0.042148500712169204,0.007352571366508121,5.73248440731373,0.19764114619795842,0.2736187469047848,0.06904209550754675,0.09861906407898365,0.3610789473107264
0.04429145421679962,0.006497575364879709,6.816612617715993,0.1106559820886033,0.04135047862256808,0.14310128595417917,0.40466805446356513,0.30022419887108437
0.0423469408138019,0.008374128637275529,5.05687727619852,0.16235285803137212,0.2371157275367052,0.18626502296886113,0.2288563216657092,0.18541006979735242
0.03742405536260334,0.015708264818737154,2.3824436240699947,0.45497328841611334,0.3284980997414027,0.13943870395894908,0.021645921193836574,0.05544398668969833
0.042476947642487384,0.008446058003182443,5.029203875521839,0.13914170903903755,0.2638591575166111,0.2062126373886628,0.21055186991971017,0.18023462613597832
0.04026443865177007,0.011217391341162035,3.589465449424089,0.32254345594735717,0.26255750580909254,0.09223522083166308,0.17831417660451432,0.14434964080737284
0.041892474236991654,0.0103642803387124,4.042005124129645,0.15546050836474717,0.2090252163243947,0.2680355522104423,0.16321784209489473,0.20426088100552114
0.03975685640673774,0.01298455378290091,3.0618577327695866,0.29246454197530447,0.10954389467069402,0.264099784971761,0.020549882153826908,0.3133418962284137
0.041095642321296,0.009733380134561745,4.222134731527812,0.2395381670222824,0.28398986677107774,0.16471915053883154,0.1987417510230154,0.1130110646447929
0.04199751425088923,0.007327541125896045,5.73146073550745,0.2014868887686538,0.3501247747408641,0.023303931106381976,0.017046487597359182,0.4080379177867408
0.04374861344992285,0.0051892137155364285,8.43068253653538,0.06508022001890588,0.42655935280640084,0.11804897501183449,0.21664817907446796,0.17366327308839075
0.04082351644061686,0.012138544139060216,3.363131193736177,0.1781597259309466,0.30036125658965446,0.318118751122547,0.08067821434558355,0.12268205201126835
0.04055823622637154,0.01227391263311549,3.304426016276493,0.3618044674395536,0.03874977996102875,0.05053524486607592,0.2073260900879274,0.3415844176454145
0.04299517006661961,0.01161444436070845,3.7018705958996923,0.113348908138465,0.023424372243520463,0.3265312717831954,0.3167622563987571,0.21993319143606183
0.04178622257422021,0.008992284454596681,4.646897324612535,0.19419134975512986,0.26590677878372115,0.18336564098845295,0.22453170525918476,0.13200452521351125
0.04265076198882352,0.009243700913291767,4.6140352645437535,0.0857876852685837,0.31324645768764847,0.2575038269136079,0.10894993573864574,0.23451209439151408
0.039132059092308435,0.014417936497306764,2.7141234183975085,0.31990457622962953,0.10592329667033155,0.3009677840527207,0.02834468489835917,0.24485965814895896
0.04056031523870843,0.011331333454254387,3.5794829798676453,0.2572906306237686,0.22314806201091641,0.22553912171931367,0.17523638857121362,0.11878579707478765
0.040987490300517286,0.011000010552297029,3.7261319073878756,0.2570481131708607,0.12191374875992633,0.20981224271785723,0.20484424256462638,0.20638165278672937
0.04110744930655326,0.010013325357868419,4.105274505461988,0.23429391889922932,0.2006354689943734,0.18786986692766494,0.12780257149526175,0.2493981736834707
0.044819853764169144,0.003639708276596086,12.314133539868584,0.05431899098262545,0.41591824074556033,0.03214686548003982,0.38632202727356274,0.11129387551821178
0.04149145062486917,0.010284411728259018,4.0344019396715645,0.20985369868792667,0.1771532199968509,0.2265186252782856,0.21403833005250322,0.17243612598443372
0.044709384123175974,0.005100862245570561,8.765064016774868,0.05419895310697633,0.1961887687094652,0.12142977092935626,0.31651163399585197,0.3116708732583502
0.04336210891381374,0.006265613013383498,6.920649076345962,0.12004107077645187,0.2567577087405824,0.1293096493975425,0.2592388666872287,0.23465270439819447
0.042921555290660024,0.006459668395484074,6.6445446829230885,0.16364061336619415,0.2813259124275708,0.07880218758472121,0.25540357576285033,0.22082771085866346
0.04408904208708471,0.005099405495645658,8.645918063337382,0.12459619883128863,0.18679859227666248,0.030571935997099443,0.2647148432589751,0.39331842963597435
0.04265178036594591,0.01278037269272478,3.3372876825591646,0.09186315487381572,0.10291934508129225,0.37002029910060685,0.21927542280011839,0.21592177814416688
0.04095953528176407,0.011932302157121811,3.4326599127660637,0.21740069809689505,0.13964959075904976,0.28751456994667374,0.1459978869947165,0.20943725420266504
0.043210698544847076,0.007594522053377369,5.689719279389122,0.14217837497007824,0.0914847787988724,0.1684209222070635,0.25744899643392505,0.3404669275900607
0.043441441154850186,0.010276142444162346,4.2274074528354095,0.019844600533749885,0.25028901519503316,0.2992990611527744,0.04034189375514104,0.39022542936330146
0.04243616039287916,0.008186951723640935,5.183389596684561,0.10634928014150086,0.3371827567558711,0.21296947610132141,0.05860977475183492,0.28488871224947176
0.04296360150484625,0.011014183808098038,3.9007521804073955,0.06208610081108502,0.2844617078402606,0.31913982063166535,0.22726388618281704,0.10704848453417205
0.042053906793722826,0.010009599937970732,4.201357402326762,0.16407410915324022,0.19809514056576838,0.2497782032759819,0.23782709065334964,0.15022545635165985
0.0402624378273063,0.011485634092772042,3.505460604272917,0.2554929501397987,0.2599580399796161,0.23465524186203343,0.09171286310832791,0.15818090491022388
0.04234872485453582,0.009801820814817973,4.320495717542075,0.1371660651334329,0.2588893454784519,0.2561596169567886,0.27451181421990006,0.07327315821142649
0.03846958640341476,0.01327292661160655,2.898349966749226,0.38764159655853353,0.45079949241597955,0.08622933111062582,0.020684309543070156,0.05464527037179093
0.04196949548753319,0.008584637531003308,4.888907112963232,0.2389702203318326,0.16621723763840343,0.07689093478562208,0.20826183762541267,0.30965976961872926
0.04121914416758615,0.010411095981851012,3.959155139808605,0.2175268009509698,0.1910681028020509,0.22507417790209513,0.15356835915970363,0.2127625591851805
0.042265337270617785,0.010129313098651262,4.172576842969293,0.1270775427911615,0.25966979802865947,0.27286975296890226,0.20908376914101706,0.13129913707025986
0.041208639576917214,0.008828490864432796,4.667687853983495,0.2345741574369901,0.27080498893421134,0.1102235071220641,0.03927570223298029,0.3451216442737543
0.04433554196678532,0.00796967427743136,5.563030611217744,0.014912349212979324,0.3077581602327117,0.22715492376759114,0.29485465583837833,0.1553199109483396
0.041947600866164,0.013501891647490641,3.1067943634372197,0.10230254109905197,0.13260045320213418,0.3904452817915641,0.05568128293986704,0.3189704409673827
0.04324666186556312,0.006902431360559513,6.265424399969336,0.18975956143017972,0.29694399193863896,0.0025616991720698577,0.4028161506624636,0.10791859679664771
0.03933965138987726,0.01346036065377833,2.922629816670967,0.3880291522674878,0.044112599193528314,0.11301178876325835,0.006679730358867491,0.44816672941685803
0.04153203741352353,0.009821597273921007,4.228643901313517,0.22777366018799283,0.22853324920510093,0.18424677790505312,0.30824532091543433,0.05120099178641869
0.03994772696575101,0.011609746863762954,3.4408783787042143,0.34234714079463024,0.3485095128514904,0.015599938317798613,0.057288853953837295,0.23625455408224338
0.04353730325769669,0.008711631448361096,4.997606190731047,0.055075592403309837,0.17242737573692216,0.24650361320812642,0.09600514707954531,0.4299882715720963
0.04161608544336854,0.009157430009675891,4.544515808408724,0.19691779521257569,0.25449623105337205,0.188659488589529,0.16407162689546423,0.1958548582490592
0.04108613386271981,0.010819532284536118,3.7974038786725015,0.2651194219578722,0.11672691651244434,0.1892979353577137,0.2457988107486551,0.18305691542331473
0.04371747107879379,0.008879095810668985,4.923639975397444,0.09283829901197684,0.05008542008392029,0.24265666036486594,0.2987208395152614,0.3156987810239755
0.04150305550288809,0.01127154659104242,3.6821083218403117,0.22644408068061825,0.0011273944866259504,0.2525670209741135,0.19733755466034789,0.32252394919829447
0.040542491829540235,0.011940660346130314,3.395330798658811,0.2707199744071547,0.15232488762163504,0.23940667645121663,0.2180864247709096,0.11946203674908401
0.042121426805869444,0.009521405392096234,4.423866548191998,0.2746054596788961,0.10519412745427381,0.04520586176513533,0.37728494561502934,0.1977096054866653
0.0415369025384875,0.010363243050298631,4.008098848679474,0.2124234528362044,0.1372666489738769,0.2276236900559689,0.2078966388481102,0.2147895692858396
0.042897647775243485,0.006725934937360993,6.377945694502202,0.13946135514319027,0.3122234587164341,0.13164036344594274,0.25763985744614637,0.15903496524828648
0.04230403038596253,0.008995918015226412,4.702580694305917,0.11874749168690242,0.3176797399158046,0.23695858845099313,0.13338811605311102,0.1932260638931889
0.0429831620548512,0.008410928607309506,5.1103943525922615,0.05862161705191499,0.3617804270194941,0.23574526326748577,0.06360915915875773,0.2802435335023474
0.039395339336720375,0.012762787512747288,3.0867347197759796,0.2770284995581791,0.33257090455516747,0.26902337218671973,0.027831436293527335,0.09354578740640622
0.04018518376853865,0.01152302502820346,3.4873814532366656,0.2481953700820019,0.24354815006838176,0.2433947921940433,0.004912195468665587,0.25994949218690744
0.043394567980516524,0.005933865463351607,7.313035364304688,0.1391107848556529,0.219744006572599,0.08619172723976477,0.2437778623846956,0.3111756189472877
0.04202432142162508,0.010034487675290592,4.187988742575049,0.11471616483656903,0.35481813148633123,0.27371593374270214,0.123564956694832,0.13318481323956555
0.04196535487352252,0.009936041355088463,4.223548732718504,0.28956405684012365,0.11253709080255582,0.018915509327428776,0.3458918255417228,0.23309151748816906
0.04058991795765271,0.011377118543726356,3.567679971132503,0.28298155700921845,0.22505883576176305,0.19268689501827152,0.28727539580132866,0.011997316409418294
0.04263539346156881,0.010311844310644306,4.1346040705404,0.0958980466482966,0.19293245307232557,0.29025088597281107,0.12103870133003651,0.29987991297653027
0.03979558776360177,0.011910064290216862,3.34134113753614,0.3128791184329391,0.20087066987512622,0.17778091922769196,0.05362218166246271,0.25484711080178024
0.04546040388546799,0.004851361973544239,9.370647693034574,0.025680093342086353,0.21046603320396456,0.11659896056452444,0.4690696447183902,0.17818526817103453
0.042080990935486944,0.00822516717088869,5.116125917102824,0.22931573688592963,0.17599554665150927,0.06431093947269512,0.1652570171510836,0.3651207598387824
0.04032567905616886,0.012565957487678936,3.2091210793692913,0.2292293417757038,0.1614118660198849,0.30280132623131534,0.0015309425572818702,0.3050265234158141
0.04346507200546454,0.0119154176316148,3.647800970915198,0.02191916509012114,0.32040727251815404,0.34886679891712075,0.30159294154134014,0.007213821933263945
0.04141896080234683,0.009318973282164356,4.4445841347800465,0.1927040946589171,0.30351581142704687,0.19959197069882978,0.13181343072047244,0.1723746924947336
0.04530243605023625,0.0034144541391436176,13.267841418891804,0.049220949043555014,0.3027369519569433,0.016985758680268366,0.3928917719865306,0.23816456833270286
0.042942775727274424,0.01353851275652997,3.1718975709914687,0.08197659124458034,0.007447312537976479,0.39506112689328104,0.23834235967424997,0.27717260964991214
0.040610099929288296,0.010878475210775625,3.7330691243440204,0.2887411618153419,0.23214301098441062,0.15304928194707162,0.23251267487226449,0.09355387038091134
0.04047092849835039,0.014633255935967744,2.7656817235646827,0.23122112194673566,0.0846815500271788,0.37788708095036305,0.2098912754574871,0.0963189716182354
0.042214834068699414,0.009317356089864401,4.530773930023081,0.2286202859009582,0.032282432080152176,0.1551289968980043,0.30951690346614497,0.27445138165474026
0.03949711201241654,0.012336731594294334,3.2015863934888333,0.31512302018518457,0.21081833077168916,0.20019048135583226,0.00506642556549698,0.26880174212179725
0.03622678798667988,0.019805929042953408,1.8290880426822855,0.5858273806539017,0.005359706006267779,0.13913812541594406,0.012626231249107939,0.25704855667477844
0.04409228714715208,0.010629308877524116,4.148180060924384,0.0025116721333502926,0.2720637292526211,0.31053865761469746,0.28491333331918245,0.1299726076801486
0.04156563512675966,0.008233055222670971,5.048628243413496,0.21074969709613675,0.3276996854104034,0.11722365368606999,0.1258218255847135,0.2185051382226764
0.0432453492595719,0.00786468999692884,5.498671820053836,0.1048925580251624,0.15157478574982794,0.20302205784873517,0.17334539350212305,0.36716520487415144
0.04141100778522044,0.010165359063204888,4.073737831368306,0.2686994406115165,0.12750770544022041,0.1417207397659736,0.30284907727407856,0.15922303690821088
0.03844984594330765,0.014143631159162276,2.7185271950760503,0.4123503335330412,0.31674906897903476,0.10972077311457212,0.09512929297846544,0.06605053139488638
0.040979339727608935,0.011053274705506235,3.707438819664448,0.25551906788739287,0.09726417995919712,0.21420180828760943,0.17120364343223524,0.2618113004335653
0.04098231349528793,0.011097466235164565,3.6929432923550767,0.3031484865483869,0.025739133207169144,0.13664282820372656,0.20999397506870202,0.32447557697201546
0.03969178873022787,0.013872953472943463,2.8610914617164327,0.2786563240929636,0.21441033743333848,0.3154764892447632,0.1697351488073721,0.02172170042156285
0.04018498276859636,0.012296243742098102,3.268069795251116,0.27322358313719186,0.16527491949153533,0.2537228293893406,0.12305752462601344,0.1847211433559188
0.043232527105600785,0.0067409900063314845,6.413379498411149,0.17335129146995293,0.21444231561044216,0.07717369943651184,0.3882834549854425,0.14674923849765054
0.043145177907527546,0.007705881813508971,5.598992944829613,0.12855943284145868,0.15091028215876645,0.18411718333269378,0.2454877698755229,0.2909253317915583
0.0398002161032235,0.0122107861007816,3.2594311107190657,0.30123187372332855,0.18888290337045577,0.21483362827524963,0.06255685785581559,0.2324947367751505
0.03976966934774363,0.013343025069250615,2.98055869200111,0.2768300785201321,0.1453342485941356,0.29607022668941585,0.049170788484085536,0.23259465771223095
0.04019603327143867,0.011416309280443447,3.520930651405523,0.2513446129041639,0.2419510087066487,0.23532231047890503,0.007919706515928562,0.263462361394354
0.04198830450113602,0.008129211011298623,5.165114356458129,0.22983170861516064,0.24110145883848694,0.023399066993552656,0.08664662622990581,0.41902113932289387
0.04360887483495528,0.0059020710464301905,7.388741086288969,0.1389072498441687,0.1734006484899016,0.08329439054758873,0.27831377625798986,0.32608393486035103
0.03789592941822392,0.015146790788676796,2.5019114574787404,0.4395272633447251,0.26815642511404164,0.13150137494340508,0.033856076710736184,0.12695885988709205
0.0418127312286586,0.007995531655469556,5.22951231142403,0.22673405218161183,0.35717191761343736,0.029039249372116337,0.1424012701493163,0.24465351068351823
0.04086271481192826,0.010090682688042796,4.049549081584891,0.23555123738564837,0.26716805057134096,0.18989705235636273,0.10947442962041681,0.19790923006623115
0.04327979489279342,0.0057132060104236985,7.575395463393019,0.1403909502374533,0.26099482231160814,0.06315148161898734,0.18256378440431165,0.3528989614276396
0.04093706681082192,0.013202717329569468,3.1006546447175087,0.1969467744508917,0.08784913828204727,0.346586670374669,0.09042225678287213,0.27819516010951983
0.044462118625098634,0.003995623925030118,11.127703572543679,0.0437775649755467,0.3405640383704026,0.07217223408693109,0.15754604910790643,0.3859401134592132
0.03755728940645063,0.017172405096688808,2.1870721774256565,0.5148368916034104,0.2345807452990276,0.0005572879825273782,0.006032748477446358,0.24399232663758824
0.04242707202341938,0.009840084297066995,4.311657374324069,0.14544126499676038,0.13385699519723818,0.25449067259148545,0.2109325303920675,0.2552785368224485
0.04055394242581703,0.011978330557005552,3.3856088903890678,0.2428377228720094,0.21194231580053896,0.2686077604606202,0.17658257146893144,0.10002962939790001
0.039856193406686356,0.01186646181111202,3.35872596576042,0.3327238698857868,0.27063436870581126,0.12950798218961615,0.17747749593492143,0.08965628328386437
0.04106465979795917,0.012596515570489896,3.2600015113832077,0.2056509295765562,0.13093740456496353,0.31991894631499485,0.1930539975378635,0.15043872200562197
0.04074413834616332,0.011084164710879297,3.67588712446435,0.22555126586649246,0.2723337238976117,0.24595124234760096,0.14891439994014805,0.10724936794814686
0.041282823436676934,0.010977408507227992,3.7607075849909903,0.18479085303233528,0.22797621663396153,0.2731243437262142,0.12761229632580884,0.18649629028168016
0.040715731598213664,0.011144731981527614,3.653361217272875,0.2532117629734526,0.07555950078305343,0.2186164523678284,0.0125180201345644,0.4400942637411012
0.041773901466100105,0.00965533400846396,4.326510240814113,0.1487606464818972,0.27039781956475384,0.2452981753233038,0.06692083679340101,0.2686225218366441
0.04041573854528678,0.021482942571960234,1.8812943529457569,0.12230154124703037,0.0038851539174131885,0.6331692408881666,0.017611039957681877,0.22303302398970803
0.041843455361129156,0.009210495305267422,4.543019020616531,0.2348993304163673,0.13646932821463917,0.14046148435566932,0.2662983872618009,0.22187146975152336
0.041624303782853055,0.008267378291327922,5.034764627441196,0.23333076184897777,0.3989466753271591,0.04866384441941225,0.2114505931550767,0.10760812524937412
0.043120731083427434,0.01063787526485922,4.053509747935373,0.015540651189982735,0.4133580751488639,0.3099136584850335,0.09127574318030224,0.16991187199581764
0.043832829450280116,0.006290265904751155,6.968358748900005,0.09462052262535976,0.286700948563119,0.14670764738041334,0.3850820460411224,0.0868888353899855
0.041845887124439006,0.010871642830468048,3.8490858996181214,0.1188849691510389,0.3166679379401593,0.3006500052669873,0.09963097481801736,0.16416611282379723
0.041382823617123095,0.00965498955533711,4.28615933553728,0.2342082588885901,0.17773822231076275,0.1688981813895922,0.175067783357956,0.24408755405309904
0.042024421997066755,0.00980445146720604,4.286259372860396,0.21614653962655409,0.07597268991850022,0.19756916448013792,0.3046300330926506,0.20568157288215722
0.04346879355502115,0.0069928411299141685,6.216184916466807,0.11413022500304405,0.24276231055902214,0.16403107998147368,0.3507818981235518,0.1282944863329083
0.039613969010077216,0.013078249593459197,3.028996252670486,0.3880310047282315,0.3001938221476795,0.041948551203515566,0.2540542979918566,0.015772323928716823
0.04171905955271588,0.009003962412837579,4.633411118335423,0.26014613264889036,0.24193149025873223,0.016637037031272246,0.16458398255702852,0.3167013575040765
0.042047901681690404,0.006343665311280109,6.6283291470188574,0.15163278362122468,0.4817404926422469,0.08049008840950156,0.0035172594701071,0.28261937585692
0.04338755402103451,0.007834377565516191,5.538098420480682,0.0758885754407328,0.2788921151231238,0.21376974475234975,0.21788333758740366,0.21356622709639003
0.04189274322308355,0.009182101324868013,4.562435301124902,0.19463534128401463,0.2141738157680261,0.19203525884466607,0.2391599064400477,0.15999567766324554
0.041831046439388134,0.00941338091342578,4.443785588207405,0.174841891282245,0.23275501394994932,0.2194870553723589,0.1657769700938268,0.20713906930161993
0.042117483019310065,0.012614606934344482,3.338786792051456,0.1590404960238867,0.04591276269168144,0.34310648177829994,0.3125008446761374,0.13943941482999433
0.03906799263533601,0.013340977138419242,2.9284206269140745,0.2998700737822562,0.3012123209759653,0.2718187474175887,0.00931937019615983,0.11777948762803
0.0426343378337094,0.008172833294581208,5.216592128702421,0.1404399128037165,0.22070496735803885,0.19493955955506928,0.20831798780681046,0.2355975724763649
0.040531011216273324,0.01217062184964128,3.3302333863464786,0.266659428917185,0.15506053627529728,0.254178028265384,0.2290921784500761,0.09500982809205749
0.041435308942556745,0.011148735786947406,3.7165926015636606,0.32406273330976754,0.04673541821902299,0.06322962395445889,0.39523725814643895,0.1707349663703115
0.040710133839334944,0.00949476550451961,4.287639733699214,0.22057323871152318,0.4554141341775249,0.17327192895138646,0.1134746951500767,0.03726600300948862
0.04234506621942874,0.009396484018055568,4.506479885248747,0.2709585514423001,0.10353124911947743,0.033599471772346505,0.42154568584236846,0.1703650418235076
0.041291430704360685,0.011234484881329639,3.675418244852692,0.2550893869461809,0.0460725654772013,0.2225939753829694,0.27818163295209974,0.19806243924154862
0.041417781298105846,0.008858145467080428,4.675671838086986,0.24647958691872665,0.2271057719285039,0.0798883404084168,0.08449498668350075,0.36203131406085187
0.0449803551064737,0.004862786937384109,9.249912793972928,0.07802468190651862,0.12558362433425563,0.09263066755515774,0.4510114783158553,0.2527495478882127
0.04077109865772317,0.010240571092122012,3.9813305616410446,0.24972309097369913,0.2634471020017989,0.17913197777085,0.1348652483887395,0.17283258086491232
0.04309500566947697,0.007276549081492034,5.922451039200642,0.1998510091413178,0.1339919953480327,0.05105019842778248,0.34142359252100724,0.2736832045618598
0.04314596939776197,0.005361991915994164,8.046630818122429,0.046887434980397935,0.6408033339105562,0.1206080027526723,0.06914632974837778,0.1225548986079958
0.04018049464176897,0.012955907444342201,3.101326156765318,0.3007282587166274,0.07132585676023794,0.2536571393652873,0.20725909806950457,0.1670296470883428
0.04165630430634322,0.012651370276376198,3.2926318174504545,0.17417928654861278,0.04427647151183329,0.33857630329738997,0.18808520892324007,0.2548827297189239
0.04380540063844235,0.009374516655971605,4.6728169831068715,0.020334005287515645,0.3048178206611435,0.2719505168435789,0.20792926833278255,0.19496838887497944
0.042689676555354654,0.00814746030398947,5.239629892329922,0.22778703444062479,0.2314185433660729,0.04627366503750495,0.4641251507686853,0.030395606387112015
0.0460410198260729,0.005444791840862118,8.455974290980949,0.0009539921278318112,0.02083185631858404,0.136798782906315,0.3834015686057423,0.4580138000415268
0.042680454362633166,0.008498485638308613,5.022124667745809,0.1477317898257667,0.14348328770989546,0.20252397963920335,0.2095611155909249,0.2966998272342097
0.041510965257612,0.010008891985416716,4.14740865603254,0.2088480001796012,0.20997959467911415,0.2152439848590422,0.22433584751125316,0.14159257277098924
0.0419956384264206,0.007789754090448867,5.3911378894376245,0.2129769287253724,0.2602333743552714,0.07121363636535018,0.12898877451967083,0.3265872860343351
0.03921340257564841,0.01449935528374585,2.704492841802949,0.3491633411959674,0.03458997174814155,0.27088138157384645,0.10739428111553662,0.23797102436650794
0.039795135407772034,0.012093618030670383,3.290589739716302,0.2719406699070407,0.25206090084010485,0.24474194524498855,0.00915105622564028,0.2221054277822256
0.04370083695846629,0.010447563710145038,4.182873459391387,0.013639625499599392,0.1906571512230987,0.30468538134809264,0.059290963129626735,0.4317268787995826
0.03692657558589343,0.01786259252820668,2.0672573439484196,0.46321345379274437,0.15986166332850898,0.28952162267719694,0.07119417940869892,0.01620908079285081
0.04116327840748301,0.010263060448351478,4.0108190548653475,0.23485855796286526,0.17314054137349724,0.1999282239346632,0.1595466355988034,0.23252604113017092
0.03850097859761756,0.016103099013943863,2.390904916145588,0.47644439984296005,0.030928378773737393,0.10075903139846808,0.21047875565805477,0.18138943432677967
0.040412985453354325,0.013229491250649778,3.0547648951632516,0.220036443389766,0.11158632952047914,0.3338646095563347,0.003137377987626823,0.3313752395457934
0.041865130359272196,0.012860041088583934,3.255442970274531,0.16274804558174213,0.0021244936077380546,0.35045366276865214,0.18483455815499852,0.29983923988686906
0.0353240680618369,0.021589137028339624,1.6361963896689204,0.6311487105747375,0.02465305370068374,0.18835845084016403,0.08542134766479223,0.0704184372196224
0.04142650979332456,0.009204195722595973,4.500828865646995,0.25402200275835174,0.21639536273972448,0.09797397385123258,0.18462348636140594,0.24698517428928524
0.04255024789916961,0.014721527982367342,2.890341814391415,0.11370251805075186,0.007286576858631061,0.4243544717218022,0.37213586167835483,0.08252057169046009
0.04139593007731723,0.011834521073919767,3.4978965197453737,0.22492325961922296,0.07369676003669964,0.27681614241014596,0.29746712705983624,0.1270967108740952
0.04079563898026194,0.011420719813990586,3.572072482706962,0.2558979415403592,0.15520820749034406,0.23148942239071127,0.20968055777155747,0.14772387080702792
0.04231936016946883,0.01237075683715583,3.4209192474272663,0.13515114753890078,0.09432984728113765,0.3444115023035602,0.29639317124036757,0.1297143316360339
0.039421820787130746,0.012524134604548752,3.147668244703533,0.37041522275685757,0.310373417712772,0.048567395200618264,0.06226451708982846,0.20837944723992372
0.04259204267431569,0.010019960535872478,4.25071960331898,0.046233524579975836,0.4354848664263068,0.28812463664739635,0.029883496648544,0.20027347569777695
0.04435349203604016,0.005062926491930989,8.760445585518235,0.08835128675212876,0.19521669865569605,0.09832486528262696,0.3310842196335198,0.2870229296760284
0.04043247097687421,0.012249138748821138,3.3008419453788496,0.339638908705174,0.07416250668295275,0.14438269735454198,0.3017586277476971,0.14005725950963424
0.042804071778898035,0.008607982017862205,4.972602369530558,0.11137275114327817,0.28968920985948615,0.2264726583661775,0.2529004284551201,0.11956495217593803
0.04095781514817278,0.010054721325319827,4.07349083311068,0.2385081335809209,0.1834055196715832,0.18329968604390517,0.0519821123902409,0.3428045483133497
0.04214767190278897,0.01126978695778222,3.739881868280073,0.1394219836117629,0.20770882784113484,0.3059709946520731,0.2761280813462766,0.07077011254875261
0.04008696084930488,0.010965186266007843,3.6558394793141593,0.3024440650908521,0.24240609658659973,0.12721104032336647,0.019978986831647262,0.3079598111675344
0.040121346575379274,0.010854026958100957,3.6964480307868137,0.2955361773598774,0.3568764577063036,0.1345257189318931,0.15128853925443653,0.06177310674748941
0.03976738629484679,0.012952497693675768,3.0702484752623236,0.281565412868608,0.24295187942721821,0.2738408505684304,0.14165178928072314,0.059990067855020285
0.03799087629492928,0.015192479251731766,2.500637036617889,0.39566687133686745,0.25685347453923973,0.24012934419183002,0.05685571664001352,0.050494593292049264
0.042463755601868436,0.009164266619111842,4.633622892781335,0.12531089492962957,0.3063970744187544,0.2391845150975499,0.25160147940666244,0.07750603614740367
0.039196712257354556,0.01425267870248629,2.7501295072705836,0.42549195334168155,0.23536902550917368,0.034403278614117974,0.22870418498383108,0.07603155755119577
0.04076176491291673,0.010233937990961504,3.9829990125909545,0.28869048151612875,0.2841572574678842,0.0972116616389332,0.2069301339749436,0.12301046540211014
0.04328418374748957,0.010602803200195198,4.082333976234954,0.061995899828119594,0.26104901322415547,0.3055479753546977,0.31142336023111705,0.05998375136191025
0.03517472893389649,0.022385245594009864,1.5713354042141492,0.6701342339603203,0.031245510397154185,0.1178856800266657,0.10596455064862843,0.07477002496723131
0.04093884819371972,0.013812043345324862,2.9639965043678216,0.17948498560695422,0.19234276062871317,0.37528085983800424,0.1773933322761153,0.07549806165021312
0.03929122180720557,0.012907522350105756,3.044056073773418,0.3821990420649935,0.35337929502307935,0.05014276760452022,0.14643282293029236,0.06784607237711442
0.04092441488938577,0.011405678884136497,3.588073564503485,0.3363216937431697,0.12482698390077171,0.0344058242482651,0.2548748708963025,0.24957062721149093
0.04187362665246426,0.010459586391189867,4.0033730863138635,0.1571175268040602,0.20954386304140712,0.27052871986732535,0.174499376354804,0.18831051393240333
0.041168372447645415,0.010212148948983124,4.03131335562284,0.23202721790001063,0.21762960976596896,0.20048746927351924,0.198792499646498,0.15106320341400312
0.04082141522102052,0.008767982379438538,4.65573645731192,0.24115488674669952,0.49516215070262043,0.07996850099619537,0.09694436856061667,0.08677009299386808
0.041381535192055695,0.009377496834072794,4.412855149329125,0.23803381040901944,0.19217041313702465,0.14624095877038587,0.15471047910680377,0.26884433857676626
0.04353427185221056,0.01105775136433556,3.9369913843985636,0.05160128874210401,0.1625241181145021,0.32236708675218945,0.2789728876492423,0.1845346187419623
0.04409859058509554,0.005372544230992578,8.208139140242745,0.06936169918940162,0.2926202049355265,0.12612029767746347,0.27140857258830803,0.24048922560930028
0.03779691647077209,0.017064918116307656,2.2148899990708086,0.45600521591142057,0.008956759881599776,0.2526818251821474,0.13731753238983047,0.14503866663500173
0.04295736314000141,0.008353764226757652,5.142276221108345,0.13463316292044694,0.194242767564526,0.20491548862091277,0.31634576808888043,0.1498628128052339
0.0416178728963367,0.011963637815306643,3.478697160414663,0.1319677220368423,0.17445978788082273,0.3321310273411988,8.281359913629163e-05,0.36135864914199994
0.04249565456372032,0.009899378392848244,4.2927598963608755,0.1195776241697476,0.2032794546176547,0.2686413597800253,0.1802067456923129,0.22829481574025942
0.04139857157116357,0.01077703455253768,3.8413694759302226,0.3002790104091016,0.009748687524698301,0.1140901468952101,0.30253563151585194,0.2733465236551381
0.04234213280527259,0.008701778455867065,4.8659171248750805,0.2257052329688687,0.08390487725984559,0.12094625825172131,0.31393719097839123,0.2555064405411733
0.04310174730879682,0.010252158269506397,4.204163277209337,0.10431552834620969,0.048294235256156295,0.28512656900639094,0.21042931413886742,0.35183435325237566
0.041829720256581784,0.009081652761406189,4.605958998382244,0.21962001032056047,0.18857310981119085,0.1570904135445266,0.2603513351768995,0.1743651311468227
0.04518386590507747,0.005395920636960832,8.373708389181678,0.04421903467088277,0.1885767526555515,0.13224272928297998,0.4926252486722061,0.14233623471837967
0.042880747075701074,0.006506795999097089,6.590147759611857,0.17255312097778291,0.25297510382477667,0.05611496603845031,0.19978237180108838,0.3185744373579018
0.04248044074521367,0.009357939457614046,4.539507969422654,0.15899482500456574,0.1313122324551425,0.2283543887731821,0.2578550208570407,0.22348353291006903
0.041543953527978475,0.009766146036531604,4.25387387947893,0.17870581803064747,0.26765569251361704,0.23044015078945992,0.13271733971439298,0.19048099895188256
0.041018974389741905,0.01213901837200557,3.37910143412732,0.24996735670268075,0.09057417217925333,0.2681407620747266,0.298848298790067,0.09246941025327235
0.0442765579448539,0.004493967936216496,9.85244188950103,0.05953664273448644,0.46429729895901534,0.0829787088199439,0.37421454425941,0.01897280522714436
0.04390199222059212,0.00711219649555263,6.172775491797047,0.12479814489438787,0.13782559645641046,0.15746976457369796,0.48703056876459216,0.09287592531091163
0.042957162642304536,0.010987121989653573,3.9097738864423937,0.0582672479951571,0.23210225470336823,0.3195647781869476,0.13063040529193634,0.2594353138225907
0.044478993706675504,0.008117503801151033,5.479393024782882,0.009971158214867803,0.26475377558024205,0.23241171337145955,0.2880631359632154,0.20480021687021524
0.04007102567557248,0.012856619664969204,3.116762159866574,0.30783786031142246,0.127491978039854,0.23955395123790638,0.23727551111473869,0.08784069929607845
0.04061660952016735,0.011112709409481614,3.654969101010807,0.244188540224488,0.20668072137261656,0.22980434428043647,0.09617916043467861,0.22314723368778033
0.04306304084896007,0.005939878971320043,7.249817893072324,0.1547984747957948,0.47396497926562686,0.011769070544965335,0.30430619402817716,0.055161281365435764
0.04126405552763995,0.011723421668841308,3.5197962415113158,0.22503629501301425,0.11387128274520872,0.2725987065906963,0.27324429564505603,0.11524942000602462
0.039576883139631355,0.012257567023999282,3.228771505972038,0.32776502954315756,0.2756270017611917,0.17261341668302596,0.13889312870078296,0.08510142331184188
0.044275504222075254,0.007591977506206511,5.831880321810704,0.025130345413831932,0.20569115440270666,0.21470870778925133,0.1765324375621952,0.3779373548320149
0.044196618190590224,0.009365030832075889,4.719324365619139,0.004643103435880908,0.2883871485773144,0.27160445310796094,0.2573364260525441,0.17802886882629976
0.04334668255501969,0.00918836559573471,4.7175618017573715,0.06640833174958455,0.30102842336703795,0.2597630248470657,0.2905421849034906,0.08225803513282134
0.04140576535288585,0.011105422628331958,3.728427700468796,0.2185737939662525,0.1640005233365151,0.2522036784325955,0.29673113143742846,0.06849087282720848
0.04138702645048731,0.011340193033824945,3.6495874741320726,0.25313843553708476,0.06342615768763883,0.22862548193835244,0.3493317236536119,0.10547820118331203
0.041085641184487355,0.012869511677940591,3.192478643530162,0.15783433043704012,0.299598341408953,0.3519183279161461,0.1534525338633895,0.03719646637447148
0.04144852940304099,0.00952699283833734,4.350641394024038,0.26714580284175843,0.1376177099009868,0.08845177052617705,0.16558822884996938,0.34119648788110823
0.04094038602245557,0.008423340267875744,4.860350492855039,0.20164650084137967,0.5191886002095976,0.13699736353902575,0.05711340937512535,0.0850541260348717
0.0417062191520512,0.009633674203614795,4.329212123075741,0.2298910469018009,0.15972519872824173,0.1728894705932194,0.2875067800041249,0.14998750377261305
0.044631171454799355,0.004186628117751555,10.660409809402584,0.04719908341704428,0.289805185970317,0.08383455261326747,0.23455693695728277,0.34460424104208837
0.03978048190018314,0.013665885086578669,2.9109334410584022,0.2648349231882398,0.17446441463017387,0.31949461855307953,0.07047258255813275,0.17073346107037413
0.04193871468704073,0.009707774220946298,4.320116406966932,0.282600686812051,0.14246617280936272,0.022006408490445918,0.3280047775676904,0.2249219543204498
0.0425758908769598,0.006023612942147713,7.068165117159637,0.15441310147361112,0.39405251573754047,0.044189620323504014,0.06094755022506252,0.3463972122402819
0.04320648938086908,0.0093013844991746,4.6451675430365444,0.051560005607077616,0.363212312132874,0.2659747006690215,0.20905677493348757,0.1101962066575392
0.04385968956614354,0.005075460638102166,8.641519005562362,0.12660629114791266,0.2909005809019767,0.020253058824707158,0.2706822437618539,0.2915578253635495
0.0398431693270125,0.015072899106536279,2.643364693507086,0.3152504546076329,0.024339129952632273,0.33163353454027583,0.32292979328102944,0.005847087618429482
0.03747439528961537,0.018696401325136343,2.0043640825805866,0.38895018108348767,0.05762473245561275,0.41880910742877103,0.030849202621958057,0.1037667764101705
0.03957063927172283,0.012901646421343784,3.0670999637890644,0.37308315945818576,0.0741803730011636,0.09997690871918706,0.006038390820398197,0.4467211680010653
0.04393458109087929,0.00938349319800723,4.682113597120704,0.01758725400168887,0.2957474908233823,0.27224672398286054,0.23902066719173928,0.17539786400032897
0.04343561264884354,0.007840600254656339,5.5398325686924546,0.08099571508760814,0.2587394363185853,0.2123451414280958,0.24948840586760337,0.19843130129810746
0.04105805059441892,0.00993749305687527,4.131630619456166,0.2593246663652008,0.30160648842641674,0.14190585925606194,0.2836888331621005,0.01347415279022015
0.043771318402739415,0.007964321501249224,5.495925597161512,0.05320124005235522,0.24184672584914496,0.22389414860128637,0.2161214220159794,0.264936463481234
0.04178889715530055,0.00790864076876285,5.283954395849692,0.19414908269630407,0.31394481225159754,0.12474377637160501,0.11404345144400628,0.25311887723648707
0.04099536394867498,0.00894450325641008,4.583302479016444,0.23683810791087453,0.3030784568234844,0.11295520649989399,0.002335309077544991,0.34479291968820197
0.04460781565688936,0.005378030666430212,8.294451709867023,0.019164803565141147,0.29467944498839543,0.1394639229222301,0.18353545607539307,0.36315637244884036
0.039053596016299486,0.017626943266113842,2.2155625865873403,0.26007037002060873,0.08948663562332884,0.4676258430868489,0.01252782100672677,0.1702893302624867
0.040875713425233315,0.011484738420119931,3.5591331669882704,0.22722721902867246,0.184866577593001,0.261920966800954,0.16104223248140886,0.16494300409596366
0.043839057520793825,0.0053721044919785195,8.16049977923049,0.13667003103733866,0.3478008244869315,0.006780053016454012,0.36832990886877004,0.14041918259050584
0.04326353874824788,0.006305871915637253,6.8608337319639,0.12165484225487638,0.24201850744186668,0.1294545841487329,0.2055943378800893,0.30127772827443466
0.040594153825713075,0.011304099446455924,3.5911002037796305,0.2606336137985794,0.158735747511312,0.22073276401474407,0.12087204182990477,0.23902583284545972
0.042849606976967644,0.011237113229928373,3.813221963701862,0.1000718473906855,0.02683255641795831,0.3179634802140729,0.1266241910190627,0.42850792495822054
0.04405987614378301,0.010419168089641533,4.2287326363019515,0.045267319387908546,0.003795290329691839,0.3018774195456165,0.22373729845558268,0.4253226722812004
0.04254848289792833,0.00918000634348638,4.634907788284739,0.26358761051052515,0.13127545384658204,0.024609524998641098,0.4731511387469855,0.10737627189726619
0.04058847323905554,0.013209425085048099,3.0726903690152345,0.25806523806300274,0.02395047807699008,0.3063454128719732,0.17994814313050356,0.23169072785753034
0.04414747736711218,0.007843428533294356,5.628594329598562,0.07839147220972459,0.05359463315155024,0.21178127768287464,0.31162948089528064,0.34460313606056997
0.04050718347501288,0.017242794111071533,2.3492238678998882,0.16535323948351224,0.13671064787275114,0.4920712303827078,0.13671045973030438,0.06915442253072433
0.04283964129199558,0.008157393076968271,5.251633810922976,0.15548048546611945,0.1314363311382899,0.18241711181257195,0.2697807963755847,0.2608852752074339
0.04097342306526847,0.012379033255109475,3.3099049191387055,0.36581096864247564,0.0820821247025119,0.02406873226626595,0.41427909080857583,0.11375908358017063
0.042184775297422886,0.010316601321382367,4.089018658692373,0.12361385242365311,0.1784433632976022,0.28050429605919297,0.06405937100348916,0.3533791172160627
0.04325039881916977,0.0058302491191230535,7.41827629239884,0.1194414286806412,0.3650409264238347,0.10602546241513984,0.269566608219234,0.13992557426115038
0.041038608911613234,0.011394041668856995,3.601760473088569,0.23837848718498808,0.1317587854083902,0.2480505810923875,0.21482833323031145,0.1669838130839227
0.0427624260516349,0.013396594290016772,3.192037104796234,0.09745868843496543,0.10130954915235756,0.3865063559103393,0.3607629339360675,0.05396247256627009
0.04366676889888484,0.006363419184165864,6.862155019983775,0.12442342167648815,0.06512749828209345,0.12276087134518678,0.1769653699474594,0.5107228387487721
0.04274829238822393,0.012303769467039292,3.474406156807702,0.03542051500328523,0.3282667137715101,0.36168787187996204,0.1048449497270496,0.16977994961819307
0.040586289542868415,0.013823114980062546,2.9361174815811864,0.24519903221380868,0.09528078951827712,0.3388857069528316,0.2686709260845269,0.051963545230555575
0.040571683129204436,0.012511067697204472,3.2428633679497993,0.36732845114319207,0.12389080896697663,0.06405716279864317,0.4025336789781284,0.04218989811305962
0.04465261892582509,0.0067070985236912595,6.65751647573092,0.03439764612348168,0.13687969966862362,0.18396267254682197,0.24996012237643805,0.3947998592846346
0.043327987399961874,0.006115915757874507,7.08446439017333,0.1617680596412236,0.24741318419634142,0.002570600608175082,0.17025484265736152,0.41799331289689834
0.04145249875700309,0.008953999911955047,4.629495104378687,0.24575971860159754,0.2349612356546443,0.09658395673131588,0.1548358379408309,0.26785925107161135
0.03804525579342105,0.014575258565991364,2.6102628383000033,0.39296900807816365,0.3172409143188087,0.20383511630720164,0.03266648871755889,0.053288472578267056
0.04601644531076058,0.0031294064158949677,14.70452833388229,0.00020694752916455532,0.25377250328560297,0.016520631297296643,0.3073403108506763,0.4221596070372596
0.04232401176382605,0.0076809444608464715,5.510261398135636,0.20716369801783213,0.19305474301863096,0.07863056466708654,0.18050122089222098,0.34064977340422936
0.04250378095959612,0.007226191218008897,5.881906481199871,0.1584865127833265,0.3117174838054975,0.13595411629999063,0.2220876967582569,0.17175419035292835
0.042288832921624823,0.007651825575069644,5.52663315528333,0.18779724335268472,0.24472783028335435,0.12023996912009248,0.20655371449605825,0.2406812427478102
0.04183131344992612,0.011127866839461514,3.759149354805756,0.3253756249603176,0.010119661416306873,7.815725195099314e-05,0.36387251103600726,0.30055404533541735
0.04107225780558768,0.011122955282895057,3.6925670166766587,0.2591345094685525,0.07910421441056627,0.21311234755567576,0.21677808830960055,0.23187084025560487
0.04043539892266452,0.013066229180994838,3.094649448019696,0.28252559218537615,0.05646527645489653,0.27799998658928143,0.2467850074673488,0.13622413730309701
0.043715431353208864,0.004568329997654434,9.569236761716894,0.09147081352116163,0.3880900093323738,0.062239317613473684,0.18512122469417427,0.27307863483881656
0.03816608696207723,0.014474860868260568,2.6367152893168786,0.41779438092171184,0.28846591807339705,0.13107312833965512,0.026079757530195986,0.13658681513503984
0.04257298827930929,0.006866250351581243,6.200325665303635,0.11917024411960916,0.3333824545427406,0.15327777818369515,0.04007052745329945,0.3540989957006555
0.042051962913133525,0.02146507383768693,1.9590877362509473,0.02432733564692424,0.004055028985219299,0.6397092522444587,0.09327131632748896,0.2386370667959087
0.039879170648341594,0.01244019182789184,3.2056716809566805,0.29746274262393296,0.2549183597545077,0.2306671053973295,0.20251604963452324,0.014435742589706651
0.039728527463160856,0.012757645917794562,3.1140954780495114,0.37855850206616576,0.21338735398098294,0.044526228180502204,0.1362012988559322,0.22732661691641676
0.04431160709498569,0.010832038941900376,4.090790970440478,0.012824930612981724,0.23638973294994428,0.31459100967418374,0.43433856180645086,0.001855764956439383
0.039937939571290854,0.013512909134848754,2.9555397118962325,0.28241127750782263,0.09870849273294442,0.2982977924919296,0.11944402727914621,0.201138409988157
0.042215725213793145,0.008201321207241988,5.147429803933971,0.23422601026363637,0.24659867697378418,0.011491276623714568,0.2009658556331727,0.30671818050569216
0.04390022532593241,0.006990965576265951,6.27956536861974,0.08341254210326157,0.21496884965154142,0.1808745486912414,0.3434463002925499,0.17729775926140554
0.03985544507245177,0.01192000257498147,3.34357688446336,0.30985238218654443,0.21418502524934793,0.1842958916644261,0.0958339509441433,0.1958327499555383
0.04461667930078371,0.00524467037913895,8.50705117298691,0.05791498838271003,0.18367564997159205,0.12550925858456177,0.29577229749773104,0.3371278055634051
0.04117375746143623,0.011352209369278075,3.6269378164274118,0.24804026203517218,0.05932395175840287,0.23632024129252038,0.2259568254573654,0.23035871945653918
0.04109723989339407,0.011782794371029961,3.48790266546947,0.22951740662607603,0.08298276097844083,0.2721046767688935,0.18583564340886893,0.22955951221772072
0.043454250290234336,0.007584473695424171,5.72936923974711,0.13094439522666595,0.10042040771435075,0.17661812774985117,0.32623014545583073,0.2657869238533014
0.036912684490299455,0.02000981837557093,1.8447286125977265,0.6022511757253735,0.008833188199602191,0.054313657390685464,0.22079393493500157,0.11380804374933726
0.04079875561867738,0.013821463416173196,2.9518405099518397,0.1573009863694224,0.27751181688545945,0.3841803918454798,0.07814753264916105,0.10285927225047728
0.04121049502620547,0.01086839451312383,3.791773934636148,0.24151982861541305,0.08547169928374848,0.2211018958178189,0.18331870658881963,0.2685878696942
0.042576931882083224,0.013108765037369574,3.2479742951153527,0.013338809664157973,0.39201927176872287,0.3858188499022131,0.008957871088347455,0.19986519757655874
0.040116637890532,0.016896386896207233,2.3742731589282595,0.19377866957278925,0.12269106738451405,0.47202163419971943,0.08428412040697497,0.12722450843600225
0.044087782525362884,0.010785661283373214,4.087629062978921,0.0030200821244385804,0.21310070790025804,0.3161487200746883,0.2284122786815546,0.2393182112190604
0.044184346177550474,0.006602919046351684,6.69163832956027,0.02949066122471221,0.317853137355527,0.18187188689491854,0.2106455957675624,0.2601387187572798
0.03906146523920993,0.01365015735584949,2.8616128166808976,0.33939667555753095,0.2603446661701954,0.23798550492418016,0.15028543756247886,0.011987715785614679
0.04148162052092029,0.01051747779642924,3.944065423651629,0.19156613242179546,0.23502146578160985,0.2504227450885118,0.21617364307777706,0.10681601363030582
0.04378354739169641,0.009988217545744721,4.383519601087334,0.08806855775976719,0.03589739056658279,0.280038695346593,0.3868034907589861,0.20919186556807098
0.039483042597931714,0.0120140603221125,3.286402892888854,0.34930500022896227,0.3593816801332526,0.0837700340674595,0.09952305385132676,0.10802023171899879
0.03940877956882566,0.014043444802194976,2.8062046117535284,0.3692786375788205,0.0061675893790234596,0.21422938406507003,0.14931114607714738,0.26101324289993866
0.044153304327711494,0.005041352429681839,8.758226079920783,0.07281762463258734,0.3174270434134798,0.10938399511479345,0.30578768588722605,0.19458365095191332
0.04165206586744087,0.009166711961018936,4.543839278965518,0.1628861719117258,0.2884222519393397,0.2173583668872863,0.05446392244131382,0.2768692868203344
0.04145736746011129,0.010760924000700622,3.852584355898442,0.19961847373819305,0.19484792906053167,0.25426933906250127,0.22510455225369724,0.12615970588507674
0.040726713461632,0.013916110238240315,2.9265874417779743,0.20353853074106162,0.16029231276050773,0.3675616443319241,0.19165107124179798,0.07695644092470855
0.04174284174401133,0.010023044293777929,4.164686947450118,0.2890491066139185,0.07723224920535346,0.06088884616491013,0.31353489076881796,0.259294907247
0.04118638559409109,0.011089521684230283,3.713991168136645,0.2598159297548434,0.11881279569737267,0.20938237143712146,0.3161217957575914,0.09586710735307093
0.04279356019873637,0.015825530983575517,2.704083688765296,0.036104099918791925,0.08946071702469587,0.4698553901559678,0.147391494329535,0.25718829857100933
0.042616967451636234,0.006627513097747281,6.430310558891526,0.16319839295972102,0.2930822777719116,0.09203844008390849,0.15917539417316415,0.2925054950112947
0.042353688719720825,0.006481278043834623,6.534774227131048,0.16848558292971005,0.5003111258025251,0.05322620847977836,0.22005793969983287,0.05791914308815345
0.04180504549874674,0.01305503767283515,3.202215615641956,0.14983800315672935,0.09368884482512993,0.36235657114441805,0.21030946814541418,0.18380711272830838
0.03910004484155209,0.011908796255332314,3.2832911071129085,0.3269380864456962,0.4472991285646884,0.1423988538893402,0.03152207231103569,0.0518418587892395
0.039800219617830916,0.011411064606563968,3.487862087375853,0.3005064543163731,0.29652406598546727,0.16664473786236927,0.05175791624612347,0.18456682558966706
0.040864706921879365,0.010872180921903514,3.7586485375304743,0.31895043957353664,0.15853307039371053,0.039375074263449855,0.15362068426364345,0.32952073150565964
0.03980959901452828,0.013742498918921861,2.896823878204202,0.305467404869678,0.059350226132695846,0.2855439463385861,0.14256747994654034,0.20707094271249976
0.04039403733563779,0.011474943229530073,3.5201949611119794,0.3385321974961826,0.21850009514071347,0.024090173826224272,0.10417361261469667,0.31470392092218297
0.03984964063697555,0.013395987654580296,2.9747445029445316,0.2799667478043651,0.1666326839714982,0.29536534371468876,0.13599531462005482,0.12203990988939314
0.04095158724108007,0.010352364143465081,3.9557715197770276,0.29248487697673536,0.14125387491444122,0.09673865067568242,0.14446997369339565,0.32505262373974525
0.03992400284360707,0.015370830504613991,2.5973874886996344,0.21141342240809247,0.216606305793731,0.413690927932807,0.07067682358494622,0.08761252028042335
0.04319414316413013,0.01572104082705765,2.7475371153408767,0.00800323006482475,0.10656828321987398,0.46683319927900124,0.143191830885109,0.27540345655119103
0.042118810576117535,0.009854025601435465,4.274274522889606,0.27786417277001246,0.012532171607683135,0.0823287835704784,0.39218736611022287,0.23508750594160316
0.038847587294138175,0.016367026969299196,2.373527419916114,0.28041403523890196,0.21925994879620278,0.4103911430815751,0.06130932936521998,0.028625543518100226
0.0368554490803167,0.01868442190643633,1.9725228462980113,0.47136872485363523,0.002365817841840318,0.32432448493109345,0.0008157102687909975,0.20112526210464013
0.03953342669140496,0.012801937938728952,3.088081420220512,0.29449823795680435,0.24764172920982153,0.253313702521189,0.0711924114031225,0.1333539189090624
0.039923749158209176,0.013916181134749142,2.868872485319864,0.3242686360394719,0.010639759968043293,0.27186449197357393,0.23614265603673898,0.15708445598217194
0.04245191576241852,0.006997466878677051,6.066754798337041,0.13089337097866252,0.31237935284529755,0.14935646575685765,0.03122423820534317,0.37614657221383924
0.04425728263397368,0.003856095095953575,11.477228007269693,0.07157854996016437,0.43783778324778905,0.007655513191887407,0.20007101502697755,0.28285713857318157
0.044937508199965476,0.004589080335270895,9.792268802658212,0.0126306859412486,0.3113245225078791,0.11051203672060157,0.2295083503328814,0.33602440449738935
0.04088561271345021,0.009779397978715097,4.180790351557215,0.252508535851823,0.1946262080564455,0.14357850863427923,0.019267787300025024,0.39001896015742743
0.040027573513375894,0.011741556190121358,3.4090518211761993,0.2841253211714449,0.3031351657504596,0.21144466415132976,0.17890071368940508,0.022394135237360526
0.04255944030859296,0.0072418617626429545,5.876864500249819,0.11844923974059278,0.29827452041138747,0.16941508180106057,0.03115020009241132,0.3827109579545479
0.04093263792982884,0.013326584978972295,3.071502413740316,0.20439602763099463,0.1855729913135367,0.3453752305654086,0.26403251809191375,0.000623232398146393
0.04093537162815443,0.011100381710101661,3.6877445025968867,0.2760439232010038,0.17484398938308351,0.18724439338042917,0.3222968450384851,0.03957084899699836
0.0404433132721941,0.012324365104106151,3.281573771189192,0.36565301312338294,0.17212528159441706,0.022394920470671462,0.26681494981412857,0.17301183499740003
0.044299090330085944,0.008734932718533556,5.071486153075143,0.0011930174064921622,0.3939098362815651,0.2486171422818445,0.346905705489697,0.009374298540401086
0.043253300183882,0.007026147428902647,6.156047908410792,0.13188659019252089,0.1544122166712374,0.1529733513624179,0.23533396100767243,0.32539388076615144
0.04428040584168461,0.010150298062725506,4.362473453296274,0.00964127046190901,0.13703793273636938,0.2964518058156427,0.21651121768627635,0.3403577732998026
0.04072938965082031,0.010280138155600822,3.96194963864665,0.30066261727712884,0.3052274030261544,0.03206512907276923,0.11600359419810784,0.24604125642583954
0.04074787135585136,0.012801833734586664,3.1829714555472624,0.17927948965415882,0.2617130899678316,0.34101252129817206,0.07097297610419152,0.1470219229756461
0.0414719665664343,0.00962934290876048,4.306832455691694,0.20959580215022558,0.20265857749845675,0.19759161757494184,0.15000680855930318,0.24014719421707276
0.043030993626205716,0.007307364808291078,5.888715666334588,0.19373358639232174,0.06295054512811923,0.07175484470473528,0.2358405864627706,0.4357204373120532
0.042075426905413715,0.008560431642252102,4.915105763795854,0.1977301205830754,0.26695345425049277,0.156326029725708,0.31212284629124054,0.06686754914948342
0.04138748436593481,0.010540054648508617,3.926685937230032,0.2354643313299816,0.08381098116323332,0.21213885959263798,0.19489125881368888,0.2736945691004583
0.04066918930457193,0.012315036187512413,3.3024011204945505,0.18192503526526213,0.3483728758753489,0.32144195868531134,0.10499587582619593,0.04326425434788177
0.04569906201472622,0.004423017468427434,10.332100730086905,0.028172837263704363,0.08614511596041242,0.09663670602762828,0.3866563501654134,0.4023889905828415
0.04293412533217233,0.009584802325902463,4.479396013848396,0.07497236223835814,0.246816464979228,0.27187537934607964,0.12280480822214379,0.28353098521419035
0.039588490886512076,0.012385002792328712,3.1964862301874684,0.2998621516734017,0.29353611361185716,0.22502328031782737,0.11272679082661118,0.06885166357030247
0.03875339315524137,0.01447115488443547,2.6779751488198635,0.4023511211133779,0.11191709216794651,0.17765040476009297,0.1070339481652481,0.20104743379333448
0.04340882973173535,0.008133410418056573,5.33710061346045,0.05000972797153111,0.36655472985045506,0.2288460623125952,0.19006158404056786,0.1645278958248508
0.0419791594717706,0.010124135746480932,4.146443758062234,0.16335335353235347,0.21973228131299813,0.2542951867714117,0.23709651811471402,0.1255226602685225
0.04068047684928215,0.011310473365186187,3.5967086023558745,0.27121447450014197,0.17190588809125146,0.20753573258990463,0.21936724990919595,0.1299766549095061
0.04240593391779052,0.007648897478806316,5.544058347662462,0.18784031710075158,0.26765826586350255,0.1190020929196273,0.28865245849925436,0.13684686561686418
0.04128941548811748,0.009037331326707828,4.568761949237799,0.2604693531277108,0.3726370062514799,0.010323277514159469,0.10692116272073277,0.24964920038591723
0.042198781995714724,0.014962255007794493,2.8203490699584743,0.06253630675386565,0.1211807486548068,0.44151000118170447,0.01521998796728631,0.3595529554423367
0.0455578755647179,0.0069314064885485065,6.572674051072439,0.016653547175174296,0.05651953270572093,0.1903137976531182,0.470380750522334,0.26613237194365236
0.04242969354009741,0.010007477091390094,4.239799217387335,0.14324558563886913,0.18871275827076076,0.260947469434968,0.28418261612045487,0.12291157053494738
0.04374633433824684,0.008429097891635649,5.189918885822544,0.07182621963753848,0.18032032031261525,0.2347619528064958,0.29728082849338244,0.21581067874996798
0.040738319282983146,0.011340224735032694,3.5923731879080525,0.2648021194338356,0.18508438132828278,0.21672598733640705,0.2430092134565466,0.09037829844492785
0.04071666373092363,0.01118550542471912,3.640127306267528,0.2831900046519733,0.10469888406107859,0.1833276669651209,0.1700685367539269,0.2587149075679003
0.04399138711247255,0.004091546882845794,10.751773931006559,0.05304561255428413,0.41287649264477067,0.06397682563610323,0.06748597829542906,0.40261509086941283
0.04402256408190176,0.006218960277325874,7.0787659220797075,0.08432752044215884,0.20066142981065627,0.15206088718038607,0.30643240890054013,0.25651775366625873
0.043438011958652684,0.005475323117330752,7.933415257477797,0.12219904043161234,0.29672694023204105,0.08236313188515838,0.22454813638350102,0.2741627510676873
0.04164779813588033,0.00988857549732507,4.211708566835168,0.19136867202290475,0.1787198292127013,0.2258808479281655,0.15137536496270265,0.25265528587352576
0.042552242611432374,0.01313913500970641,3.2385878202786795,0.07117654968434253,0.17483702987262087,0.3848543450981819,0.1514147985026036,0.21771727684225106
0.03896820401409837,0.013375586010933594,2.913382933820217,0.39130411465115206,0.2726745678749476,0.09498961737214733,0.08851966267325012,0.15251203742850283
0.042095241619968055,0.012573073558017818,3.348047032869224,0.1284375572378829,0.057932067972264786,0.3537865652636397,0.11979659333716963,0.34004721618904304
0.039248096026235454,0.014485643374458594,2.7094479003561944,0.31257464505267,0.10659273645840055,0.31154096437850687,0.06139453563321055,0.2078971184772119
0.03894505272607536,0.013277901763563152,2.9330728167418205,0.38884813068758456,0.31713095559542714,0.09011350925720173,0.10095371745704954,0.10295368700273703
0.038821994320518194,0.01461093278013969,2.657051052434383,0.39141672088527407,0.10186526174539873,0.21153076621033315,0.14523180254943907,0.14995544860955504
0.041637464163805274,0.010882512941115,3.826089101763952,0.1839089703929267,0.15544851008841698,0.2702773848978209,0.1916820586392312,0.1986830759816043
0.041455509432036776,0.011475624994895151,3.6124838037560445,0.19243517833633028,0.13545868256234034,0.286967461865555,0.19147997952288207,0.19365869771289232
0.04312275571680747,0.013107681185678188,3.2898843896145857,0.09775308378571566,0.014364821957854669,0.37698817809248913,0.39851286238652045,0.11238105377741998
0.04213462451751503,0.010124999933822595,4.161444423990975,0.14018792903889787,0.13940357606143355,0.2664158462994937,0.07290516943826399,0.38108747916191077
0.04418909452473775,0.0036738321793230192,12.028065618631638,0.036984812364026634,0.582181526035998,0.04112240463989716,0.18983053080619433,0.14988072615388412
0.04288437346886645,0.00668551026411819,6.414525110974882,0.09225058001837448,0.3534157235279134,0.16285682648734642,0.04246326374561804,0.3490136062207476
0.04432463168655361,0.005677819963814667,7.806628594960578,0.14100623169376814,0.04215507316447861,0.014050692923932486,0.26917054296622506,0.5336174592515958
0.04443391816195752,0.005307146280199506,8.37246908526651,0.008808764462082048,0.3766350087555076,0.13525533192292483,0.11377347196926434,0.3655274228902212
0.03980639688966492,0.011528461600321862,3.452880208106307,0.33198532507977196,0.24815014792947535,0.08978237292838584,0.002800220892437912,0.327281933169929
0.04125168716592606,0.01036503246162153,3.9798898188373397,0.2898687570659233,0.20426949788218854,0.1032508978301,0.36833828726144924,0.03427255996033891
0.041404962894403534,0.009024291640487174,4.58816764172842,0.25126346952876577,0.2691282517827242,0.08728207767436207,0.188955095908471,0.20337110510567685
0.04013896090340763,0.010944647502384242,3.6674512262421914,0.2412238366608031,0.367655445652571,0.22291962864933387,0.027463746688743084,0.1407373423485488
0.038918944000880126,0.015803238616817844,2.4627195060803864,0.3046701553422364,0.1615370101268857,0.3723674545585006,0.09208345921357336,0.06934192075880402
0.04271426811867462,0.009388310064203891,4.5497291660122325,0.08857126065116668,0.33586571738467824,0.26105072051109934,0.19937165042322139,0.1151406510298344
0.04164220228431201,0.008769923724198568,4.748296974283827,0.23717471940972865,0.2294768082914307,0.10312283407233791,0.19434884088714477,0.23587679733935796
0.04266881846477434,0.00902660190315547,4.727007895391777,0.13290503148698563,0.1394218806506536,0.2314970894752573,0.17320371351234876,0.3229722848747547
0.04086752810085896,0.011707052784820024,3.490846829857121,0.293429164022683,0.1157777349429085,0.19476349972467866,0.3668281081869348,0.029201493122795137
0.038785778457571064,0.021399851332445964,1.8124321452067733,0.24911610719697316,0.011718834980390136,0.5976352950831771,0.08532057345181347,0.05620918928764616
0.04042107928654416,0.012455668890252914,3.245195391969303,0.28479878584692386,0.03240741432464961,0.24774837462843954,0.13753578136536002,0.29750964383462697
0.045034425591340174,0.005133357526478269,8.772898704025387,0.08101762553803057,0.037403466953037486,0.10120263865836343,0.41300983913557465,0.3673664297149937
0.04105936156249851,0.010125600662834999,4.055005024363915,0.26585096147104886,0.19173574607133434,0.14590069470085382,0.20577239311849344,0.19074020463826957
0.03895520824384373,0.015441888077750774,2.5226972276772157,0.3343381155510586,0.007523240495716377,0.33130209469813915,0.015593388982176288,0.31124316027290955
0.04157353684374907,0.012362686966489145,3.362823709476764,0.1747425443958647,0.03168803905366597,0.32794153652600944,0.10525242051875194,0.3603754595057081
0.0402968691277628,0.011568992932154064,3.4831786452012126,0.23390531657328067,0.30526952035283283,0.25866070055040163,0.07492400115830561,0.1272404613651792
0.0402643712069186,0.01188972363106391,3.386485040049302,0.2832064362176574,0.12849230027301065,0.2221742894099892,0.09661249798320812,0.2695144761161346
0.04232721897491335,0.01365421466900045,3.0999380045642635,0.13616154202493058,0.021959604123348107,0.3851520628577849,0.3358544241408946,0.12087236685304188
0.044517011496018985,0.00434609598323617,10.242988573591266,0.05247846605582256,0.2976555544964286,0.08933914706884478,0.24511745445426902,0.3154093779246351
0.043099120431817635,0.006581198352112541,6.548825628083823,0.1773624742891717,0.18531364048717136,0.040113132957076775,0.20823822080902116,0.38897253145755906
0.042678646555674354,0.009836429318347831,4.338835280000044,0.06072025955467212,0.3714545161499952,0.28155432906538547,0.07946833777343947,0.20680255745650786
0.039953655235720024,0.013614792334678286,2.934576911169914,0.2361995502859245,0.23071592014822925,0.3379027748757202,0.06525924617207297,0.12992250851805304
0.04435650297381362,0.008822053410302538,5.027911406885541,0.0569961432141244,0.06624881676949841,0.24949753802557234,0.3793255013347108,0.24793200065609414
0.040149763604674586,0.01227426280376833,3.2710529541821587,0.3536401490798945,0.20721853665569717,0.10174358611667912,0.3132676364170588,0.024130091730670475
0.043934705027668046,0.008320903958015494,5.280039915055854,0.03708354303670849,0.3430828648253949,0.2353964279220531,0.3363262379993724,0.04811092621647124
0.04134606946988165,0.010603657621909486,3.899227129368227,0.2891816764393691,0.0883851761978701,0.12924220366614875,0.33839001206299457,0.1548009316336175
0.0392051002140924,0.01399672883749414,2.801018771548293,0.2583150643113821,0.34181097953051987,0.3354922845953689,0.003431397860586001,0.060950273702143204
0.03712236568248543,0.016574102315272947,2.2397813755667095,0.44777008397480667,0.2741422473178111,0.23406719391854802,0.031809088130367924,0.01221138665846624
0.03852107135695684,0.015169304145589752,2.539409256169227,0.3569830285341134,0.17742204723613542,0.2944548936370064,0.08237418683634438,0.08876584375640052
0.04151496012273834,0.008267585073281672,5.021413115772114,0.21512790562432235,0.33637807000081565,0.11080947363094501,0.12625324436889096,0.21143130637502613
0.04305895167471657,0.011721139833582596,3.673614706937209,0.02472714218255373,0.23411002715839865,0.3438342585316552,0.002983410070293022,0.3943451620570993
0.044258706669586104,0.008979632972689944,4.9287879364548175,0.01652012718682726,0.23339059323279007,0.25988178831907005,0.2719138561380059,0.21829363512330663
0.04043653114127609,0.011191354686691643,3.613193601071527,0.2689638783237847,0.14730637898731996,0.20336846623408275,0.04169544228194742,0.3386658341728652
0.0444936090474791,0.00903808370367465,4.922902963311698,0.012739526250646779,0.2133736048700288,0.2612537826902768,0.3355091962778836,0.17712388991116404
0.04175720981476545,0.011868092212809472,3.518443323999122,0.1537593803761462,0.2039680518198277,0.3205751677760669,0.2333443036243809,0.08835309640357822
0.037638617257445176,0.01692340240860914,2.224057334847628,0.48979940484230394,0.031832531057671316,0.15741490045903675,0.06252207477945451,0.2584310888615335
0.04073614263386305,0.012284067509940766,3.3161770399664205,0.22916492077714243,0.1910508806957479,0.2918902521063598,0.20418092069270094,0.08371302572804894
0.04163235901284233,0.009007384866716497,4.622025108162028,0.19535149806584937,0.2678469880593371,0.18316310403757663,0.16095431529975063,0.19268409453748622
0.0389327134285288,0.01710871482742159,2.2756071289544226,0.28057248678340324,0.1589863829937465,0.4373119929231116,0.10632108571205752,0.01680805158768114
0.04161029037809212,0.0089934324009301,4.626741884865758,0.20200334006779433,0.22946996811034898,0.17509944291527774,0.12775384980591212,0.2656733991006668
0.042100121520041195,0.009930967133981087,4.239277096788081,0.15753594722654746,0.17246591302734418,0.2511636827617103,0.18288829279350663,0.23594616419089146
0.0392893804645421,0.01426452992975114,2.754341058417727,0.42389889312140855,0.10415809269222828,0.06515417347717417,0.18575381704079966,0.22103502366838929
0.041770252421590985,0.009292613215662892,4.4949952669058,0.19863135162462836,0.26602390429365314,0.19180058187717358,0.2749367281698229,0.06860743403472204
0.04112906172459928,0.01610653692173851,2.553563309384565,0.12395172858222646,0.18189236494848676,0.46706558186573216,0.11067457725705972,0.1164157473464949
0.042274920102441826,0.010694627977710912,3.9529117039460018,0.17122939450652588,0.13205779351964653,0.2688521677122033,0.370195588102829,0.05766505615879519
0.04074956168767728,0.011279872866585798,3.612590511404531,0.31335290456384324,0.0506636891513451,0.12694097476573052,0.1771504244297739,0.3318920070893073
0.04109301794750736,0.011167267884175304,3.6797736361047324,0.1882564092725132,0.21817611615462995,0.277834237356025,0.06352236263564383,0.252210874581188
0.035730198223856216,0.020276020364671656,1.762189896302899,0.551571045480327,0.06591441924599087,0.28503446052827186,0.022905065738246647,0.07457500900716336
0.0431560104320782,0.010973306482700357,3.9328173782546343,0.09790029582882834,0.08386980794787154,0.3105404420072174,0.30833768412200974,0.19935177009407312
0.0414950813215253,0.008602477864021565,4.823619656735368,0.22150267175230653,0.3012294559208955,0.1236114054242586,0.15743269319942518,0.19622377370311408
0.04058506405439107,0.011358074862087633,3.573234421077893,0.3351283722536304,0.29015314371221895,0.023452688976069377,0.2595488965192466,0.09171689853883447
0.04142913434650969,0.012567381873450419,3.296560474065962,0.12924869134424516,0.27747883982807225,0.3530614939974192,0.0807369584590017,0.1594740163712618
0.0404448970566205,0.013270472849247004,3.0477359409928964,0.2594768690754958,0.055075889489728795,0.30788050310159065,0.16524100772275005,0.21232573061043483
0.04296661206579777,0.011096650061236314,3.872034517506513,0.02875877366803465,0.34142825983316966,0.3246272966193393,0.06799178698158882,0.2371938828978675
0.04110363430164929,0.011422687229799321,3.598420710883057,0.2783154335801945,0.04279999163162894,0.2026361727668619,0.2984356520272866,0.17781274999402819
0.040186190089238266,0.014207183554759946,2.8285824515707314,0.3054888060590683,0.015807724788991766,0.30397600169886235,0.32315859730354984,0.05156887014952783
0.04064039097772866,0.01350897350112852,3.0083996370511517,0.1767270306946417,0.2545675635016345,0.3663053216685912,0.06541959389905243,0.13698049023608014
0.041373226432016935,0.009987156561239913,4.1426432216539135,0.23846882237916328,0.12253371638234956,0.18079304209462657,0.16736291298932277,0.2908415061545378
0.043813129606555486,0.007650263539470817,5.72700919131815,0.05288481068062962,0.3543959995521062,0.21080156709469475,0.33784715252531605,0.04407047014725336
0.039946696611285776,0.012319420432932878,3.242579212939134,0.23492785712133635,0.30766067549840925,0.28816760161025434,0.0036395601670364108,0.16560430560296371
0.04438960866134772,0.009571186337105304,4.637837682593154,0.04496708997400378,0.059577767893701415,0.27534117831352095,0.37291564201064725,0.24719832180812665
0.04362928369529577,0.008074116962530534,5.403598176465081,0.060272368861871047,0.14364792727746026,0.2230544347961619,0.07380165541711856,0.49922361364738815
0.04140964456921483,0.015771946431204397,2.6255253116563275,0.12256983690102138,0.08163820698221834,0.45729913431892333,0.07992496832718776,0.2585678534706493
0.04154075825484962,0.010954903848246397,3.7919783532832416,0.22412370819931854,0.03488069279076299,0.2416359001808991,0.20875732903521949,0.2906023697938
0.040174008963460364,0.016671054578299104,2.4098060968353683,0.1580202314567411,0.25715567656618554,0.47565970936561885,0.025667766160598977,0.08349661645085552
0.044617517058201585,0.005929664842207166,7.524458505751541,0.1514244483864354,0.05679721826018303,0.021100741249900187,0.5272892719558829,0.24338832014759845
0.042874944395800495,0.008268347394904986,5.1854309389830835,0.2350250916756436,0.11225565328602817,0.0033853267473441966,0.33060578696891135,0.3187281413220726
0.039477832136428186,0.01504882737168313,2.6233161668604352,0.4475817937673034,0.009711580685977349,0.06305955460506035,0.32774088936805995,0.15190618157359886
0.04588336165829405,0.003452430359809232,13.29016283498022,0.029429400565751225,0.13888321513302468,0.04047874826948597,0.3865301062411056,0.4046785297906325
0.04171043721788904,0.010347202463385226,4.0310835093336825,0.19810883437983381,0.1199425839480883,0.23913699384876363,0.19646034040762939,0.24635124741568476
0.042694392868759014,0.006556654187178837,6.5116127295908734,0.16109209270073363,0.30217178277507695,0.09144932906489162,0.19050305980443635,0.2547837356548614
0.04078241659020857,0.010159413095529786,4.014249268804034,0.27715509051037823,0.29354971135938224,0.12247749295363708,0.21683889845012141,0.08997880672648098
0.042393221660745384,0.008788388273660065,4.823776594828354,0.2174600717356939,0.0616925501958244,0.14113293078666742,0.30816322316577466,0.27155122411603955
0.03795951784261506,0.016678375213495838,2.2759721709521745,0.39748166426322507,0.11755811024838958,0.3190794381968393,0.11102048047937181,0.05486030681217418
0.03982494222826284,0.013389871513483202,2.97425872893256,0.39791005213647507,0.21571215346174338,0.039236867888174036,0.31457921188225807,0.0325617146313496
0.04289825250918138,0.007339662559661476,5.84471726874048,0.1937878784733074,0.11264869116004769,0.08053038436182576,0.26099039594591666,0.3520426500589025
0.042731385416933054,0.008822421109311378,4.8434987275582895,0.12213171201032454,0.2057637956678442,0.2299761833919249,0.20234911198203137,0.23977919694787503
0.04005233177138079,0.011035895766093592,3.629277823956671,0.31433831985977,0.28168117532112297,0.09901192508474865,0.05898506624929462,0.24598351348506375
0.0416081135047618,0.009260442318151594,4.493102173230412,0.21965733506485408,0.21383667645219115,0.16720465458114037,0.21558884690619812,0.18371248699561626
0.03599953015829378,0.020328693595121166,1.770872780872332,0.5123586390330276,0.03586578804031704,0.35458402086293833,0.026062877138496532,0.0711286749252205
0.04118997704755248,0.013254642330083447,3.107588724145766,0.20399783979148772,0.017903025960529183,0.34435006103675586,0.16981107629954129,0.26393799691168596
0.04380805782777915,0.006637465648739137,6.600118199647631,0.05513269686534073,0.3161822409213151,0.17833543651607991,0.2084426764003044,0.24190694929695986
0.041851876879771044,0.010383659953670903,4.030551565296134,0.18238289238553299,0.19025009946558713,0.25150723763215993,0.27243388999382256,0.10342588052289739
0.03882578986676734,0.014322281938640827,2.7108661896968544,0.41567133810676815,0.15954104291510632,0.12276778447400093,0.14039672389264632,0.1616231106114781
0.043067496161324666,0.008031210313534865,5.362516293309333,0.1142736974287471,0.3042257536866287,0.2023313319994297,0.348897877222575,0.030271339662619582
0.04087252073769891,0.011381236097710993,3.59121982768807,0.27503580879380335,0.043014614147300026,0.2055444287766128,0.17144826645112657,0.3049568818311573
0.0393523887877059,0.01388164621974939,2.834850288269077,0.40540824030079203,0.1294866189837349,0.10535130363358099,0.22814966743157275,0.13160416965031937
0.04175297273401299,0.010543262461763982,3.9601568191471674,0.2001444357357548,0.1531342413260776,0.2446186462175966,0.29025889879481254,0.11184377792575834
0.041281678904697916,0.009937868718793524,4.153977082292307,0.28899725249724373,0.24627351935693353,0.04725483697721435,0.26489238331010595,0.1525820078585025
0.041856796267525656,0.009772697952331494,4.283033863493119,0.18260744901616308,0.18092102641934252,0.22813429988946926,0.19599832763318295,0.21233889704184214
0.04337227553887669,0.00713795266111714,6.076290723408723,0.0894349917010022,0.2712038286650783,0.18437920907335112,0.21562022899216524,0.23936174156840323
0.044135330858396125,0.009711155201737535,4.544807485982652,0.04161891984353765,0.11310949324554395,0.2810619432682681,0.30999270150458,0.25421694213807017
0.042010343799607205,0.009420578789186963,4.459422795532172,0.18978157123551825,0.09881296953422333,0.2065907045507092,0.15633187770992238,0.3484828769696268
0.042511169555671344,0.008515811818503648,4.992027825615007,0.18879650080623678,0.1304870812079572,0.16590352515500156,0.31070889739531776,0.20410399543548666
0.042998571038204356,0.007953453519202567,5.406276774534479,0.10215823092711718,0.22310758424211938,0.20775153434741192,0.13848560875383875,0.3284970417295128
0.04293889683975405,0.007901623683018746,5.4341865118220385,0.12001093472352846,0.22032851543302737,0.197290353423158,0.20883842914603767,0.25353176727424853
0.04216822132239202,0.009023687962650141,4.673058454251754,0.2444534228530289,0.05115899440614958,0.10314991952566623,0.27648668074725086,0.3247509824679044
0.043269233684811684,0.014481625050514106,2.9878714256087995,0.020493483293970893,0.033668107077864246,0.4285426461182535,0.06789137648373236,0.449404387026179
0.04100000818730497,0.012317574584969368,3.3285780333196113,0.3626872158182575,0.0528577427294978,0.044896803258022144,0.427968643813798,0.11158959438042454
0.042356116502241865,0.00943488415202427,4.489309653383957,0.18752458171750627,0.08224001997436746,0.20911099929046328,0.2924365932128715,0.22868780580479153
0.04354408037884035,0.010014647722547773,4.348039150773296,0.02057368966859125,0.2626795040055304,0.2917315700849826,0.08866386452763379,0.33635137171326196
0.039693480086890616,0.01655219636921705,2.398079336510928,0.27677971522333816,0.00421517449169259,0.4196796060710951,0.19672786171265694,0.10259764250121714
0.0442240639775004,0.0062508519478561364,7.074885846987304,0.046354084817417665,0.20135458816449076,0.16550729938643333,0.16022861951289746,0.42655540811876075
0.041310242214810264,0.011658086608699738,3.5434839010359456,0.23705277997802934,0.04883039649190524,0.25986288462885265,0.2655175777826453,0.18873636111856745
0.036377664920079836,0.019591796562007262,1.8567804542552269,0.5902393876441574,0.16803190907209203,0.03464949090596067,0.017074837363238317,0.19000437501455172
0.04280042471120032,0.008982333365385507,4.764956161183781,0.17534292355998987,0.027549241809774118,0.1992472411949943,0.31724357728724106,0.2806170161480006
0.04088061724099937,0.011124167135903178,3.674937345112106,0.22714641710592567,0.22351971759644423,0.2466809094703428,0.1669330218876291,0.1357199339396582
0.04136258156340274,0.013631373454345735,3.0343663976293,0.19659201193583825,0.063863764264613,0.36039355119239574,0.30292389962508537,0.07622677298206762
0.04251155102078601,0.006882278698516287,6.17695866195463,0.14133567933906674,0.41473128701912876,0.13466286114182915,0.22428657950929787,0.08498359299067755
0.044184986267718586,0.00404091607983028,10.934398387598877,0.07519538553413255,0.33485335528486426,0.029518353068062032,0.12618827380933081,0.4342446323036103
0.04069737168252521,0.011579221054441766,3.5146899339065456,0.20796092195307025,0.2649097769185314,0.28001929060975783,0.08571083827618073,0.1613991722424599
0.04173235495196053,0.00987003294176016,4.228188010942772,0.2533362450861689,0.1458433936768539,0.1479301182998267,0.3843094001943261,0.06858084274282446
0.04336798952589102,0.00899756156443422,4.819971412845573,0.0721209549456794,0.32015911018581406,0.25093173141687564,0.3417327293754949,0.01505547407613611
0.0417455132717065,0.00892262667005964,4.678612567281992,0.21235928122116282,0.25603337601096854,0.15789980672965503,0.25330722380156073,0.12040031223665289
0.04465502686993185,0.007588037066616247,5.884924714771455,0.03752774253894054,0.17951870110480525,0.21224396916407756,0.41155503423186957,0.15915455296030717
0.043088084705922874,0.006018107717973053,7.159739693133191,0.1300369099251129,0.3664701386276514,0.10356952739480145,0.2651270817664131,0.13479634228602122
0.04068943991761835,0.011656447414283766,3.4907239291242087,0.2803519373008525,0.055874072537451705,0.21331256926456246,0.1620795460349582,0.2883818748621752
0.04081130297907176,0.01054145713629383,3.871504902160065,0.30921921175734535,0.24689413161461923,0.032181878054421235,0.1458930822423801,0.2658116963312342
0.04032974286194036,0.012015962558142659,3.356347247820839,0.2260242054210531,0.3111567076596754,0.2829770410214852,0.1107885593104237,0.06905348658736268
0.04191656714877561,0.008637612628460918,4.852795436861871,0.1411102992300126,0.30445132308453854,0.21044891530063578,0.01918203880834185,0.3248074235764713
0.04387460583102935,0.010202304994218626,4.300460126990118,0.028681194476450848,0.26264335867242444,0.2966397666914685,0.32278349915104826,0.089252181008608
0.04155036460071264,0.009778439737035452,4.249181435699019,0.2134327177065514,0.2424260547855585,0.19919332344891252,0.27145260731974724,0.07349529673923026
0.0428634798346578,0.012162877374842151,3.5241233232620726,0.07841128142817202,0.03282961844612356,0.35198938606102087,0.07908312938622142,0.4576865846784621
0.041997817593231276,0.008325721995130693,5.044345417465746,0.19841301754852628,0.26665138631547036,0.14414599342868423,0.2436748878854164,0.14711471482190275
0.04297432846769096,0.006621436544211227,6.490182029345452,0.17096516869133085,0.24547961381954797,0.0755729360570102,0.2806801717654104,0.22730210966670059
0.03912709302701871,0.013997948433187636,2.7952019693294883,0.41596849826885496,0.1327032582043981,0.05021853556930618,0.040595256991018985,0.3605144509664217
0.0423946633496058,0.011519968744976926,3.680102289174285,0.052366433110345986,0.34882174138129624,0.3355055915883012,0.010185722829574218,0.2531205110904823
0.0443247980023396,0.005257645187279805,8.430541891563495,0.10161480076225869,0.13283809836978122,0.09364154184846782,0.3236379313412711,0.3482676276782211
0.043964301149237696,0.011228334627260635,3.9154783508588413,0.029520202305004697,0.19730872697162521,0.32785047026328695,0.38127966288255666,0.06404093757752632
0.041824002878670205,0.008475387016543165,4.934760241276729,0.22430392755779024,0.2523954746394334,0.10886885668465522,0.2316559516352667,0.18277578948285444
0.04131647928697671,0.009400464872365615,4.395152776798736,0.2186617586887475,0.3026563242703594,0.17479443131872877,0.20239265115305163,0.10149483456911286
0.040112542555008415,0.012616212582629913,3.179444091663106,0.35975432520748757,0.08034897444071396,0.12283108202183479,0.2424281574118648,0.1946374609180989
0.042501734437296115,0.013232093498939482,3.212018902428593,0.1059792453745228,0.08488331456809456,0.3808242190196889,0.26137079341259084,0.16694242762510286
0.04058019962400643,0.010856744099656356,3.737787245560195,0.3185941899985628,0.3108269251051145,0.04176967206552831,0.21368891234366058,0.11512030048713379
0.04168142767887355,0.009036248405875831,4.612691662147109,0.2609399505912378,0.3464173348235175,0.0041047096054067,0.24778409659965828,0.14075390838017976
0.04054042501014365,0.014551792555301991,2.78594027890898,0.24096318898324492,0.04956436903073556,0.3689127156116704,0.2453209923335944,0.09523873404075484
0.03862411285166181,0.016404981360782278,2.354413699243606,0.3963979210585757,0.019458455488420408,0.30531196782224534,0.2584139429773378,0.02041771265342075
0.04233191347101443,0.013970956237593169,3.0299939926164363,0.13466280154626553,0.04160080172541224,0.39496641732236515,0.3806127868771365,0.04815719252882044
0.04403665521040839,0.004457316675499628,9.879633514141611,0.05013463883250699,0.4041183827356859,0.09220468458059758,0.1394041809664379,0.31413811288477167
0.045342032749151905,0.003206274593777874,14.141656125505618,0.027091198285181924,0.42278965726170376,0.01026529138245759,0.3788383943442665,0.16101545872639017
0.0422442638787678,0.015815893922908986,2.671000708823539,0.07183650755623446,0.18073616897036215,0.4657796287588787,0.2532653715076635,0.028382323206861376
0.03858336436033037,0.01566892243774304,2.4624133863469386,0.46806741367360905,0.07136855835834459,0.02718677660127269,0.022582519288746026,0.4107947320780276
0.04277447305733815,0.014770501920448004,2.895939033603318,0.0704136240149879,0.08236112514220081,0.43444599918987387,0.2814402022235594,0.131339049429378
0.040864393944864755,0.01114110395509659,3.6678945021575715,0.25709730411011855,0.1065699130507699,0.21668209847074402,0.14669594134432293,0.27295474302404454
0.040727225888027505,0.010996124996895883,3.7037798223942042,0.32083241478482877,0.14735270312709228,0.0608479659773473,0.15041092940109677,0.320555986709635
0.04188601836164779,0.009658793195706169,4.336568504258719,0.18133179838685268,0.1809791335139482,0.22452683581295263,0.190017563954626,0.22314466833162033
0.03835319911391381,0.016373643287108323,2.3423741705739336,0.3586800185903434,0.13124390017952287,0.34803846320234927,0.11320993132304612,0.048827686704738464
0.04086081833305473,0.014729835907695351,2.774017211672242,0.17325335524109145,0.20858602856353606,0.40759118689353596,0.208759184672223,0.001810244629613661
0.03825266423044664,0.014883694464446052,2.5701054480676175,0.4379878362110168,0.2815358693484599,0.1006710825893215,0.12050816243878806,0.05929704941241378
0.03982794370023521,0.013678782240022095,2.911658581982871,0.2886204528145588,0.07329231179070185,0.2994771121609205,0.08414972978469715,0.2544603934491216
0.044783708270096194,0.006235608669012274,7.181930529516372,0.0047733647286860624,0.22070488850182682,0.16861556920667403,0.1528010496551352,0.4531051279076778
0.04034085286626868,0.01236281642540386,3.2630795021249255,0.2588777396890456,0.09185499692873968,0.2702169730801921,0.04653075299962273,0.33251953730239986
0.04186877305426377,0.00874864932824032,4.785741373712729,0.2158287640652308,0.09651001430204818,0.13809664688766626,0.07853345259444615,0.47103112215060855
0.0400077498595586,0.018346136798149268,2.1807179516722304,0.19495407235193332,0.09104264048890538,0.5180831177414355,0.1359156665386151,0.060004502879110695
0.03998114748393282,0.015160417325764243,2.637206260541865,0.28838103722211017,0.003195205520157502,0.3591504214428104,0.24278276986335337,0.10649056595156857
0.042283200657918234,0.009178016030308262,4.607008804330675,0.18130127390789122,0.10045775312947303,0.20398848899611327,0.2188369373863492,0.2954155465801732
0.04293566892368759,0.0069738775933147245,6.156642176347694,0.1918986641802444,0.32387646351993904,0.02850917422825796,0.37933758829484543,0.07637810977671308
0.040929651045282636,0.010536334802575171,3.884619444256752,0.3082383874391454,0.1822479478863631,0.038583311899641835,0.13256982787042604,0.33836052490442364
0.04036971817830041,0.011077225814496494,3.644388843772558,0.30267512724707113,0.26191849251825533,0.1377356873192366,0.2135010841103063,0.08416960880513069
0.04108331053068788,0.012312590341836852,3.336691093432324,0.22905120836235712,0.0922579228792404,0.2931032106608847,0.2490820180598526,0.13650564003766505
0.0391409187429293,0.013648267019208888,2.867830669479243,0.40037927782158217,0.19739400298280166,0.09449874583839003,0.1427829557426291,0.16494501761459704
0.04328123686539039,0.008579577405803807,5.044681668832784,0.07334898738338771,0.21956344892399754,0.2394061509479754,0.1479622206973138,0.3197191920473256
0.04031782356273991,0.012938507443040452,3.1161108605634906,0.34707033373047613,0.03390778685096977,0.1793547332177865,0.35386983482537643,0.08579731137539112
0.04316915146338358,0.007786373694083235,5.544192092422594,0.09923281582369745,0.24833311178970555,0.2035191954959628,0.21827383995133695,0.23064103693929724
0.041558626415315186,0.014200477918862253,2.9265653348267646,0.08809455189515622,0.359877255564619,0.41315695692444276,0.11655634028128004,0.02231489533450196
0.04363434466331884,0.00873300739856569,4.996485479960243,0.06318560739582967,0.26265468794175395,0.24596437074160452,0.3159092879094485,0.11228604601136342
0.041206565948368246,0.012878990814435427,3.199518234160229,0.2153972355179363,0.009282316945931235,0.32395094200558117,0.19209861731945407,0.2592708882110971
0.04377754001356482,0.007530557942713473,5.813319590206955,0.2034233166564252,0.058740286539977496,0.045027319366444225,0.583902763049841,0.10890631438731216
0.037791568881084245,0.01661454904298367,2.2746069594373752,0.424187848769564,0.13655609063451654,0.2786413957162568,0.1348320223785005,0.02578264250116226
0.04137846514266759,0.010253143808490642,4.035685631211183,0.23997520425808516,0.1624621469774441,0.19254963748198534,0.26620843800036026,0.13880457328212506
0.04027204367675407,0.011012565241138176,3.6569176022962524,0.32195975488176953,0.3756198177204754,0.05113442210359761,0.19992181404823425,0.05136419124592309
0.043853546080498046,0.012589301285466354,3.483397933380506,0.004324882002820172,0.03195522674569821,0.3693988183094361,0.05258610202306583,0.5417349709189796
0.03569195439474164,0.02124151272862124,1.680292493794455,0.5198274128538948,0.00603596640532089,0.3923772335528931,0.00701727133547639,0.07474211585241468
0.041541888287906066,0.010414477482125675,3.988859581213195,0.30500174528581453,0.1410503151449418,0.008398148328351196,0.26243116830078184,0.2831186229401107
0.04198387876914477,0.009791931397793432,4.287599357426631,0.16802813557239854,0.21630510086448712,0.23903402370192595,0.22510805105080958,0.15152468881037887
0.03814052463318731,0.014544224437640226,2.622382843218524,0.42008660559778577,0.26603553266458985,0.13091855871483526,0.002051846282620441,0.18090745674016867
0.04473681867359153,0.009939112874684488,4.501087696421968,0.04962260634735125,0.03802040666694061,0.2819390933390098,0.567018264679429,0.06339962896726932
0.043547333990363105,0.006190245872859819,7.0348310688739675,0.09753113971644085,0.29573869956517945,0.14316311737299411,0.2703451789206255,0.19322186442476014
0.0401192279426541,0.013098458121988519,3.0628969890208326,0.342000099242068,0.09125383171896782,0.19949379476608656,0.3520937195029924,0.015158554769885292
0.04332641187470686,0.00959714272500775,4.514511570387412,0.07600747891554481,0.15598696160327183,0.27226242705951936,0.20566705099333243,0.2900760814283317
0.04065184954718154,0.013882144067009288,2.928355256288549,0.2638421368774563,0.011272494678025336,0.3273107070036042,0.2991801379270968,0.09839452351381729
0.040878850246990936,0.013736005700566581,2.9760362028172986,0.19551571323008307,0.12434480672799787,0.36584865091363705,0.15447529125685042,0.15981553787143146
0.04117914220136082,0.010178281575253599,4.045785322099896,0.2969488162887436,0.19560586288808385,0.04489492150805534,0.20385185445464085,0.2586985448604764
0.04302077251404692,0.008117527317750915,5.299738557081503,0.11256758859263098,0.17559655113989914,0.20886158669510926,0.1700692053352344,0.3329050682371262
0.039507530606362584,0.01466136752686704,2.6946688659134157,0.23857509147163175,0.3028708304776845,0.37358592078049147,0.06429716977233238,0.02067098749786005
0.03766020047742924,0.01515201944941173,2.4854905052865,0.4262639446688742,0.3208005416331947,0.17229565626532348,0.007740646527615488,0.07289921090499232
0.04373944517102625,0.010762777277386266,4.063955245355439,0.005533799418549136,0.22506787545079376,0.3149900937147366,0.0911627128058414,0.36324551861007914
